ISO-10303-21;
HEADER;
FILE_DESCRIPTION(('Open CASCADE Model'),'2;1');
FILE_NAME('Open CASCADE Shape Model','2026-09-25T20:31:03',('Author'),(
    'Open CASCADE'),'Open CASCADE STEP processor 8.0','build123d',
  'Unknown');
FILE_SCHEMA(('AUTOMOTIVE_DESIGN { 1 0 10303 214 1 1 1 1 }'));
ENDSEC;
DATA;
#1 = APPLICATION_PROTOCOL_DEFINITION('international standard',
  'automotive_design',2000,#2);
#2 = APPLICATION_CONTEXT(
  'core data for automotive mechanical design processes');
#3 = SHAPE_DEFINITION_REPRESENTATION(#4,#10);
#4 = PRODUCT_DEFINITION_SHAPE('','',#5);
#5 = PRODUCT_DEFINITION('design','',#6,#9);
#6 = PRODUCT_DEFINITION_FORMATION('','',#7);
#7 = PRODUCT('COMPOUND','COMPOUND','',(#8));
#8 = PRODUCT_CONTEXT('',#2,'mechanical');
#9 = PRODUCT_DEFINITION_CONTEXT('part definition',#2,'design');
#10 = SHAPE_REPRESENTATION('',(#11,#15,#19,#23,#27,#31,#35,#39,#43,#47,
    #51,#55,#59,#63),#67);
#11 = AXIS2_PLACEMENT_3D('',#12,#13,#14);
#12 = CARTESIAN_POINT('',(0.,0.,0.));
#13 = DIRECTION('',(0.,0.,1.));
#14 = DIRECTION('',(1.,0.,-0.));
#15 = AXIS2_PLACEMENT_3D('',#16,#17,#18);
#16 = CARTESIAN_POINT('',(0.,0.,0.));
#17 = DIRECTION('',(0.,0.,1.));
#18 = DIRECTION('',(1.,0.,-0.));
#19 = AXIS2_PLACEMENT_3D('',#20,#21,#22);
#20 = CARTESIAN_POINT('',(0.,0.,0.));
#21 = DIRECTION('',(0.,0.,1.));
#22 = DIRECTION('',(1.,0.,-0.));
#23 = AXIS2_PLACEMENT_3D('',#24,#25,#26);
#24 = CARTESIAN_POINT('',(1.722E+03,-40.,2.3452E+03));
#25 = DIRECTION('',(0.,0.,1.));
#26 = DIRECTION('',(1.,0.,-0.));
#27 = AXIS2_PLACEMENT_3D('',#28,#29,#30);
#28 = CARTESIAN_POINT('',(0.,0.,0.));
#29 = DIRECTION('',(0.,0.,1.));
#30 = DIRECTION('',(1.,0.,-0.));
#31 = AXIS2_PLACEMENT_3D('',#32,#33,#34);
#32 = CARTESIAN_POINT('',(0.,0.,0.));
#33 = DIRECTION('',(0.,0.,1.));
#34 = DIRECTION('',(1.,0.,-0.));
#35 = AXIS2_PLACEMENT_3D('',#36,#37,#38);
#36 = CARTESIAN_POINT('',(0.,0.,0.));
#37 = DIRECTION('',(0.,0.,1.));
#38 = DIRECTION('',(1.,0.,-0.));
#39 = AXIS2_PLACEMENT_3D('',#40,#41,#42);
#40 = CARTESIAN_POINT('',(0.,0.,0.));
#41 = DIRECTION('',(0.,0.,1.));
#42 = DIRECTION('',(1.,0.,-0.));
#43 = AXIS2_PLACEMENT_3D('',#44,#45,#46);
#44 = CARTESIAN_POINT('',(3.45E+03,-110.,20.));
#45 = DIRECTION('',(0.,0.,1.));
#46 = DIRECTION('',(1.,0.,-0.));
#47 = AXIS2_PLACEMENT_3D('',#48,#49,#50);
#48 = CARTESIAN_POINT('',(0.,0.,0.));
#49 = DIRECTION('',(0.,0.,1.));
#50 = DIRECTION('',(1.,0.,-0.));
#51 = AXIS2_PLACEMENT_3D('',#52,#53,#54);
#52 = CARTESIAN_POINT('',(0.,0.,0.));
#53 = DIRECTION('',(0.,0.,1.));
#54 = DIRECTION('',(1.,0.,-0.));
#55 = AXIS2_PLACEMENT_3D('',#56,#57,#58);
#56 = CARTESIAN_POINT('',(0.,0.,0.));
#57 = DIRECTION('',(0.,0.,1.));
#58 = DIRECTION('',(1.,0.,-0.));
#59 = AXIS2_PLACEMENT_3D('',#60,#61,#62);
#60 = CARTESIAN_POINT('',(0.,0.,0.));
#61 = DIRECTION('',(0.,0.,1.));
#62 = DIRECTION('',(1.,0.,-0.));
#63 = AXIS2_PLACEMENT_3D('',#64,#65,#66);
#64 = CARTESIAN_POINT('',(0.,0.,0.));
#65 = DIRECTION('',(0.,0.,1.));
#66 = DIRECTION('',(1.,0.,-0.));
#67 = ( GEOMETRIC_REPRESENTATION_CONTEXT(3) 
GLOBAL_UNCERTAINTY_ASSIGNED_CONTEXT((#71)) GLOBAL_UNIT_ASSIGNED_CONTEXT(
(#68,#69,#70)) REPRESENTATION_CONTEXT('Context #1',
  '3D Context with UNIT and UNCERTAINTY') );
#68 = ( LENGTH_UNIT() NAMED_UNIT(*) SI_UNIT(.MILLI.,.METRE.) );
#69 = ( NAMED_UNIT(*) PLANE_ANGLE_UNIT() SI_UNIT($,.RADIAN.) );
#70 = ( NAMED_UNIT(*) SI_UNIT($,.STERADIAN.) SOLID_ANGLE_UNIT() );
#71 = UNCERTAINTY_MEASURE_WITH_UNIT(LENGTH_MEASURE(2.E-07),#68,
  'distance_accuracy_value','confusion accuracy');
#72 = PRODUCT_RELATED_PRODUCT_CATEGORY('part',$,(#7));
#73 = SHAPE_DEFINITION_REPRESENTATION(#74,#80);
#74 = PRODUCT_DEFINITION_SHAPE('','',#75);
#75 = PRODUCT_DEFINITION('design','',#76,#79);
#76 = PRODUCT_DEFINITION_FORMATION('','',#77);
#77 = PRODUCT('COMPOUND','COMPOUND','',(#78));
#78 = PRODUCT_CONTEXT('',#2,'mechanical');
#79 = PRODUCT_DEFINITION_CONTEXT('part definition',#2,'design');
#80 = ADVANCED_BREP_SHAPE_REPRESENTATION('',(#11,#81),#1605);
#81 = MANIFOLD_SOLID_BREP('',#82);
#82 = CLOSED_SHELL('',(#83,#201,#532,#581,#876,#903,#928,#983,#1010,
    #1065,#1115,#1142,#1146,#1171,#1290,#1317,#1344,#1369,#1396,#1403,
    #1477,#1522,#1571,#1598));
#83 = ADVANCED_FACE('',(#84),#98,.F.);
#84 = FACE_BOUND('',#85,.F.);
#85 = EDGE_LOOP('',(#86,#121,#149,#177));
#86 = ORIENTED_EDGE('',*,*,#87,.F.);
#87 = EDGE_CURVE('',#88,#90,#92,.T.);
#88 = VERTEX_POINT('',#89);
#89 = CARTESIAN_POINT('',(1.645E+03,-80.,2.415E+03));
#90 = VERTEX_POINT('',#91);
#91 = CARTESIAN_POINT('',(1.645E+03,-5.5,2.415E+03));
#92 = SURFACE_CURVE('',#93,(#97,#109),.PCURVE_S1.);
#93 = LINE('',#94,#95);
#94 = CARTESIAN_POINT('',(1.645E+03,-80.,2.415E+03));
#95 = VECTOR('',#96,1.);
#96 = DIRECTION('',(-0.,1.,0.));
#97 = PCURVE('',#98,#103);
#98 = PLANE('',#99);
#99 = AXIS2_PLACEMENT_3D('',#100,#101,#102);
#100 = CARTESIAN_POINT('',(1.645E+03,-80.,2.325E+03));
#101 = DIRECTION('',(1.,0.,-0.));
#102 = DIRECTION('',(0.,0.,1.));
#103 = DEFINITIONAL_REPRESENTATION('',(#104),#108);
#104 = LINE('',#105,#106);
#105 = CARTESIAN_POINT('',(90.,0.));
#106 = VECTOR('',#107,1.);
#107 = DIRECTION('',(0.,-1.));
#108 = ( GEOMETRIC_REPRESENTATION_CONTEXT(2) 
PARAMETRIC_REPRESENTATION_CONTEXT() REPRESENTATION_CONTEXT('2D SPACE',''
  ) );
#109 = PCURVE('',#110,#115);
#110 = PLANE('',#111);
#111 = AXIS2_PLACEMENT_3D('',#112,#113,#114);
#112 = CARTESIAN_POINT('',(1.645E+03,-80.,2.415E+03));
#113 = DIRECTION('',(0.,0.,1.));
#114 = DIRECTION('',(1.,0.,-0.));
#115 = DEFINITIONAL_REPRESENTATION('',(#116),#120);
#116 = LINE('',#117,#118);
#117 = CARTESIAN_POINT('',(0.,0.));
#118 = VECTOR('',#119,1.);
#119 = DIRECTION('',(0.,1.));
#120 = ( GEOMETRIC_REPRESENTATION_CONTEXT(2) 
PARAMETRIC_REPRESENTATION_CONTEXT() REPRESENTATION_CONTEXT('2D SPACE',''
  ) );
#121 = ORIENTED_EDGE('',*,*,#122,.F.);
#122 = EDGE_CURVE('',#123,#88,#125,.T.);
#123 = VERTEX_POINT('',#124);
#124 = CARTESIAN_POINT('',(1.645E+03,-80.,2.325E+03));
#125 = SURFACE_CURVE('',#126,(#130,#137),.PCURVE_S1.);
#126 = LINE('',#127,#128);
#127 = CARTESIAN_POINT('',(1.645E+03,-80.,2.325E+03));
#128 = VECTOR('',#129,1.);
#129 = DIRECTION('',(0.,0.,1.));
#130 = PCURVE('',#98,#131);
#131 = DEFINITIONAL_REPRESENTATION('',(#132),#136);
#132 = LINE('',#133,#134);
#133 = CARTESIAN_POINT('',(0.,0.));
#134 = VECTOR('',#135,1.);
#135 = DIRECTION('',(1.,0.));
#136 = ( GEOMETRIC_REPRESENTATION_CONTEXT(2) 
PARAMETRIC_REPRESENTATION_CONTEXT() REPRESENTATION_CONTEXT('2D SPACE',''
  ) );
#137 = PCURVE('',#138,#143);
#138 = PLANE('',#139);
#139 = AXIS2_PLACEMENT_3D('',#140,#141,#142);
#140 = CARTESIAN_POINT('',(1.645E+03,-80.,2.325E+03));
#141 = DIRECTION('',(-0.,1.,0.));
#142 = DIRECTION('',(0.,0.,1.));
#143 = DEFINITIONAL_REPRESENTATION('',(#144),#148);
#144 = LINE('',#145,#146);
#145 = CARTESIAN_POINT('',(0.,0.));
#146 = VECTOR('',#147,1.);
#147 = DIRECTION('',(1.,0.));
#148 = ( GEOMETRIC_REPRESENTATION_CONTEXT(2) 
PARAMETRIC_REPRESENTATION_CONTEXT() REPRESENTATION_CONTEXT('2D SPACE',''
  ) );
#149 = ORIENTED_EDGE('',*,*,#150,.T.);
#150 = EDGE_CURVE('',#123,#151,#153,.T.);
#151 = VERTEX_POINT('',#152);
#152 = CARTESIAN_POINT('',(1.645E+03,-5.5,2.325E+03));
#153 = SURFACE_CURVE('',#154,(#158,#165),.PCURVE_S1.);
#154 = LINE('',#155,#156);
#155 = CARTESIAN_POINT('',(1.645E+03,-80.,2.325E+03));
#156 = VECTOR('',#157,1.);
#157 = DIRECTION('',(-0.,1.,0.));
#158 = PCURVE('',#98,#159);
#159 = DEFINITIONAL_REPRESENTATION('',(#160),#164);
#160 = LINE('',#161,#162);
#161 = CARTESIAN_POINT('',(0.,0.));
#162 = VECTOR('',#163,1.);
#163 = DIRECTION('',(0.,-1.));
#164 = ( GEOMETRIC_REPRESENTATION_CONTEXT(2) 
PARAMETRIC_REPRESENTATION_CONTEXT() REPRESENTATION_CONTEXT('2D SPACE',''
  ) );
#165 = PCURVE('',#166,#171);
#166 = PLANE('',#167);
#167 = AXIS2_PLACEMENT_3D('',#168,#169,#170);
#168 = CARTESIAN_POINT('',(1.645E+03,-80.,2.325E+03));
#169 = DIRECTION('',(0.,0.,1.));
#170 = DIRECTION('',(1.,0.,-0.));
#171 = DEFINITIONAL_REPRESENTATION('',(#172),#176);
#172 = LINE('',#173,#174);
#173 = CARTESIAN_POINT('',(0.,0.));
#174 = VECTOR('',#175,1.);
#175 = DIRECTION('',(0.,1.));
#176 = ( GEOMETRIC_REPRESENTATION_CONTEXT(2) 
PARAMETRIC_REPRESENTATION_CONTEXT() REPRESENTATION_CONTEXT('2D SPACE',''
  ) );
#177 = ORIENTED_EDGE('',*,*,#178,.T.);
#178 = EDGE_CURVE('',#151,#90,#179,.T.);
#179 = SURFACE_CURVE('',#180,(#184,#190),.PCURVE_S1.);
#180 = LINE('',#181,#182);
#181 = CARTESIAN_POINT('',(1.645E+03,-5.5,2.325E+03));
#182 = VECTOR('',#183,1.);
#183 = DIRECTION('',(0.,0.,1.));
#184 = PCURVE('',#98,#185);
#185 = DEFINITIONAL_REPRESENTATION('',(#186),#189);
#186 = B_SPLINE_CURVE_WITH_KNOTS('',1,(#187,#188),.UNSPECIFIED.,.F.,.F.,
  (2,2),(0.,90.),.PIECEWISE_BEZIER_KNOTS.);
#187 = CARTESIAN_POINT('',(0.,-74.5));
#188 = CARTESIAN_POINT('',(90.,-74.5));
#189 = ( GEOMETRIC_REPRESENTATION_CONTEXT(2) 
PARAMETRIC_REPRESENTATION_CONTEXT() REPRESENTATION_CONTEXT('2D SPACE',''
  ) );
#190 = PCURVE('',#191,#196);
#191 = PLANE('',#192);
#192 = AXIS2_PLACEMENT_3D('',#193,#194,#195);
#193 = CARTESIAN_POINT('',(1.63E+03,-5.5,2.325E+03));
#194 = DIRECTION('',(-0.,1.,0.));
#195 = DIRECTION('',(0.,0.,1.));
#196 = DEFINITIONAL_REPRESENTATION('',(#197),#200);
#197 = B_SPLINE_CURVE_WITH_KNOTS('',1,(#198,#199),.UNSPECIFIED.,.F.,.F.,
  (2,2),(0.,90.),.PIECEWISE_BEZIER_KNOTS.);
#198 = CARTESIAN_POINT('',(0.,15.));
#199 = CARTESIAN_POINT('',(90.,15.));
#200 = ( GEOMETRIC_REPRESENTATION_CONTEXT(2) 
PARAMETRIC_REPRESENTATION_CONTEXT() REPRESENTATION_CONTEXT('2D SPACE',''
  ) );
#201 = ADVANCED_FACE('',(#202,#501),#110,.T.);
#202 = FACE_BOUND('',#203,.T.);
#203 = EDGE_LOOP('',(#204,#205,#228,#256,#284,#312,#340,#368,#396,#424,
    #452,#480));
#204 = ORIENTED_EDGE('',*,*,#87,.F.);
#205 = ORIENTED_EDGE('',*,*,#206,.T.);
#206 = EDGE_CURVE('',#88,#207,#209,.T.);
#207 = VERTEX_POINT('',#208);
#208 = CARTESIAN_POINT('',(1.755E+03,-80.,2.415E+03));
#209 = SURFACE_CURVE('',#210,(#214,#221),.PCURVE_S1.);
#210 = LINE('',#211,#212);
#211 = CARTESIAN_POINT('',(1.645E+03,-80.,2.415E+03));
#212 = VECTOR('',#213,1.);
#213 = DIRECTION('',(1.,0.,-0.));
#214 = PCURVE('',#110,#215);
#215 = DEFINITIONAL_REPRESENTATION('',(#216),#220);
#216 = LINE('',#217,#218);
#217 = CARTESIAN_POINT('',(0.,0.));
#218 = VECTOR('',#219,1.);
#219 = DIRECTION('',(1.,0.));
#220 = ( GEOMETRIC_REPRESENTATION_CONTEXT(2) 
PARAMETRIC_REPRESENTATION_CONTEXT() REPRESENTATION_CONTEXT('2D SPACE',''
  ) );
#221 = PCURVE('',#138,#222);
#222 = DEFINITIONAL_REPRESENTATION('',(#223),#227);
#223 = LINE('',#224,#225);
#224 = CARTESIAN_POINT('',(90.,0.));
#225 = VECTOR('',#226,1.);
#226 = DIRECTION('',(0.,1.));
#227 = ( GEOMETRIC_REPRESENTATION_CONTEXT(2) 
PARAMETRIC_REPRESENTATION_CONTEXT() REPRESENTATION_CONTEXT('2D SPACE',''
  ) );
#228 = ORIENTED_EDGE('',*,*,#229,.T.);
#229 = EDGE_CURVE('',#207,#230,#232,.T.);
#230 = VERTEX_POINT('',#231);
#231 = CARTESIAN_POINT('',(1.755E+03,-5.5,2.415E+03));
#232 = SURFACE_CURVE('',#233,(#237,#244),.PCURVE_S1.);
#233 = LINE('',#234,#235);
#234 = CARTESIAN_POINT('',(1.755E+03,-80.,2.415E+03));
#235 = VECTOR('',#236,1.);
#236 = DIRECTION('',(-0.,1.,0.));
#237 = PCURVE('',#110,#238);
#238 = DEFINITIONAL_REPRESENTATION('',(#239),#243);
#239 = LINE('',#240,#241);
#240 = CARTESIAN_POINT('',(110.,0.));
#241 = VECTOR('',#242,1.);
#242 = DIRECTION('',(0.,1.));
#243 = ( GEOMETRIC_REPRESENTATION_CONTEXT(2) 
PARAMETRIC_REPRESENTATION_CONTEXT() REPRESENTATION_CONTEXT('2D SPACE',''
  ) );
#244 = PCURVE('',#245,#250);
#245 = PLANE('',#246);
#246 = AXIS2_PLACEMENT_3D('',#247,#248,#249);
#247 = CARTESIAN_POINT('',(1.755E+03,-80.,2.325E+03));
#248 = DIRECTION('',(1.,0.,-0.));
#249 = DIRECTION('',(0.,0.,1.));
#250 = DEFINITIONAL_REPRESENTATION('',(#251),#255);
#251 = LINE('',#252,#253);
#252 = CARTESIAN_POINT('',(90.,0.));
#253 = VECTOR('',#254,1.);
#254 = DIRECTION('',(0.,-1.));
#255 = ( GEOMETRIC_REPRESENTATION_CONTEXT(2) 
PARAMETRIC_REPRESENTATION_CONTEXT() REPRESENTATION_CONTEXT('2D SPACE',''
  ) );
#256 = ORIENTED_EDGE('',*,*,#257,.T.);
#257 = EDGE_CURVE('',#230,#258,#260,.T.);
#258 = VERTEX_POINT('',#259);
#259 = CARTESIAN_POINT('',(1.77E+03,-5.5,2.415E+03));
#260 = SURFACE_CURVE('',#261,(#265,#272),.PCURVE_S1.);
#261 = LINE('',#262,#263);
#262 = CARTESIAN_POINT('',(1.63E+03,-5.5,2.415E+03));
#263 = VECTOR('',#264,1.);
#264 = DIRECTION('',(1.,0.,-0.));
#265 = PCURVE('',#110,#266);
#266 = DEFINITIONAL_REPRESENTATION('',(#267),#271);
#267 = LINE('',#268,#269);
#268 = CARTESIAN_POINT('',(-15.,74.5));
#269 = VECTOR('',#270,1.);
#270 = DIRECTION('',(1.,0.));
#271 = ( GEOMETRIC_REPRESENTATION_CONTEXT(2) 
PARAMETRIC_REPRESENTATION_CONTEXT() REPRESENTATION_CONTEXT('2D SPACE',''
  ) );
#272 = PCURVE('',#273,#278);
#273 = PLANE('',#274);
#274 = AXIS2_PLACEMENT_3D('',#275,#276,#277);
#275 = CARTESIAN_POINT('',(1.63E+03,-5.5,2.325E+03));
#276 = DIRECTION('',(-0.,1.,0.));
#277 = DIRECTION('',(0.,0.,1.));
#278 = DEFINITIONAL_REPRESENTATION('',(#279),#283);
#279 = LINE('',#280,#281);
#280 = CARTESIAN_POINT('',(90.,0.));
#281 = VECTOR('',#282,1.);
#282 = DIRECTION('',(0.,1.));
#283 = ( GEOMETRIC_REPRESENTATION_CONTEXT(2) 
PARAMETRIC_REPRESENTATION_CONTEXT() REPRESENTATION_CONTEXT('2D SPACE',''
  ) );
#284 = ORIENTED_EDGE('',*,*,#285,.T.);
#285 = EDGE_CURVE('',#258,#286,#288,.T.);
#286 = VERTEX_POINT('',#287);
#287 = CARTESIAN_POINT('',(1.77E+03,-1.5,2.415E+03));
#288 = SURFACE_CURVE('',#289,(#293,#300),.PCURVE_S1.);
#289 = LINE('',#290,#291);
#290 = CARTESIAN_POINT('',(1.77E+03,-5.5,2.415E+03));
#291 = VECTOR('',#292,1.);
#292 = DIRECTION('',(-0.,1.,0.));
#293 = PCURVE('',#110,#294);
#294 = DEFINITIONAL_REPRESENTATION('',(#295),#299);
#295 = LINE('',#296,#297);
#296 = CARTESIAN_POINT('',(125.,74.5));
#297 = VECTOR('',#298,1.);
#298 = DIRECTION('',(0.,1.));
#299 = ( GEOMETRIC_REPRESENTATION_CONTEXT(2) 
PARAMETRIC_REPRESENTATION_CONTEXT() REPRESENTATION_CONTEXT('2D SPACE',''
  ) );
#300 = PCURVE('',#301,#306);
#301 = PLANE('',#302);
#302 = AXIS2_PLACEMENT_3D('',#303,#304,#305);
#303 = CARTESIAN_POINT('',(1.77E+03,-5.5,2.325E+03));
#304 = DIRECTION('',(1.,0.,-0.));
#305 = DIRECTION('',(0.,0.,1.));
#306 = DEFINITIONAL_REPRESENTATION('',(#307),#311);
#307 = LINE('',#308,#309);
#308 = CARTESIAN_POINT('',(90.,0.));
#309 = VECTOR('',#310,1.);
#310 = DIRECTION('',(0.,-1.));
#311 = ( GEOMETRIC_REPRESENTATION_CONTEXT(2) 
PARAMETRIC_REPRESENTATION_CONTEXT() REPRESENTATION_CONTEXT('2D SPACE',''
  ) );
#312 = ORIENTED_EDGE('',*,*,#313,.F.);
#313 = EDGE_CURVE('',#314,#286,#316,.T.);
#314 = VERTEX_POINT('',#315);
#315 = CARTESIAN_POINT('',(1.755E+03,-1.5,2.415E+03));
#316 = SURFACE_CURVE('',#317,(#321,#328),.PCURVE_S1.);
#317 = LINE('',#318,#319);
#318 = CARTESIAN_POINT('',(1.63E+03,-1.5,2.415E+03));
#319 = VECTOR('',#320,1.);
#320 = DIRECTION('',(1.,0.,-0.));
#321 = PCURVE('',#110,#322);
#322 = DEFINITIONAL_REPRESENTATION('',(#323),#327);
#323 = LINE('',#324,#325);
#324 = CARTESIAN_POINT('',(-15.,78.5));
#325 = VECTOR('',#326,1.);
#326 = DIRECTION('',(1.,0.));
#327 = ( GEOMETRIC_REPRESENTATION_CONTEXT(2) 
PARAMETRIC_REPRESENTATION_CONTEXT() REPRESENTATION_CONTEXT('2D SPACE',''
  ) );
#328 = PCURVE('',#329,#334);
#329 = PLANE('',#330);
#330 = AXIS2_PLACEMENT_3D('',#331,#332,#333);
#331 = CARTESIAN_POINT('',(1.63E+03,-1.5,2.325E+03));
#332 = DIRECTION('',(-0.,1.,0.));
#333 = DIRECTION('',(0.,0.,1.));
#334 = DEFINITIONAL_REPRESENTATION('',(#335),#339);
#335 = LINE('',#336,#337);
#336 = CARTESIAN_POINT('',(90.,0.));
#337 = VECTOR('',#338,1.);
#338 = DIRECTION('',(0.,1.));
#339 = ( GEOMETRIC_REPRESENTATION_CONTEXT(2) 
PARAMETRIC_REPRESENTATION_CONTEXT() REPRESENTATION_CONTEXT('2D SPACE',''
  ) );
#340 = ORIENTED_EDGE('',*,*,#341,.T.);
#341 = EDGE_CURVE('',#314,#342,#344,.T.);
#342 = VERTEX_POINT('',#343);
#343 = CARTESIAN_POINT('',(1.755E+03,0.,2.415E+03));
#344 = SURFACE_CURVE('',#345,(#349,#356),.PCURVE_S1.);
#345 = LINE('',#346,#347);
#346 = CARTESIAN_POINT('',(1.755E+03,-80.,2.415E+03));
#347 = VECTOR('',#348,1.);
#348 = DIRECTION('',(-0.,1.,0.));
#349 = PCURVE('',#110,#350);
#350 = DEFINITIONAL_REPRESENTATION('',(#351),#355);
#351 = LINE('',#352,#353);
#352 = CARTESIAN_POINT('',(110.,0.));
#353 = VECTOR('',#354,1.);
#354 = DIRECTION('',(0.,1.));
#355 = ( GEOMETRIC_REPRESENTATION_CONTEXT(2) 
PARAMETRIC_REPRESENTATION_CONTEXT() REPRESENTATION_CONTEXT('2D SPACE',''
  ) );
#356 = PCURVE('',#357,#362);
#357 = PLANE('',#358);
#358 = AXIS2_PLACEMENT_3D('',#359,#360,#361);
#359 = CARTESIAN_POINT('',(1.755E+03,-80.,2.325E+03));
#360 = DIRECTION('',(1.,0.,-0.));
#361 = DIRECTION('',(0.,0.,1.));
#362 = DEFINITIONAL_REPRESENTATION('',(#363),#367);
#363 = LINE('',#364,#365);
#364 = CARTESIAN_POINT('',(90.,0.));
#365 = VECTOR('',#366,1.);
#366 = DIRECTION('',(0.,-1.));
#367 = ( GEOMETRIC_REPRESENTATION_CONTEXT(2) 
PARAMETRIC_REPRESENTATION_CONTEXT() REPRESENTATION_CONTEXT('2D SPACE',''
  ) );
#368 = ORIENTED_EDGE('',*,*,#369,.F.);
#369 = EDGE_CURVE('',#370,#342,#372,.T.);
#370 = VERTEX_POINT('',#371);
#371 = CARTESIAN_POINT('',(1.645E+03,0.,2.415E+03));
#372 = SURFACE_CURVE('',#373,(#377,#384),.PCURVE_S1.);
#373 = LINE('',#374,#375);
#374 = CARTESIAN_POINT('',(1.645E+03,0.,2.415E+03));
#375 = VECTOR('',#376,1.);
#376 = DIRECTION('',(1.,0.,-0.));
#377 = PCURVE('',#110,#378);
#378 = DEFINITIONAL_REPRESENTATION('',(#379),#383);
#379 = LINE('',#380,#381);
#380 = CARTESIAN_POINT('',(0.,80.));
#381 = VECTOR('',#382,1.);
#382 = DIRECTION('',(1.,0.));
#383 = ( GEOMETRIC_REPRESENTATION_CONTEXT(2) 
PARAMETRIC_REPRESENTATION_CONTEXT() REPRESENTATION_CONTEXT('2D SPACE',''
  ) );
#384 = PCURVE('',#385,#390);
#385 = PLANE('',#386);
#386 = AXIS2_PLACEMENT_3D('',#387,#388,#389);
#387 = CARTESIAN_POINT('',(1.645E+03,0.,2.325E+03));
#388 = DIRECTION('',(-0.,1.,0.));
#389 = DIRECTION('',(0.,0.,1.));
#390 = DEFINITIONAL_REPRESENTATION('',(#391),#395);
#391 = LINE('',#392,#393);
#392 = CARTESIAN_POINT('',(90.,0.));
#393 = VECTOR('',#394,1.);
#394 = DIRECTION('',(0.,1.));
#395 = ( GEOMETRIC_REPRESENTATION_CONTEXT(2) 
PARAMETRIC_REPRESENTATION_CONTEXT() REPRESENTATION_CONTEXT('2D SPACE',''
  ) );
#396 = ORIENTED_EDGE('',*,*,#397,.F.);
#397 = EDGE_CURVE('',#398,#370,#400,.T.);
#398 = VERTEX_POINT('',#399);
#399 = CARTESIAN_POINT('',(1.645E+03,-1.5,2.415E+03));
#400 = SURFACE_CURVE('',#401,(#405,#412),.PCURVE_S1.);
#401 = LINE('',#402,#403);
#402 = CARTESIAN_POINT('',(1.645E+03,-80.,2.415E+03));
#403 = VECTOR('',#404,1.);
#404 = DIRECTION('',(-0.,1.,0.));
#405 = PCURVE('',#110,#406);
#406 = DEFINITIONAL_REPRESENTATION('',(#407),#411);
#407 = LINE('',#408,#409);
#408 = CARTESIAN_POINT('',(0.,0.));
#409 = VECTOR('',#410,1.);
#410 = DIRECTION('',(0.,1.));
#411 = ( GEOMETRIC_REPRESENTATION_CONTEXT(2) 
PARAMETRIC_REPRESENTATION_CONTEXT() REPRESENTATION_CONTEXT('2D SPACE',''
  ) );
#412 = PCURVE('',#413,#418);
#413 = PLANE('',#414);
#414 = AXIS2_PLACEMENT_3D('',#415,#416,#417);
#415 = CARTESIAN_POINT('',(1.645E+03,-80.,2.325E+03));
#416 = DIRECTION('',(1.,0.,-0.));
#417 = DIRECTION('',(0.,0.,1.));
#418 = DEFINITIONAL_REPRESENTATION('',(#419),#423);
#419 = LINE('',#420,#421);
#420 = CARTESIAN_POINT('',(90.,0.));
#421 = VECTOR('',#422,1.);
#422 = DIRECTION('',(0.,-1.));
#423 = ( GEOMETRIC_REPRESENTATION_CONTEXT(2) 
PARAMETRIC_REPRESENTATION_CONTEXT() REPRESENTATION_CONTEXT('2D SPACE',''
  ) );
#424 = ORIENTED_EDGE('',*,*,#425,.F.);
#425 = EDGE_CURVE('',#426,#398,#428,.T.);
#426 = VERTEX_POINT('',#427);
#427 = CARTESIAN_POINT('',(1.63E+03,-1.5,2.415E+03));
#428 = SURFACE_CURVE('',#429,(#433,#440),.PCURVE_S1.);
#429 = LINE('',#430,#431);
#430 = CARTESIAN_POINT('',(1.63E+03,-1.5,2.415E+03));
#431 = VECTOR('',#432,1.);
#432 = DIRECTION('',(1.,0.,-0.));
#433 = PCURVE('',#110,#434);
#434 = DEFINITIONAL_REPRESENTATION('',(#435),#439);
#435 = LINE('',#436,#437);
#436 = CARTESIAN_POINT('',(-15.,78.5));
#437 = VECTOR('',#438,1.);
#438 = DIRECTION('',(1.,0.));
#439 = ( GEOMETRIC_REPRESENTATION_CONTEXT(2) 
PARAMETRIC_REPRESENTATION_CONTEXT() REPRESENTATION_CONTEXT('2D SPACE',''
  ) );
#440 = PCURVE('',#441,#446);
#441 = PLANE('',#442);
#442 = AXIS2_PLACEMENT_3D('',#443,#444,#445);
#443 = CARTESIAN_POINT('',(1.63E+03,-1.5,2.325E+03));
#444 = DIRECTION('',(-0.,1.,0.));
#445 = DIRECTION('',(0.,0.,1.));
#446 = DEFINITIONAL_REPRESENTATION('',(#447),#451);
#447 = LINE('',#448,#449);
#448 = CARTESIAN_POINT('',(90.,0.));
#449 = VECTOR('',#450,1.);
#450 = DIRECTION('',(0.,1.));
#451 = ( GEOMETRIC_REPRESENTATION_CONTEXT(2) 
PARAMETRIC_REPRESENTATION_CONTEXT() REPRESENTATION_CONTEXT('2D SPACE',''
  ) );
#452 = ORIENTED_EDGE('',*,*,#453,.F.);
#453 = EDGE_CURVE('',#454,#426,#456,.T.);
#454 = VERTEX_POINT('',#455);
#455 = CARTESIAN_POINT('',(1.63E+03,-5.5,2.415E+03));
#456 = SURFACE_CURVE('',#457,(#461,#468),.PCURVE_S1.);
#457 = LINE('',#458,#459);
#458 = CARTESIAN_POINT('',(1.63E+03,-5.5,2.415E+03));
#459 = VECTOR('',#460,1.);
#460 = DIRECTION('',(-0.,1.,0.));
#461 = PCURVE('',#110,#462);
#462 = DEFINITIONAL_REPRESENTATION('',(#463),#467);
#463 = LINE('',#464,#465);
#464 = CARTESIAN_POINT('',(-15.,74.5));
#465 = VECTOR('',#466,1.);
#466 = DIRECTION('',(0.,1.));
#467 = ( GEOMETRIC_REPRESENTATION_CONTEXT(2) 
PARAMETRIC_REPRESENTATION_CONTEXT() REPRESENTATION_CONTEXT('2D SPACE',''
  ) );
#468 = PCURVE('',#469,#474);
#469 = PLANE('',#470);
#470 = AXIS2_PLACEMENT_3D('',#471,#472,#473);
#471 = CARTESIAN_POINT('',(1.63E+03,-5.5,2.325E+03));
#472 = DIRECTION('',(1.,0.,-0.));
#473 = DIRECTION('',(0.,0.,1.));
#474 = DEFINITIONAL_REPRESENTATION('',(#475),#479);
#475 = LINE('',#476,#477);
#476 = CARTESIAN_POINT('',(90.,0.));
#477 = VECTOR('',#478,1.);
#478 = DIRECTION('',(0.,-1.));
#479 = ( GEOMETRIC_REPRESENTATION_CONTEXT(2) 
PARAMETRIC_REPRESENTATION_CONTEXT() REPRESENTATION_CONTEXT('2D SPACE',''
  ) );
#480 = ORIENTED_EDGE('',*,*,#481,.T.);
#481 = EDGE_CURVE('',#454,#90,#482,.T.);
#482 = SURFACE_CURVE('',#483,(#487,#494),.PCURVE_S1.);
#483 = LINE('',#484,#485);
#484 = CARTESIAN_POINT('',(1.63E+03,-5.5,2.415E+03));
#485 = VECTOR('',#486,1.);
#486 = DIRECTION('',(1.,0.,-0.));
#487 = PCURVE('',#110,#488);
#488 = DEFINITIONAL_REPRESENTATION('',(#489),#493);
#489 = LINE('',#490,#491);
#490 = CARTESIAN_POINT('',(-15.,74.5));
#491 = VECTOR('',#492,1.);
#492 = DIRECTION('',(1.,0.));
#493 = ( GEOMETRIC_REPRESENTATION_CONTEXT(2) 
PARAMETRIC_REPRESENTATION_CONTEXT() REPRESENTATION_CONTEXT('2D SPACE',''
  ) );
#494 = PCURVE('',#191,#495);
#495 = DEFINITIONAL_REPRESENTATION('',(#496),#500);
#496 = LINE('',#497,#498);
#497 = CARTESIAN_POINT('',(90.,0.));
#498 = VECTOR('',#499,1.);
#499 = DIRECTION('',(0.,1.));
#500 = ( GEOMETRIC_REPRESENTATION_CONTEXT(2) 
PARAMETRIC_REPRESENTATION_CONTEXT() REPRESENTATION_CONTEXT('2D SPACE',''
  ) );
#501 = FACE_BOUND('',#502,.T.);
#502 = EDGE_LOOP('',(#503));
#503 = ORIENTED_EDGE('',*,*,#504,.F.);
#504 = EDGE_CURVE('',#505,#505,#507,.T.);
#505 = VERTEX_POINT('',#506);
#506 = CARTESIAN_POINT('',(1.709E+03,-40.,2.415E+03));
#507 = SURFACE_CURVE('',#508,(#513,#520),.PCURVE_S1.);
#508 = CIRCLE('',#509,9.);
#509 = AXIS2_PLACEMENT_3D('',#510,#511,#512);
#510 = CARTESIAN_POINT('',(1.7E+03,-40.,2.415E+03));
#511 = DIRECTION('',(0.,0.,1.));
#512 = DIRECTION('',(1.,0.,-0.));
#513 = PCURVE('',#110,#514);
#514 = DEFINITIONAL_REPRESENTATION('',(#515),#519);
#515 = CIRCLE('',#516,9.);
#516 = AXIS2_PLACEMENT_2D('',#517,#518);
#517 = CARTESIAN_POINT('',(55.,40.));
#518 = DIRECTION('',(1.,0.));
#519 = ( GEOMETRIC_REPRESENTATION_CONTEXT(2) 
PARAMETRIC_REPRESENTATION_CONTEXT() REPRESENTATION_CONTEXT('2D SPACE',''
  ) );
#520 = PCURVE('',#521,#526);
#521 = CYLINDRICAL_SURFACE('',#522,9.);
#522 = AXIS2_PLACEMENT_3D('',#523,#524,#525);
#523 = CARTESIAN_POINT('',(1.7E+03,-40.,2.415E+03));
#524 = DIRECTION('',(0.,0.,1.));
#525 = DIRECTION('',(1.,0.,-0.));
#526 = DEFINITIONAL_REPRESENTATION('',(#527),#531);
#527 = LINE('',#528,#529);
#528 = CARTESIAN_POINT('',(0.,0.));
#529 = VECTOR('',#530,1.);
#530 = DIRECTION('',(1.,0.));
#531 = ( GEOMETRIC_REPRESENTATION_CONTEXT(2) 
PARAMETRIC_REPRESENTATION_CONTEXT() REPRESENTATION_CONTEXT('2D SPACE',''
  ) );
#532 = ADVANCED_FACE('',(#533),#191,.F.);
#533 = FACE_BOUND('',#534,.F.);
#534 = EDGE_LOOP('',(#535,#558,#579,#580));
#535 = ORIENTED_EDGE('',*,*,#536,.F.);
#536 = EDGE_CURVE('',#537,#151,#539,.T.);
#537 = VERTEX_POINT('',#538);
#538 = CARTESIAN_POINT('',(1.63E+03,-5.5,2.325E+03));
#539 = SURFACE_CURVE('',#540,(#544,#551),.PCURVE_S1.);
#540 = LINE('',#541,#542);
#541 = CARTESIAN_POINT('',(1.63E+03,-5.5,2.325E+03));
#542 = VECTOR('',#543,1.);
#543 = DIRECTION('',(1.,0.,-0.));
#544 = PCURVE('',#191,#545);
#545 = DEFINITIONAL_REPRESENTATION('',(#546),#550);
#546 = LINE('',#547,#548);
#547 = CARTESIAN_POINT('',(0.,0.));
#548 = VECTOR('',#549,1.);
#549 = DIRECTION('',(0.,1.));
#550 = ( GEOMETRIC_REPRESENTATION_CONTEXT(2) 
PARAMETRIC_REPRESENTATION_CONTEXT() REPRESENTATION_CONTEXT('2D SPACE',''
  ) );
#551 = PCURVE('',#166,#552);
#552 = DEFINITIONAL_REPRESENTATION('',(#553),#557);
#553 = LINE('',#554,#555);
#554 = CARTESIAN_POINT('',(-15.,74.5));
#555 = VECTOR('',#556,1.);
#556 = DIRECTION('',(1.,0.));
#557 = ( GEOMETRIC_REPRESENTATION_CONTEXT(2) 
PARAMETRIC_REPRESENTATION_CONTEXT() REPRESENTATION_CONTEXT('2D SPACE',''
  ) );
#558 = ORIENTED_EDGE('',*,*,#559,.T.);
#559 = EDGE_CURVE('',#537,#454,#560,.T.);
#560 = SURFACE_CURVE('',#561,(#565,#572),.PCURVE_S1.);
#561 = LINE('',#562,#563);
#562 = CARTESIAN_POINT('',(1.63E+03,-5.5,2.325E+03));
#563 = VECTOR('',#564,1.);
#564 = DIRECTION('',(0.,0.,1.));
#565 = PCURVE('',#191,#566);
#566 = DEFINITIONAL_REPRESENTATION('',(#567),#571);
#567 = LINE('',#568,#569);
#568 = CARTESIAN_POINT('',(0.,0.));
#569 = VECTOR('',#570,1.);
#570 = DIRECTION('',(1.,0.));
#571 = ( GEOMETRIC_REPRESENTATION_CONTEXT(2) 
PARAMETRIC_REPRESENTATION_CONTEXT() REPRESENTATION_CONTEXT('2D SPACE',''
  ) );
#572 = PCURVE('',#469,#573);
#573 = DEFINITIONAL_REPRESENTATION('',(#574),#578);
#574 = LINE('',#575,#576);
#575 = CARTESIAN_POINT('',(0.,0.));
#576 = VECTOR('',#577,1.);
#577 = DIRECTION('',(1.,0.));
#578 = ( GEOMETRIC_REPRESENTATION_CONTEXT(2) 
PARAMETRIC_REPRESENTATION_CONTEXT() REPRESENTATION_CONTEXT('2D SPACE',''
  ) );
#579 = ORIENTED_EDGE('',*,*,#481,.T.);
#580 = ORIENTED_EDGE('',*,*,#178,.F.);
#581 = ADVANCED_FACE('',(#582,#814,#845),#166,.F.);
#582 = FACE_BOUND('',#583,.F.);
#583 = EDGE_LOOP('',(#584,#585,#608,#631,#654,#677,#700,#723,#746,#769,
    #792,#813));
#584 = ORIENTED_EDGE('',*,*,#150,.F.);
#585 = ORIENTED_EDGE('',*,*,#586,.T.);
#586 = EDGE_CURVE('',#123,#587,#589,.T.);
#587 = VERTEX_POINT('',#588);
#588 = CARTESIAN_POINT('',(1.755E+03,-80.,2.325E+03));
#589 = SURFACE_CURVE('',#590,(#594,#601),.PCURVE_S1.);
#590 = LINE('',#591,#592);
#591 = CARTESIAN_POINT('',(1.645E+03,-80.,2.325E+03));
#592 = VECTOR('',#593,1.);
#593 = DIRECTION('',(1.,0.,-0.));
#594 = PCURVE('',#166,#595);
#595 = DEFINITIONAL_REPRESENTATION('',(#596),#600);
#596 = LINE('',#597,#598);
#597 = CARTESIAN_POINT('',(0.,0.));
#598 = VECTOR('',#599,1.);
#599 = DIRECTION('',(1.,0.));
#600 = ( GEOMETRIC_REPRESENTATION_CONTEXT(2) 
PARAMETRIC_REPRESENTATION_CONTEXT() REPRESENTATION_CONTEXT('2D SPACE',''
  ) );
#601 = PCURVE('',#138,#602);
#602 = DEFINITIONAL_REPRESENTATION('',(#603),#607);
#603 = LINE('',#604,#605);
#604 = CARTESIAN_POINT('',(0.,0.));
#605 = VECTOR('',#606,1.);
#606 = DIRECTION('',(0.,1.));
#607 = ( GEOMETRIC_REPRESENTATION_CONTEXT(2) 
PARAMETRIC_REPRESENTATION_CONTEXT() REPRESENTATION_CONTEXT('2D SPACE',''
  ) );
#608 = ORIENTED_EDGE('',*,*,#609,.T.);
#609 = EDGE_CURVE('',#587,#610,#612,.T.);
#610 = VERTEX_POINT('',#611);
#611 = CARTESIAN_POINT('',(1.755E+03,-5.5,2.325E+03));
#612 = SURFACE_CURVE('',#613,(#617,#624),.PCURVE_S1.);
#613 = LINE('',#614,#615);
#614 = CARTESIAN_POINT('',(1.755E+03,-80.,2.325E+03));
#615 = VECTOR('',#616,1.);
#616 = DIRECTION('',(-0.,1.,0.));
#617 = PCURVE('',#166,#618);
#618 = DEFINITIONAL_REPRESENTATION('',(#619),#623);
#619 = LINE('',#620,#621);
#620 = CARTESIAN_POINT('',(110.,0.));
#621 = VECTOR('',#622,1.);
#622 = DIRECTION('',(0.,1.));
#623 = ( GEOMETRIC_REPRESENTATION_CONTEXT(2) 
PARAMETRIC_REPRESENTATION_CONTEXT() REPRESENTATION_CONTEXT('2D SPACE',''
  ) );
#624 = PCURVE('',#245,#625);
#625 = DEFINITIONAL_REPRESENTATION('',(#626),#630);
#626 = LINE('',#627,#628);
#627 = CARTESIAN_POINT('',(0.,0.));
#628 = VECTOR('',#629,1.);
#629 = DIRECTION('',(0.,-1.));
#630 = ( GEOMETRIC_REPRESENTATION_CONTEXT(2) 
PARAMETRIC_REPRESENTATION_CONTEXT() REPRESENTATION_CONTEXT('2D SPACE',''
  ) );
#631 = ORIENTED_EDGE('',*,*,#632,.T.);
#632 = EDGE_CURVE('',#610,#633,#635,.T.);
#633 = VERTEX_POINT('',#634);
#634 = CARTESIAN_POINT('',(1.77E+03,-5.5,2.325E+03));
#635 = SURFACE_CURVE('',#636,(#640,#647),.PCURVE_S1.);
#636 = LINE('',#637,#638);
#637 = CARTESIAN_POINT('',(1.63E+03,-5.5,2.325E+03));
#638 = VECTOR('',#639,1.);
#639 = DIRECTION('',(1.,0.,-0.));
#640 = PCURVE('',#166,#641);
#641 = DEFINITIONAL_REPRESENTATION('',(#642),#646);
#642 = LINE('',#643,#644);
#643 = CARTESIAN_POINT('',(-15.,74.5));
#644 = VECTOR('',#645,1.);
#645 = DIRECTION('',(1.,0.));
#646 = ( GEOMETRIC_REPRESENTATION_CONTEXT(2) 
PARAMETRIC_REPRESENTATION_CONTEXT() REPRESENTATION_CONTEXT('2D SPACE',''
  ) );
#647 = PCURVE('',#273,#648);
#648 = DEFINITIONAL_REPRESENTATION('',(#649),#653);
#649 = LINE('',#650,#651);
#650 = CARTESIAN_POINT('',(0.,0.));
#651 = VECTOR('',#652,1.);
#652 = DIRECTION('',(0.,1.));
#653 = ( GEOMETRIC_REPRESENTATION_CONTEXT(2) 
PARAMETRIC_REPRESENTATION_CONTEXT() REPRESENTATION_CONTEXT('2D SPACE',''
  ) );
#654 = ORIENTED_EDGE('',*,*,#655,.T.);
#655 = EDGE_CURVE('',#633,#656,#658,.T.);
#656 = VERTEX_POINT('',#657);
#657 = CARTESIAN_POINT('',(1.77E+03,-1.5,2.325E+03));
#658 = SURFACE_CURVE('',#659,(#663,#670),.PCURVE_S1.);
#659 = LINE('',#660,#661);
#660 = CARTESIAN_POINT('',(1.77E+03,-5.5,2.325E+03));
#661 = VECTOR('',#662,1.);
#662 = DIRECTION('',(-0.,1.,0.));
#663 = PCURVE('',#166,#664);
#664 = DEFINITIONAL_REPRESENTATION('',(#665),#669);
#665 = LINE('',#666,#667);
#666 = CARTESIAN_POINT('',(125.,74.5));
#667 = VECTOR('',#668,1.);
#668 = DIRECTION('',(0.,1.));
#669 = ( GEOMETRIC_REPRESENTATION_CONTEXT(2) 
PARAMETRIC_REPRESENTATION_CONTEXT() REPRESENTATION_CONTEXT('2D SPACE',''
  ) );
#670 = PCURVE('',#301,#671);
#671 = DEFINITIONAL_REPRESENTATION('',(#672),#676);
#672 = LINE('',#673,#674);
#673 = CARTESIAN_POINT('',(0.,0.));
#674 = VECTOR('',#675,1.);
#675 = DIRECTION('',(0.,-1.));
#676 = ( GEOMETRIC_REPRESENTATION_CONTEXT(2) 
PARAMETRIC_REPRESENTATION_CONTEXT() REPRESENTATION_CONTEXT('2D SPACE',''
  ) );
#677 = ORIENTED_EDGE('',*,*,#678,.F.);
#678 = EDGE_CURVE('',#679,#656,#681,.T.);
#679 = VERTEX_POINT('',#680);
#680 = CARTESIAN_POINT('',(1.755E+03,-1.5,2.325E+03));
#681 = SURFACE_CURVE('',#682,(#686,#693),.PCURVE_S1.);
#682 = LINE('',#683,#684);
#683 = CARTESIAN_POINT('',(1.63E+03,-1.5,2.325E+03));
#684 = VECTOR('',#685,1.);
#685 = DIRECTION('',(1.,0.,-0.));
#686 = PCURVE('',#166,#687);
#687 = DEFINITIONAL_REPRESENTATION('',(#688),#692);
#688 = LINE('',#689,#690);
#689 = CARTESIAN_POINT('',(-15.,78.5));
#690 = VECTOR('',#691,1.);
#691 = DIRECTION('',(1.,0.));
#692 = ( GEOMETRIC_REPRESENTATION_CONTEXT(2) 
PARAMETRIC_REPRESENTATION_CONTEXT() REPRESENTATION_CONTEXT('2D SPACE',''
  ) );
#693 = PCURVE('',#329,#694);
#694 = DEFINITIONAL_REPRESENTATION('',(#695),#699);
#695 = LINE('',#696,#697);
#696 = CARTESIAN_POINT('',(0.,0.));
#697 = VECTOR('',#698,1.);
#698 = DIRECTION('',(0.,1.));
#699 = ( GEOMETRIC_REPRESENTATION_CONTEXT(2) 
PARAMETRIC_REPRESENTATION_CONTEXT() REPRESENTATION_CONTEXT('2D SPACE',''
  ) );
#700 = ORIENTED_EDGE('',*,*,#701,.T.);
#701 = EDGE_CURVE('',#679,#702,#704,.T.);
#702 = VERTEX_POINT('',#703);
#703 = CARTESIAN_POINT('',(1.755E+03,0.,2.325E+03));
#704 = SURFACE_CURVE('',#705,(#709,#716),.PCURVE_S1.);
#705 = LINE('',#706,#707);
#706 = CARTESIAN_POINT('',(1.755E+03,-80.,2.325E+03));
#707 = VECTOR('',#708,1.);
#708 = DIRECTION('',(-0.,1.,0.));
#709 = PCURVE('',#166,#710);
#710 = DEFINITIONAL_REPRESENTATION('',(#711),#715);
#711 = LINE('',#712,#713);
#712 = CARTESIAN_POINT('',(110.,0.));
#713 = VECTOR('',#714,1.);
#714 = DIRECTION('',(0.,1.));
#715 = ( GEOMETRIC_REPRESENTATION_CONTEXT(2) 
PARAMETRIC_REPRESENTATION_CONTEXT() REPRESENTATION_CONTEXT('2D SPACE',''
  ) );
#716 = PCURVE('',#357,#717);
#717 = DEFINITIONAL_REPRESENTATION('',(#718),#722);
#718 = LINE('',#719,#720);
#719 = CARTESIAN_POINT('',(0.,0.));
#720 = VECTOR('',#721,1.);
#721 = DIRECTION('',(0.,-1.));
#722 = ( GEOMETRIC_REPRESENTATION_CONTEXT(2) 
PARAMETRIC_REPRESENTATION_CONTEXT() REPRESENTATION_CONTEXT('2D SPACE',''
  ) );
#723 = ORIENTED_EDGE('',*,*,#724,.F.);
#724 = EDGE_CURVE('',#725,#702,#727,.T.);
#725 = VERTEX_POINT('',#726);
#726 = CARTESIAN_POINT('',(1.645E+03,0.,2.325E+03));
#727 = SURFACE_CURVE('',#728,(#732,#739),.PCURVE_S1.);
#728 = LINE('',#729,#730);
#729 = CARTESIAN_POINT('',(1.645E+03,0.,2.325E+03));
#730 = VECTOR('',#731,1.);
#731 = DIRECTION('',(1.,0.,-0.));
#732 = PCURVE('',#166,#733);
#733 = DEFINITIONAL_REPRESENTATION('',(#734),#738);
#734 = LINE('',#735,#736);
#735 = CARTESIAN_POINT('',(0.,80.));
#736 = VECTOR('',#737,1.);
#737 = DIRECTION('',(1.,0.));
#738 = ( GEOMETRIC_REPRESENTATION_CONTEXT(2) 
PARAMETRIC_REPRESENTATION_CONTEXT() REPRESENTATION_CONTEXT('2D SPACE',''
  ) );
#739 = PCURVE('',#385,#740);
#740 = DEFINITIONAL_REPRESENTATION('',(#741),#745);
#741 = LINE('',#742,#743);
#742 = CARTESIAN_POINT('',(0.,0.));
#743 = VECTOR('',#744,1.);
#744 = DIRECTION('',(0.,1.));
#745 = ( GEOMETRIC_REPRESENTATION_CONTEXT(2) 
PARAMETRIC_REPRESENTATION_CONTEXT() REPRESENTATION_CONTEXT('2D SPACE',''
  ) );
#746 = ORIENTED_EDGE('',*,*,#747,.F.);
#747 = EDGE_CURVE('',#748,#725,#750,.T.);
#748 = VERTEX_POINT('',#749);
#749 = CARTESIAN_POINT('',(1.645E+03,-1.5,2.325E+03));
#750 = SURFACE_CURVE('',#751,(#755,#762),.PCURVE_S1.);
#751 = LINE('',#752,#753);
#752 = CARTESIAN_POINT('',(1.645E+03,-80.,2.325E+03));
#753 = VECTOR('',#754,1.);
#754 = DIRECTION('',(-0.,1.,0.));
#755 = PCURVE('',#166,#756);
#756 = DEFINITIONAL_REPRESENTATION('',(#757),#761);
#757 = LINE('',#758,#759);
#758 = CARTESIAN_POINT('',(0.,0.));
#759 = VECTOR('',#760,1.);
#760 = DIRECTION('',(0.,1.));
#761 = ( GEOMETRIC_REPRESENTATION_CONTEXT(2) 
PARAMETRIC_REPRESENTATION_CONTEXT() REPRESENTATION_CONTEXT('2D SPACE',''
  ) );
#762 = PCURVE('',#413,#763);
#763 = DEFINITIONAL_REPRESENTATION('',(#764),#768);
#764 = LINE('',#765,#766);
#765 = CARTESIAN_POINT('',(0.,0.));
#766 = VECTOR('',#767,1.);
#767 = DIRECTION('',(0.,-1.));
#768 = ( GEOMETRIC_REPRESENTATION_CONTEXT(2) 
PARAMETRIC_REPRESENTATION_CONTEXT() REPRESENTATION_CONTEXT('2D SPACE',''
  ) );
#769 = ORIENTED_EDGE('',*,*,#770,.F.);
#770 = EDGE_CURVE('',#771,#748,#773,.T.);
#771 = VERTEX_POINT('',#772);
#772 = CARTESIAN_POINT('',(1.63E+03,-1.5,2.325E+03));
#773 = SURFACE_CURVE('',#774,(#778,#785),.PCURVE_S1.);
#774 = LINE('',#775,#776);
#775 = CARTESIAN_POINT('',(1.63E+03,-1.5,2.325E+03));
#776 = VECTOR('',#777,1.);
#777 = DIRECTION('',(1.,0.,-0.));
#778 = PCURVE('',#166,#779);
#779 = DEFINITIONAL_REPRESENTATION('',(#780),#784);
#780 = LINE('',#781,#782);
#781 = CARTESIAN_POINT('',(-15.,78.5));
#782 = VECTOR('',#783,1.);
#783 = DIRECTION('',(1.,0.));
#784 = ( GEOMETRIC_REPRESENTATION_CONTEXT(2) 
PARAMETRIC_REPRESENTATION_CONTEXT() REPRESENTATION_CONTEXT('2D SPACE',''
  ) );
#785 = PCURVE('',#441,#786);
#786 = DEFINITIONAL_REPRESENTATION('',(#787),#791);
#787 = LINE('',#788,#789);
#788 = CARTESIAN_POINT('',(0.,0.));
#789 = VECTOR('',#790,1.);
#790 = DIRECTION('',(0.,1.));
#791 = ( GEOMETRIC_REPRESENTATION_CONTEXT(2) 
PARAMETRIC_REPRESENTATION_CONTEXT() REPRESENTATION_CONTEXT('2D SPACE',''
  ) );
#792 = ORIENTED_EDGE('',*,*,#793,.F.);
#793 = EDGE_CURVE('',#537,#771,#794,.T.);
#794 = SURFACE_CURVE('',#795,(#799,#806),.PCURVE_S1.);
#795 = LINE('',#796,#797);
#796 = CARTESIAN_POINT('',(1.63E+03,-5.5,2.325E+03));
#797 = VECTOR('',#798,1.);
#798 = DIRECTION('',(-0.,1.,0.));
#799 = PCURVE('',#166,#800);
#800 = DEFINITIONAL_REPRESENTATION('',(#801),#805);
#801 = LINE('',#802,#803);
#802 = CARTESIAN_POINT('',(-15.,74.5));
#803 = VECTOR('',#804,1.);
#804 = DIRECTION('',(0.,1.));
#805 = ( GEOMETRIC_REPRESENTATION_CONTEXT(2) 
PARAMETRIC_REPRESENTATION_CONTEXT() REPRESENTATION_CONTEXT('2D SPACE',''
  ) );
#806 = PCURVE('',#469,#807);
#807 = DEFINITIONAL_REPRESENTATION('',(#808),#812);
#808 = LINE('',#809,#810);
#809 = CARTESIAN_POINT('',(0.,0.));
#810 = VECTOR('',#811,1.);
#811 = DIRECTION('',(0.,-1.));
#812 = ( GEOMETRIC_REPRESENTATION_CONTEXT(2) 
PARAMETRIC_REPRESENTATION_CONTEXT() REPRESENTATION_CONTEXT('2D SPACE',''
  ) );
#813 = ORIENTED_EDGE('',*,*,#536,.T.);
#814 = FACE_BOUND('',#815,.F.);
#815 = EDGE_LOOP('',(#816));
#816 = ORIENTED_EDGE('',*,*,#817,.F.);
#817 = EDGE_CURVE('',#818,#818,#820,.T.);
#818 = VERTEX_POINT('',#819);
#819 = CARTESIAN_POINT('',(1.691E+03,-40.,2.325E+03));
#820 = SURFACE_CURVE('',#821,(#826,#833),.PCURVE_S1.);
#821 = CIRCLE('',#822,13.);
#822 = AXIS2_PLACEMENT_3D('',#823,#824,#825);
#823 = CARTESIAN_POINT('',(1.678E+03,-40.,2.325E+03));
#824 = DIRECTION('',(0.,0.,1.));
#825 = DIRECTION('',(1.,0.,-0.));
#826 = PCURVE('',#166,#827);
#827 = DEFINITIONAL_REPRESENTATION('',(#828),#832);
#828 = CIRCLE('',#829,13.);
#829 = AXIS2_PLACEMENT_2D('',#830,#831);
#830 = CARTESIAN_POINT('',(33.,40.));
#831 = DIRECTION('',(1.,0.));
#832 = ( GEOMETRIC_REPRESENTATION_CONTEXT(2) 
PARAMETRIC_REPRESENTATION_CONTEXT() REPRESENTATION_CONTEXT('2D SPACE',''
  ) );
#833 = PCURVE('',#834,#839);
#834 = CYLINDRICAL_SURFACE('',#835,13.);
#835 = AXIS2_PLACEMENT_3D('',#836,#837,#838);
#836 = CARTESIAN_POINT('',(1.678E+03,-40.,2.324E+03));
#837 = DIRECTION('',(0.,0.,1.));
#838 = DIRECTION('',(1.,0.,-0.));
#839 = DEFINITIONAL_REPRESENTATION('',(#840),#844);
#840 = LINE('',#841,#842);
#841 = CARTESIAN_POINT('',(0.,1.));
#842 = VECTOR('',#843,1.);
#843 = DIRECTION('',(1.,0.));
#844 = ( GEOMETRIC_REPRESENTATION_CONTEXT(2) 
PARAMETRIC_REPRESENTATION_CONTEXT() REPRESENTATION_CONTEXT('2D SPACE',''
  ) );
#845 = FACE_BOUND('',#846,.F.);
#846 = EDGE_LOOP('',(#847));
#847 = ORIENTED_EDGE('',*,*,#848,.F.);
#848 = EDGE_CURVE('',#849,#849,#851,.T.);
#849 = VERTEX_POINT('',#850);
#850 = CARTESIAN_POINT('',(1.735E+03,-40.,2.325E+03));
#851 = SURFACE_CURVE('',#852,(#857,#864),.PCURVE_S1.);
#852 = CIRCLE('',#853,13.);
#853 = AXIS2_PLACEMENT_3D('',#854,#855,#856);
#854 = CARTESIAN_POINT('',(1.722E+03,-40.,2.325E+03));
#855 = DIRECTION('',(0.,0.,1.));
#856 = DIRECTION('',(1.,0.,-0.));
#857 = PCURVE('',#166,#858);
#858 = DEFINITIONAL_REPRESENTATION('',(#859),#863);
#859 = CIRCLE('',#860,13.);
#860 = AXIS2_PLACEMENT_2D('',#861,#862);
#861 = CARTESIAN_POINT('',(77.,40.));
#862 = DIRECTION('',(1.,0.));
#863 = ( GEOMETRIC_REPRESENTATION_CONTEXT(2) 
PARAMETRIC_REPRESENTATION_CONTEXT() REPRESENTATION_CONTEXT('2D SPACE',''
  ) );
#864 = PCURVE('',#865,#870);
#865 = CYLINDRICAL_SURFACE('',#866,13.);
#866 = AXIS2_PLACEMENT_3D('',#867,#868,#869);
#867 = CARTESIAN_POINT('',(1.722E+03,-40.,2.324E+03));
#868 = DIRECTION('',(0.,0.,1.));
#869 = DIRECTION('',(1.,0.,-0.));
#870 = DEFINITIONAL_REPRESENTATION('',(#871),#875);
#871 = LINE('',#872,#873);
#872 = CARTESIAN_POINT('',(0.,1.));
#873 = VECTOR('',#874,1.);
#874 = DIRECTION('',(1.,0.));
#875 = ( GEOMETRIC_REPRESENTATION_CONTEXT(2) 
PARAMETRIC_REPRESENTATION_CONTEXT() REPRESENTATION_CONTEXT('2D SPACE',''
  ) );
#876 = ADVANCED_FACE('',(#877),#138,.F.);
#877 = FACE_BOUND('',#878,.F.);
#878 = EDGE_LOOP('',(#879,#880,#881,#882));
#879 = ORIENTED_EDGE('',*,*,#586,.F.);
#880 = ORIENTED_EDGE('',*,*,#122,.T.);
#881 = ORIENTED_EDGE('',*,*,#206,.T.);
#882 = ORIENTED_EDGE('',*,*,#883,.F.);
#883 = EDGE_CURVE('',#587,#207,#884,.T.);
#884 = SURFACE_CURVE('',#885,(#889,#896),.PCURVE_S1.);
#885 = LINE('',#886,#887);
#886 = CARTESIAN_POINT('',(1.755E+03,-80.,2.325E+03));
#887 = VECTOR('',#888,1.);
#888 = DIRECTION('',(0.,0.,1.));
#889 = PCURVE('',#138,#890);
#890 = DEFINITIONAL_REPRESENTATION('',(#891),#895);
#891 = LINE('',#892,#893);
#892 = CARTESIAN_POINT('',(0.,110.));
#893 = VECTOR('',#894,1.);
#894 = DIRECTION('',(1.,0.));
#895 = ( GEOMETRIC_REPRESENTATION_CONTEXT(2) 
PARAMETRIC_REPRESENTATION_CONTEXT() REPRESENTATION_CONTEXT('2D SPACE',''
  ) );
#896 = PCURVE('',#245,#897);
#897 = DEFINITIONAL_REPRESENTATION('',(#898),#902);
#898 = LINE('',#899,#900);
#899 = CARTESIAN_POINT('',(0.,0.));
#900 = VECTOR('',#901,1.);
#901 = DIRECTION('',(1.,0.));
#902 = ( GEOMETRIC_REPRESENTATION_CONTEXT(2) 
PARAMETRIC_REPRESENTATION_CONTEXT() REPRESENTATION_CONTEXT('2D SPACE',''
  ) );
#903 = ADVANCED_FACE('',(#904),#245,.T.);
#904 = FACE_BOUND('',#905,.T.);
#905 = EDGE_LOOP('',(#906,#907,#908,#909));
#906 = ORIENTED_EDGE('',*,*,#229,.F.);
#907 = ORIENTED_EDGE('',*,*,#883,.F.);
#908 = ORIENTED_EDGE('',*,*,#609,.T.);
#909 = ORIENTED_EDGE('',*,*,#910,.T.);
#910 = EDGE_CURVE('',#610,#230,#911,.T.);
#911 = SURFACE_CURVE('',#912,(#916,#922),.PCURVE_S1.);
#912 = LINE('',#913,#914);
#913 = CARTESIAN_POINT('',(1.755E+03,-5.5,2.325E+03));
#914 = VECTOR('',#915,1.);
#915 = DIRECTION('',(0.,0.,1.));
#916 = PCURVE('',#245,#917);
#917 = DEFINITIONAL_REPRESENTATION('',(#918),#921);
#918 = B_SPLINE_CURVE_WITH_KNOTS('',1,(#919,#920),.UNSPECIFIED.,.F.,.F.,
  (2,2),(0.,90.),.PIECEWISE_BEZIER_KNOTS.);
#919 = CARTESIAN_POINT('',(0.,-74.5));
#920 = CARTESIAN_POINT('',(90.,-74.5));
#921 = ( GEOMETRIC_REPRESENTATION_CONTEXT(2) 
PARAMETRIC_REPRESENTATION_CONTEXT() REPRESENTATION_CONTEXT('2D SPACE',''
  ) );
#922 = PCURVE('',#273,#923);
#923 = DEFINITIONAL_REPRESENTATION('',(#924),#927);
#924 = B_SPLINE_CURVE_WITH_KNOTS('',1,(#925,#926),.UNSPECIFIED.,.F.,.F.,
  (2,2),(0.,90.),.PIECEWISE_BEZIER_KNOTS.);
#925 = CARTESIAN_POINT('',(0.,125.));
#926 = CARTESIAN_POINT('',(90.,125.));
#927 = ( GEOMETRIC_REPRESENTATION_CONTEXT(2) 
PARAMETRIC_REPRESENTATION_CONTEXT() REPRESENTATION_CONTEXT('2D SPACE',''
  ) );
#928 = ADVANCED_FACE('',(#929),#521,.T.);
#929 = FACE_BOUND('',#930,.T.);
#930 = EDGE_LOOP('',(#931,#960,#981,#982));
#931 = ORIENTED_EDGE('',*,*,#932,.F.);
#932 = EDGE_CURVE('',#933,#933,#935,.T.);
#933 = VERTEX_POINT('',#934);
#934 = CARTESIAN_POINT('',(1.709E+03,-40.,2.427E+03));
#935 = SURFACE_CURVE('',#936,(#941,#948),.PCURVE_S1.);
#936 = CIRCLE('',#937,9.);
#937 = AXIS2_PLACEMENT_3D('',#938,#939,#940);
#938 = CARTESIAN_POINT('',(1.7E+03,-40.,2.427E+03));
#939 = DIRECTION('',(0.,0.,1.));
#940 = DIRECTION('',(1.,0.,-0.));
#941 = PCURVE('',#521,#942);
#942 = DEFINITIONAL_REPRESENTATION('',(#943),#947);
#943 = LINE('',#944,#945);
#944 = CARTESIAN_POINT('',(0.,12.));
#945 = VECTOR('',#946,1.);
#946 = DIRECTION('',(1.,0.));
#947 = ( GEOMETRIC_REPRESENTATION_CONTEXT(2) 
PARAMETRIC_REPRESENTATION_CONTEXT() REPRESENTATION_CONTEXT('2D SPACE',''
  ) );
#948 = PCURVE('',#949,#954);
#949 = PLANE('',#950);
#950 = AXIS2_PLACEMENT_3D('',#951,#952,#953);
#951 = CARTESIAN_POINT('',(1.7E+03,-40.,2.427E+03));
#952 = DIRECTION('',(0.,0.,1.));
#953 = DIRECTION('',(1.,0.,-0.));
#954 = DEFINITIONAL_REPRESENTATION('',(#955),#959);
#955 = CIRCLE('',#956,9.);
#956 = AXIS2_PLACEMENT_2D('',#957,#958);
#957 = CARTESIAN_POINT('',(0.,0.));
#958 = DIRECTION('',(1.,0.));
#959 = ( GEOMETRIC_REPRESENTATION_CONTEXT(2) 
PARAMETRIC_REPRESENTATION_CONTEXT() REPRESENTATION_CONTEXT('2D SPACE',''
  ) );
#960 = ORIENTED_EDGE('',*,*,#961,.F.);
#961 = EDGE_CURVE('',#505,#933,#962,.T.);
#962 = SEAM_CURVE('',#963,(#967,#974),.PCURVE_S1.);
#963 = LINE('',#964,#965);
#964 = CARTESIAN_POINT('',(1.709E+03,-40.,2.415E+03));
#965 = VECTOR('',#966,1.);
#966 = DIRECTION('',(0.,0.,1.));
#967 = PCURVE('',#521,#968);
#968 = DEFINITIONAL_REPRESENTATION('',(#969),#973);
#969 = LINE('',#970,#971);
#970 = CARTESIAN_POINT('',(6.28318530718,-0.));
#971 = VECTOR('',#972,1.);
#972 = DIRECTION('',(0.,1.));
#973 = ( GEOMETRIC_REPRESENTATION_CONTEXT(2) 
PARAMETRIC_REPRESENTATION_CONTEXT() REPRESENTATION_CONTEXT('2D SPACE',''
  ) );
#974 = PCURVE('',#521,#975);
#975 = DEFINITIONAL_REPRESENTATION('',(#976),#980);
#976 = LINE('',#977,#978);
#977 = CARTESIAN_POINT('',(0.,-0.));
#978 = VECTOR('',#979,1.);
#979 = DIRECTION('',(0.,1.));
#980 = ( GEOMETRIC_REPRESENTATION_CONTEXT(2) 
PARAMETRIC_REPRESENTATION_CONTEXT() REPRESENTATION_CONTEXT('2D SPACE',''
  ) );
#981 = ORIENTED_EDGE('',*,*,#504,.T.);
#982 = ORIENTED_EDGE('',*,*,#961,.T.);
#983 = ADVANCED_FACE('',(#984),#469,.F.);
#984 = FACE_BOUND('',#985,.F.);
#985 = EDGE_LOOP('',(#986,#987,#988,#1009));
#986 = ORIENTED_EDGE('',*,*,#559,.F.);
#987 = ORIENTED_EDGE('',*,*,#793,.T.);
#988 = ORIENTED_EDGE('',*,*,#989,.T.);
#989 = EDGE_CURVE('',#771,#426,#990,.T.);
#990 = SURFACE_CURVE('',#991,(#995,#1002),.PCURVE_S1.);
#991 = LINE('',#992,#993);
#992 = CARTESIAN_POINT('',(1.63E+03,-1.5,2.325E+03));
#993 = VECTOR('',#994,1.);
#994 = DIRECTION('',(0.,0.,1.));
#995 = PCURVE('',#469,#996);
#996 = DEFINITIONAL_REPRESENTATION('',(#997),#1001);
#997 = LINE('',#998,#999);
#998 = CARTESIAN_POINT('',(0.,-4.));
#999 = VECTOR('',#1000,1.);
#1000 = DIRECTION('',(1.,0.));
#1001 = ( GEOMETRIC_REPRESENTATION_CONTEXT(2) 
PARAMETRIC_REPRESENTATION_CONTEXT() REPRESENTATION_CONTEXT('2D SPACE',''
  ) );
#1002 = PCURVE('',#441,#1003);
#1003 = DEFINITIONAL_REPRESENTATION('',(#1004),#1008);
#1004 = LINE('',#1005,#1006);
#1005 = CARTESIAN_POINT('',(0.,0.));
#1006 = VECTOR('',#1007,1.);
#1007 = DIRECTION('',(1.,0.));
#1008 = ( GEOMETRIC_REPRESENTATION_CONTEXT(2) 
PARAMETRIC_REPRESENTATION_CONTEXT() REPRESENTATION_CONTEXT('2D SPACE',''
  ) );
#1009 = ORIENTED_EDGE('',*,*,#453,.F.);
#1010 = ADVANCED_FACE('',(#1011),#834,.F.);
#1011 = FACE_BOUND('',#1012,.F.);
#1012 = EDGE_LOOP('',(#1013,#1042,#1063,#1064));
#1013 = ORIENTED_EDGE('',*,*,#1014,.F.);
#1014 = EDGE_CURVE('',#1015,#1015,#1017,.T.);
#1015 = VERTEX_POINT('',#1016);
#1016 = CARTESIAN_POINT('',(1.691E+03,-40.,2.328E+03));
#1017 = SURFACE_CURVE('',#1018,(#1023,#1030),.PCURVE_S1.);
#1018 = CIRCLE('',#1019,13.);
#1019 = AXIS2_PLACEMENT_3D('',#1020,#1021,#1022);
#1020 = CARTESIAN_POINT('',(1.678E+03,-40.,2.328E+03));
#1021 = DIRECTION('',(0.,0.,1.));
#1022 = DIRECTION('',(1.,0.,-0.));
#1023 = PCURVE('',#834,#1024);
#1024 = DEFINITIONAL_REPRESENTATION('',(#1025),#1029);
#1025 = LINE('',#1026,#1027);
#1026 = CARTESIAN_POINT('',(0.,4.));
#1027 = VECTOR('',#1028,1.);
#1028 = DIRECTION('',(1.,0.));
#1029 = ( GEOMETRIC_REPRESENTATION_CONTEXT(2) 
PARAMETRIC_REPRESENTATION_CONTEXT() REPRESENTATION_CONTEXT('2D SPACE',''
  ) );
#1030 = PCURVE('',#1031,#1036);
#1031 = PLANE('',#1032);
#1032 = AXIS2_PLACEMENT_3D('',#1033,#1034,#1035);
#1033 = CARTESIAN_POINT('',(1.648E+03,-77.,2.328E+03));
#1034 = DIRECTION('',(0.,0.,1.));
#1035 = DIRECTION('',(1.,0.,-0.));
#1036 = DEFINITIONAL_REPRESENTATION('',(#1037),#1041);
#1037 = CIRCLE('',#1038,13.);
#1038 = AXIS2_PLACEMENT_2D('',#1039,#1040);
#1039 = CARTESIAN_POINT('',(30.,37.));
#1040 = DIRECTION('',(1.,0.));
#1041 = ( GEOMETRIC_REPRESENTATION_CONTEXT(2) 
PARAMETRIC_REPRESENTATION_CONTEXT() REPRESENTATION_CONTEXT('2D SPACE',''
  ) );
#1042 = ORIENTED_EDGE('',*,*,#1043,.F.);
#1043 = EDGE_CURVE('',#818,#1015,#1044,.T.);
#1044 = SEAM_CURVE('',#1045,(#1049,#1056),.PCURVE_S1.);
#1045 = LINE('',#1046,#1047);
#1046 = CARTESIAN_POINT('',(1.691E+03,-40.,2.324E+03));
#1047 = VECTOR('',#1048,1.);
#1048 = DIRECTION('',(0.,0.,1.));
#1049 = PCURVE('',#834,#1050);
#1050 = DEFINITIONAL_REPRESENTATION('',(#1051),#1055);
#1051 = LINE('',#1052,#1053);
#1052 = CARTESIAN_POINT('',(6.28318530718,-0.));
#1053 = VECTOR('',#1054,1.);
#1054 = DIRECTION('',(0.,1.));
#1055 = ( GEOMETRIC_REPRESENTATION_CONTEXT(2) 
PARAMETRIC_REPRESENTATION_CONTEXT() REPRESENTATION_CONTEXT('2D SPACE',''
  ) );
#1056 = PCURVE('',#834,#1057);
#1057 = DEFINITIONAL_REPRESENTATION('',(#1058),#1062);
#1058 = LINE('',#1059,#1060);
#1059 = CARTESIAN_POINT('',(0.,-0.));
#1060 = VECTOR('',#1061,1.);
#1061 = DIRECTION('',(0.,1.));
#1062 = ( GEOMETRIC_REPRESENTATION_CONTEXT(2) 
PARAMETRIC_REPRESENTATION_CONTEXT() REPRESENTATION_CONTEXT('2D SPACE',''
  ) );
#1063 = ORIENTED_EDGE('',*,*,#817,.T.);
#1064 = ORIENTED_EDGE('',*,*,#1043,.T.);
#1065 = ADVANCED_FACE('',(#1066),#865,.F.);
#1066 = FACE_BOUND('',#1067,.F.);
#1067 = EDGE_LOOP('',(#1068,#1092,#1113,#1114));
#1068 = ORIENTED_EDGE('',*,*,#1069,.F.);
#1069 = EDGE_CURVE('',#1070,#1070,#1072,.T.);
#1070 = VERTEX_POINT('',#1071);
#1071 = CARTESIAN_POINT('',(1.735E+03,-40.,2.328E+03));
#1072 = SURFACE_CURVE('',#1073,(#1078,#1085),.PCURVE_S1.);
#1073 = CIRCLE('',#1074,13.);
#1074 = AXIS2_PLACEMENT_3D('',#1075,#1076,#1077);
#1075 = CARTESIAN_POINT('',(1.722E+03,-40.,2.328E+03));
#1076 = DIRECTION('',(0.,0.,1.));
#1077 = DIRECTION('',(1.,0.,-0.));
#1078 = PCURVE('',#865,#1079);
#1079 = DEFINITIONAL_REPRESENTATION('',(#1080),#1084);
#1080 = LINE('',#1081,#1082);
#1081 = CARTESIAN_POINT('',(0.,4.));
#1082 = VECTOR('',#1083,1.);
#1083 = DIRECTION('',(1.,0.));
#1084 = ( GEOMETRIC_REPRESENTATION_CONTEXT(2) 
PARAMETRIC_REPRESENTATION_CONTEXT() REPRESENTATION_CONTEXT('2D SPACE',''
  ) );
#1085 = PCURVE('',#1031,#1086);
#1086 = DEFINITIONAL_REPRESENTATION('',(#1087),#1091);
#1087 = CIRCLE('',#1088,13.);
#1088 = AXIS2_PLACEMENT_2D('',#1089,#1090);
#1089 = CARTESIAN_POINT('',(74.,37.));
#1090 = DIRECTION('',(1.,0.));
#1091 = ( GEOMETRIC_REPRESENTATION_CONTEXT(2) 
PARAMETRIC_REPRESENTATION_CONTEXT() REPRESENTATION_CONTEXT('2D SPACE',''
  ) );
#1092 = ORIENTED_EDGE('',*,*,#1093,.F.);
#1093 = EDGE_CURVE('',#849,#1070,#1094,.T.);
#1094 = SEAM_CURVE('',#1095,(#1099,#1106),.PCURVE_S1.);
#1095 = LINE('',#1096,#1097);
#1096 = CARTESIAN_POINT('',(1.735E+03,-40.,2.324E+03));
#1097 = VECTOR('',#1098,1.);
#1098 = DIRECTION('',(0.,0.,1.));
#1099 = PCURVE('',#865,#1100);
#1100 = DEFINITIONAL_REPRESENTATION('',(#1101),#1105);
#1101 = LINE('',#1102,#1103);
#1102 = CARTESIAN_POINT('',(6.28318530718,-0.));
#1103 = VECTOR('',#1104,1.);
#1104 = DIRECTION('',(0.,1.));
#1105 = ( GEOMETRIC_REPRESENTATION_CONTEXT(2) 
PARAMETRIC_REPRESENTATION_CONTEXT() REPRESENTATION_CONTEXT('2D SPACE',''
  ) );
#1106 = PCURVE('',#865,#1107);
#1107 = DEFINITIONAL_REPRESENTATION('',(#1108),#1112);
#1108 = LINE('',#1109,#1110);
#1109 = CARTESIAN_POINT('',(0.,-0.));
#1110 = VECTOR('',#1111,1.);
#1111 = DIRECTION('',(0.,1.));
#1112 = ( GEOMETRIC_REPRESENTATION_CONTEXT(2) 
PARAMETRIC_REPRESENTATION_CONTEXT() REPRESENTATION_CONTEXT('2D SPACE',''
  ) );
#1113 = ORIENTED_EDGE('',*,*,#848,.T.);
#1114 = ORIENTED_EDGE('',*,*,#1093,.T.);
#1115 = ADVANCED_FACE('',(#1116),#273,.F.);
#1116 = FACE_BOUND('',#1117,.F.);
#1117 = EDGE_LOOP('',(#1118,#1119,#1120,#1121));
#1118 = ORIENTED_EDGE('',*,*,#632,.F.);
#1119 = ORIENTED_EDGE('',*,*,#910,.T.);
#1120 = ORIENTED_EDGE('',*,*,#257,.T.);
#1121 = ORIENTED_EDGE('',*,*,#1122,.F.);
#1122 = EDGE_CURVE('',#633,#258,#1123,.T.);
#1123 = SURFACE_CURVE('',#1124,(#1128,#1135),.PCURVE_S1.);
#1124 = LINE('',#1125,#1126);
#1125 = CARTESIAN_POINT('',(1.77E+03,-5.5,2.325E+03));
#1126 = VECTOR('',#1127,1.);
#1127 = DIRECTION('',(0.,0.,1.));
#1128 = PCURVE('',#273,#1129);
#1129 = DEFINITIONAL_REPRESENTATION('',(#1130),#1134);
#1130 = LINE('',#1131,#1132);
#1131 = CARTESIAN_POINT('',(0.,140.));
#1132 = VECTOR('',#1133,1.);
#1133 = DIRECTION('',(1.,0.));
#1134 = ( GEOMETRIC_REPRESENTATION_CONTEXT(2) 
PARAMETRIC_REPRESENTATION_CONTEXT() REPRESENTATION_CONTEXT('2D SPACE',''
  ) );
#1135 = PCURVE('',#301,#1136);
#1136 = DEFINITIONAL_REPRESENTATION('',(#1137),#1141);
#1137 = LINE('',#1138,#1139);
#1138 = CARTESIAN_POINT('',(0.,0.));
#1139 = VECTOR('',#1140,1.);
#1140 = DIRECTION('',(1.,0.));
#1141 = ( GEOMETRIC_REPRESENTATION_CONTEXT(2) 
PARAMETRIC_REPRESENTATION_CONTEXT() REPRESENTATION_CONTEXT('2D SPACE',''
  ) );
#1142 = ADVANCED_FACE('',(#1143),#949,.T.);
#1143 = FACE_BOUND('',#1144,.T.);
#1144 = EDGE_LOOP('',(#1145));
#1145 = ORIENTED_EDGE('',*,*,#932,.T.);
#1146 = ADVANCED_FACE('',(#1147),#441,.T.);
#1147 = FACE_BOUND('',#1148,.T.);
#1148 = EDGE_LOOP('',(#1149,#1150,#1151,#1152));
#1149 = ORIENTED_EDGE('',*,*,#770,.F.);
#1150 = ORIENTED_EDGE('',*,*,#989,.T.);
#1151 = ORIENTED_EDGE('',*,*,#425,.T.);
#1152 = ORIENTED_EDGE('',*,*,#1153,.F.);
#1153 = EDGE_CURVE('',#748,#398,#1154,.T.);
#1154 = SURFACE_CURVE('',#1155,(#1159,#1165),.PCURVE_S1.);
#1155 = LINE('',#1156,#1157);
#1156 = CARTESIAN_POINT('',(1.645E+03,-1.5,2.325E+03));
#1157 = VECTOR('',#1158,1.);
#1158 = DIRECTION('',(0.,0.,1.));
#1159 = PCURVE('',#441,#1160);
#1160 = DEFINITIONAL_REPRESENTATION('',(#1161),#1164);
#1161 = B_SPLINE_CURVE_WITH_KNOTS('',1,(#1162,#1163),.UNSPECIFIED.,.F.,
  .F.,(2,2),(0.,90.),.PIECEWISE_BEZIER_KNOTS.);
#1162 = CARTESIAN_POINT('',(0.,15.));
#1163 = CARTESIAN_POINT('',(90.,15.));
#1164 = ( GEOMETRIC_REPRESENTATION_CONTEXT(2) 
PARAMETRIC_REPRESENTATION_CONTEXT() REPRESENTATION_CONTEXT('2D SPACE',''
  ) );
#1165 = PCURVE('',#413,#1166);
#1166 = DEFINITIONAL_REPRESENTATION('',(#1167),#1170);
#1167 = B_SPLINE_CURVE_WITH_KNOTS('',1,(#1168,#1169),.UNSPECIFIED.,.F.,
  .F.,(2,2),(0.,90.),.PIECEWISE_BEZIER_KNOTS.);
#1168 = CARTESIAN_POINT('',(0.,-78.5));
#1169 = CARTESIAN_POINT('',(90.,-78.5));
#1170 = ( GEOMETRIC_REPRESENTATION_CONTEXT(2) 
PARAMETRIC_REPRESENTATION_CONTEXT() REPRESENTATION_CONTEXT('2D SPACE',''
  ) );
#1171 = ADVANCED_FACE('',(#1172,#1284,#1287),#1031,.T.);
#1172 = FACE_BOUND('',#1173,.T.);
#1173 = EDGE_LOOP('',(#1174,#1204,#1232,#1260));
#1174 = ORIENTED_EDGE('',*,*,#1175,.F.);
#1175 = EDGE_CURVE('',#1176,#1178,#1180,.T.);
#1176 = VERTEX_POINT('',#1177);
#1177 = CARTESIAN_POINT('',(1.648E+03,-77.,2.328E+03));
#1178 = VERTEX_POINT('',#1179);
#1179 = CARTESIAN_POINT('',(1.648E+03,-5.5,2.328E+03));
#1180 = SURFACE_CURVE('',#1181,(#1185,#1192),.PCURVE_S1.);
#1181 = LINE('',#1182,#1183);
#1182 = CARTESIAN_POINT('',(1.648E+03,-77.,2.328E+03));
#1183 = VECTOR('',#1184,1.);
#1184 = DIRECTION('',(-0.,1.,0.));
#1185 = PCURVE('',#1031,#1186);
#1186 = DEFINITIONAL_REPRESENTATION('',(#1187),#1191);
#1187 = LINE('',#1188,#1189);
#1188 = CARTESIAN_POINT('',(0.,0.));
#1189 = VECTOR('',#1190,1.);
#1190 = DIRECTION('',(0.,1.));
#1191 = ( GEOMETRIC_REPRESENTATION_CONTEXT(2) 
PARAMETRIC_REPRESENTATION_CONTEXT() REPRESENTATION_CONTEXT('2D SPACE',''
  ) );
#1192 = PCURVE('',#1193,#1198);
#1193 = PLANE('',#1194);
#1194 = AXIS2_PLACEMENT_3D('',#1195,#1196,#1197);
#1195 = CARTESIAN_POINT('',(1.648E+03,-77.,2.328E+03));
#1196 = DIRECTION('',(1.,0.,-0.));
#1197 = DIRECTION('',(0.,0.,1.));
#1198 = DEFINITIONAL_REPRESENTATION('',(#1199),#1203);
#1199 = LINE('',#1200,#1201);
#1200 = CARTESIAN_POINT('',(0.,0.));
#1201 = VECTOR('',#1202,1.);
#1202 = DIRECTION('',(0.,-1.));
#1203 = ( GEOMETRIC_REPRESENTATION_CONTEXT(2) 
PARAMETRIC_REPRESENTATION_CONTEXT() REPRESENTATION_CONTEXT('2D SPACE',''
  ) );
#1204 = ORIENTED_EDGE('',*,*,#1205,.T.);
#1205 = EDGE_CURVE('',#1176,#1206,#1208,.T.);
#1206 = VERTEX_POINT('',#1207);
#1207 = CARTESIAN_POINT('',(1.752E+03,-77.,2.328E+03));
#1208 = SURFACE_CURVE('',#1209,(#1213,#1220),.PCURVE_S1.);
#1209 = LINE('',#1210,#1211);
#1210 = CARTESIAN_POINT('',(1.648E+03,-77.,2.328E+03));
#1211 = VECTOR('',#1212,1.);
#1212 = DIRECTION('',(1.,0.,-0.));
#1213 = PCURVE('',#1031,#1214);
#1214 = DEFINITIONAL_REPRESENTATION('',(#1215),#1219);
#1215 = LINE('',#1216,#1217);
#1216 = CARTESIAN_POINT('',(0.,0.));
#1217 = VECTOR('',#1218,1.);
#1218 = DIRECTION('',(1.,0.));
#1219 = ( GEOMETRIC_REPRESENTATION_CONTEXT(2) 
PARAMETRIC_REPRESENTATION_CONTEXT() REPRESENTATION_CONTEXT('2D SPACE',''
  ) );
#1220 = PCURVE('',#1221,#1226);
#1221 = PLANE('',#1222);
#1222 = AXIS2_PLACEMENT_3D('',#1223,#1224,#1225);
#1223 = CARTESIAN_POINT('',(1.648E+03,-77.,2.328E+03));
#1224 = DIRECTION('',(-0.,1.,0.));
#1225 = DIRECTION('',(0.,0.,1.));
#1226 = DEFINITIONAL_REPRESENTATION('',(#1227),#1231);
#1227 = LINE('',#1228,#1229);
#1228 = CARTESIAN_POINT('',(0.,0.));
#1229 = VECTOR('',#1230,1.);
#1230 = DIRECTION('',(0.,1.));
#1231 = ( GEOMETRIC_REPRESENTATION_CONTEXT(2) 
PARAMETRIC_REPRESENTATION_CONTEXT() REPRESENTATION_CONTEXT('2D SPACE',''
  ) );
#1232 = ORIENTED_EDGE('',*,*,#1233,.T.);
#1233 = EDGE_CURVE('',#1206,#1234,#1236,.T.);
#1234 = VERTEX_POINT('',#1235);
#1235 = CARTESIAN_POINT('',(1.752E+03,-5.5,2.328E+03));
#1236 = SURFACE_CURVE('',#1237,(#1241,#1248),.PCURVE_S1.);
#1237 = LINE('',#1238,#1239);
#1238 = CARTESIAN_POINT('',(1.752E+03,-77.,2.328E+03));
#1239 = VECTOR('',#1240,1.);
#1240 = DIRECTION('',(-0.,1.,0.));
#1241 = PCURVE('',#1031,#1242);
#1242 = DEFINITIONAL_REPRESENTATION('',(#1243),#1247);
#1243 = LINE('',#1244,#1245);
#1244 = CARTESIAN_POINT('',(104.,0.));
#1245 = VECTOR('',#1246,1.);
#1246 = DIRECTION('',(0.,1.));
#1247 = ( GEOMETRIC_REPRESENTATION_CONTEXT(2) 
PARAMETRIC_REPRESENTATION_CONTEXT() REPRESENTATION_CONTEXT('2D SPACE',''
  ) );
#1248 = PCURVE('',#1249,#1254);
#1249 = PLANE('',#1250);
#1250 = AXIS2_PLACEMENT_3D('',#1251,#1252,#1253);
#1251 = CARTESIAN_POINT('',(1.752E+03,-77.,2.328E+03));
#1252 = DIRECTION('',(1.,0.,-0.));
#1253 = DIRECTION('',(0.,0.,1.));
#1254 = DEFINITIONAL_REPRESENTATION('',(#1255),#1259);
#1255 = LINE('',#1256,#1257);
#1256 = CARTESIAN_POINT('',(0.,0.));
#1257 = VECTOR('',#1258,1.);
#1258 = DIRECTION('',(0.,-1.));
#1259 = ( GEOMETRIC_REPRESENTATION_CONTEXT(2) 
PARAMETRIC_REPRESENTATION_CONTEXT() REPRESENTATION_CONTEXT('2D SPACE',''
  ) );
#1260 = ORIENTED_EDGE('',*,*,#1261,.T.);
#1261 = EDGE_CURVE('',#1234,#1178,#1262,.T.);
#1262 = SURFACE_CURVE('',#1263,(#1267,#1273),.PCURVE_S1.);
#1263 = LINE('',#1264,#1265);
#1264 = CARTESIAN_POINT('',(1.639E+03,-5.5,2.328E+03));
#1265 = VECTOR('',#1266,1.);
#1266 = DIRECTION('',(-1.,-0.,0.));
#1267 = PCURVE('',#1031,#1268);
#1268 = DEFINITIONAL_REPRESENTATION('',(#1269),#1272);
#1269 = B_SPLINE_CURVE_WITH_KNOTS('',1,(#1270,#1271),.UNSPECIFIED.,.F.,
  .F.,(2,2),(-113.,-9.),.PIECEWISE_BEZIER_KNOTS.);
#1270 = CARTESIAN_POINT('',(104.,71.5));
#1271 = CARTESIAN_POINT('',(0.,71.5));
#1272 = ( GEOMETRIC_REPRESENTATION_CONTEXT(2) 
PARAMETRIC_REPRESENTATION_CONTEXT() REPRESENTATION_CONTEXT('2D SPACE',''
  ) );
#1273 = PCURVE('',#1274,#1279);
#1274 = PLANE('',#1275);
#1275 = AXIS2_PLACEMENT_3D('',#1276,#1277,#1278);
#1276 = CARTESIAN_POINT('',(1.63E+03,-5.5,2.325E+03));
#1277 = DIRECTION('',(-0.,1.,0.));
#1278 = DIRECTION('',(0.,0.,1.));
#1279 = DEFINITIONAL_REPRESENTATION('',(#1280),#1283);
#1280 = B_SPLINE_CURVE_WITH_KNOTS('',1,(#1281,#1282),.UNSPECIFIED.,.F.,
  .F.,(2,2),(-113.,-9.),.PIECEWISE_BEZIER_KNOTS.);
#1281 = CARTESIAN_POINT('',(3.,122.));
#1282 = CARTESIAN_POINT('',(3.,18.));
#1283 = ( GEOMETRIC_REPRESENTATION_CONTEXT(2) 
PARAMETRIC_REPRESENTATION_CONTEXT() REPRESENTATION_CONTEXT('2D SPACE',''
  ) );
#1284 = FACE_BOUND('',#1285,.T.);
#1285 = EDGE_LOOP('',(#1286));
#1286 = ORIENTED_EDGE('',*,*,#1014,.F.);
#1287 = FACE_BOUND('',#1288,.T.);
#1288 = EDGE_LOOP('',(#1289));
#1289 = ORIENTED_EDGE('',*,*,#1069,.F.);
#1290 = ADVANCED_FACE('',(#1291),#413,.F.);
#1291 = FACE_BOUND('',#1292,.F.);
#1292 = EDGE_LOOP('',(#1293,#1294,#1295,#1296));
#1293 = ORIENTED_EDGE('',*,*,#397,.F.);
#1294 = ORIENTED_EDGE('',*,*,#1153,.F.);
#1295 = ORIENTED_EDGE('',*,*,#747,.T.);
#1296 = ORIENTED_EDGE('',*,*,#1297,.T.);
#1297 = EDGE_CURVE('',#725,#370,#1298,.T.);
#1298 = SURFACE_CURVE('',#1299,(#1303,#1310),.PCURVE_S1.);
#1299 = LINE('',#1300,#1301);
#1300 = CARTESIAN_POINT('',(1.645E+03,0.,2.325E+03));
#1301 = VECTOR('',#1302,1.);
#1302 = DIRECTION('',(0.,0.,1.));
#1303 = PCURVE('',#413,#1304);
#1304 = DEFINITIONAL_REPRESENTATION('',(#1305),#1309);
#1305 = LINE('',#1306,#1307);
#1306 = CARTESIAN_POINT('',(0.,-80.));
#1307 = VECTOR('',#1308,1.);
#1308 = DIRECTION('',(1.,0.));
#1309 = ( GEOMETRIC_REPRESENTATION_CONTEXT(2) 
PARAMETRIC_REPRESENTATION_CONTEXT() REPRESENTATION_CONTEXT('2D SPACE',''
  ) );
#1310 = PCURVE('',#385,#1311);
#1311 = DEFINITIONAL_REPRESENTATION('',(#1312),#1316);
#1312 = LINE('',#1313,#1314);
#1313 = CARTESIAN_POINT('',(0.,0.));
#1314 = VECTOR('',#1315,1.);
#1315 = DIRECTION('',(1.,0.));
#1316 = ( GEOMETRIC_REPRESENTATION_CONTEXT(2) 
PARAMETRIC_REPRESENTATION_CONTEXT() REPRESENTATION_CONTEXT('2D SPACE',''
  ) );
#1317 = ADVANCED_FACE('',(#1318),#385,.T.);
#1318 = FACE_BOUND('',#1319,.T.);
#1319 = EDGE_LOOP('',(#1320,#1321,#1322,#1323));
#1320 = ORIENTED_EDGE('',*,*,#724,.F.);
#1321 = ORIENTED_EDGE('',*,*,#1297,.T.);
#1322 = ORIENTED_EDGE('',*,*,#369,.T.);
#1323 = ORIENTED_EDGE('',*,*,#1324,.F.);
#1324 = EDGE_CURVE('',#702,#342,#1325,.T.);
#1325 = SURFACE_CURVE('',#1326,(#1330,#1337),.PCURVE_S1.);
#1326 = LINE('',#1327,#1328);
#1327 = CARTESIAN_POINT('',(1.755E+03,0.,2.325E+03));
#1328 = VECTOR('',#1329,1.);
#1329 = DIRECTION('',(0.,0.,1.));
#1330 = PCURVE('',#385,#1331);
#1331 = DEFINITIONAL_REPRESENTATION('',(#1332),#1336);
#1332 = LINE('',#1333,#1334);
#1333 = CARTESIAN_POINT('',(0.,110.));
#1334 = VECTOR('',#1335,1.);
#1335 = DIRECTION('',(1.,0.));
#1336 = ( GEOMETRIC_REPRESENTATION_CONTEXT(2) 
PARAMETRIC_REPRESENTATION_CONTEXT() REPRESENTATION_CONTEXT('2D SPACE',''
  ) );
#1337 = PCURVE('',#357,#1338);
#1338 = DEFINITIONAL_REPRESENTATION('',(#1339),#1343);
#1339 = LINE('',#1340,#1341);
#1340 = CARTESIAN_POINT('',(0.,-80.));
#1341 = VECTOR('',#1342,1.);
#1342 = DIRECTION('',(1.,0.));
#1343 = ( GEOMETRIC_REPRESENTATION_CONTEXT(2) 
PARAMETRIC_REPRESENTATION_CONTEXT() REPRESENTATION_CONTEXT('2D SPACE',''
  ) );
#1344 = ADVANCED_FACE('',(#1345),#357,.T.);
#1345 = FACE_BOUND('',#1346,.T.);
#1346 = EDGE_LOOP('',(#1347,#1348,#1367,#1368));
#1347 = ORIENTED_EDGE('',*,*,#341,.F.);
#1348 = ORIENTED_EDGE('',*,*,#1349,.F.);
#1349 = EDGE_CURVE('',#679,#314,#1350,.T.);
#1350 = SURFACE_CURVE('',#1351,(#1355,#1361),.PCURVE_S1.);
#1351 = LINE('',#1352,#1353);
#1352 = CARTESIAN_POINT('',(1.755E+03,-1.5,2.325E+03));
#1353 = VECTOR('',#1354,1.);
#1354 = DIRECTION('',(0.,0.,1.));
#1355 = PCURVE('',#357,#1356);
#1356 = DEFINITIONAL_REPRESENTATION('',(#1357),#1360);
#1357 = B_SPLINE_CURVE_WITH_KNOTS('',1,(#1358,#1359),.UNSPECIFIED.,.F.,
  .F.,(2,2),(0.,90.),.PIECEWISE_BEZIER_KNOTS.);
#1358 = CARTESIAN_POINT('',(0.,-78.5));
#1359 = CARTESIAN_POINT('',(90.,-78.5));
#1360 = ( GEOMETRIC_REPRESENTATION_CONTEXT(2) 
PARAMETRIC_REPRESENTATION_CONTEXT() REPRESENTATION_CONTEXT('2D SPACE',''
  ) );
#1361 = PCURVE('',#329,#1362);
#1362 = DEFINITIONAL_REPRESENTATION('',(#1363),#1366);
#1363 = B_SPLINE_CURVE_WITH_KNOTS('',1,(#1364,#1365),.UNSPECIFIED.,.F.,
  .F.,(2,2),(0.,90.),.PIECEWISE_BEZIER_KNOTS.);
#1364 = CARTESIAN_POINT('',(0.,125.));
#1365 = CARTESIAN_POINT('',(90.,125.));
#1366 = ( GEOMETRIC_REPRESENTATION_CONTEXT(2) 
PARAMETRIC_REPRESENTATION_CONTEXT() REPRESENTATION_CONTEXT('2D SPACE',''
  ) );
#1367 = ORIENTED_EDGE('',*,*,#701,.T.);
#1368 = ORIENTED_EDGE('',*,*,#1324,.T.);
#1369 = ADVANCED_FACE('',(#1370),#329,.T.);
#1370 = FACE_BOUND('',#1371,.T.);
#1371 = EDGE_LOOP('',(#1372,#1373,#1374,#1375));
#1372 = ORIENTED_EDGE('',*,*,#678,.F.);
#1373 = ORIENTED_EDGE('',*,*,#1349,.T.);
#1374 = ORIENTED_EDGE('',*,*,#313,.T.);
#1375 = ORIENTED_EDGE('',*,*,#1376,.F.);
#1376 = EDGE_CURVE('',#656,#286,#1377,.T.);
#1377 = SURFACE_CURVE('',#1378,(#1382,#1389),.PCURVE_S1.);
#1378 = LINE('',#1379,#1380);
#1379 = CARTESIAN_POINT('',(1.77E+03,-1.5,2.325E+03));
#1380 = VECTOR('',#1381,1.);
#1381 = DIRECTION('',(0.,0.,1.));
#1382 = PCURVE('',#329,#1383);
#1383 = DEFINITIONAL_REPRESENTATION('',(#1384),#1388);
#1384 = LINE('',#1385,#1386);
#1385 = CARTESIAN_POINT('',(0.,140.));
#1386 = VECTOR('',#1387,1.);
#1387 = DIRECTION('',(1.,0.));
#1388 = ( GEOMETRIC_REPRESENTATION_CONTEXT(2) 
PARAMETRIC_REPRESENTATION_CONTEXT() REPRESENTATION_CONTEXT('2D SPACE',''
  ) );
#1389 = PCURVE('',#301,#1390);
#1390 = DEFINITIONAL_REPRESENTATION('',(#1391),#1395);
#1391 = LINE('',#1392,#1393);
#1392 = CARTESIAN_POINT('',(0.,-4.));
#1393 = VECTOR('',#1394,1.);
#1394 = DIRECTION('',(1.,0.));
#1395 = ( GEOMETRIC_REPRESENTATION_CONTEXT(2) 
PARAMETRIC_REPRESENTATION_CONTEXT() REPRESENTATION_CONTEXT('2D SPACE',''
  ) );
#1396 = ADVANCED_FACE('',(#1397),#301,.T.);
#1397 = FACE_BOUND('',#1398,.T.);
#1398 = EDGE_LOOP('',(#1399,#1400,#1401,#1402));
#1399 = ORIENTED_EDGE('',*,*,#1122,.F.);
#1400 = ORIENTED_EDGE('',*,*,#655,.T.);
#1401 = ORIENTED_EDGE('',*,*,#1376,.T.);
#1402 = ORIENTED_EDGE('',*,*,#285,.F.);
#1403 = ADVANCED_FACE('',(#1404),#1193,.T.);
#1404 = FACE_BOUND('',#1405,.T.);
#1405 = EDGE_LOOP('',(#1406,#1436,#1457,#1458));
#1406 = ORIENTED_EDGE('',*,*,#1407,.F.);
#1407 = EDGE_CURVE('',#1408,#1410,#1412,.T.);
#1408 = VERTEX_POINT('',#1409);
#1409 = CARTESIAN_POINT('',(1.648E+03,-77.,2.412E+03));
#1410 = VERTEX_POINT('',#1411);
#1411 = CARTESIAN_POINT('',(1.648E+03,-5.5,2.412E+03));
#1412 = SURFACE_CURVE('',#1413,(#1417,#1424),.PCURVE_S1.);
#1413 = LINE('',#1414,#1415);
#1414 = CARTESIAN_POINT('',(1.648E+03,-77.,2.412E+03));
#1415 = VECTOR('',#1416,1.);
#1416 = DIRECTION('',(-0.,1.,0.));
#1417 = PCURVE('',#1193,#1418);
#1418 = DEFINITIONAL_REPRESENTATION('',(#1419),#1423);
#1419 = LINE('',#1420,#1421);
#1420 = CARTESIAN_POINT('',(84.,0.));
#1421 = VECTOR('',#1422,1.);
#1422 = DIRECTION('',(0.,-1.));
#1423 = ( GEOMETRIC_REPRESENTATION_CONTEXT(2) 
PARAMETRIC_REPRESENTATION_CONTEXT() REPRESENTATION_CONTEXT('2D SPACE',''
  ) );
#1424 = PCURVE('',#1425,#1430);
#1425 = PLANE('',#1426);
#1426 = AXIS2_PLACEMENT_3D('',#1427,#1428,#1429);
#1427 = CARTESIAN_POINT('',(1.648E+03,-77.,2.412E+03));
#1428 = DIRECTION('',(0.,0.,1.));
#1429 = DIRECTION('',(1.,0.,-0.));
#1430 = DEFINITIONAL_REPRESENTATION('',(#1431),#1435);
#1431 = LINE('',#1432,#1433);
#1432 = CARTESIAN_POINT('',(0.,0.));
#1433 = VECTOR('',#1434,1.);
#1434 = DIRECTION('',(0.,1.));
#1435 = ( GEOMETRIC_REPRESENTATION_CONTEXT(2) 
PARAMETRIC_REPRESENTATION_CONTEXT() REPRESENTATION_CONTEXT('2D SPACE',''
  ) );
#1436 = ORIENTED_EDGE('',*,*,#1437,.F.);
#1437 = EDGE_CURVE('',#1176,#1408,#1438,.T.);
#1438 = SURFACE_CURVE('',#1439,(#1443,#1450),.PCURVE_S1.);
#1439 = LINE('',#1440,#1441);
#1440 = CARTESIAN_POINT('',(1.648E+03,-77.,2.328E+03));
#1441 = VECTOR('',#1442,1.);
#1442 = DIRECTION('',(0.,0.,1.));
#1443 = PCURVE('',#1193,#1444);
#1444 = DEFINITIONAL_REPRESENTATION('',(#1445),#1449);
#1445 = LINE('',#1446,#1447);
#1446 = CARTESIAN_POINT('',(0.,0.));
#1447 = VECTOR('',#1448,1.);
#1448 = DIRECTION('',(1.,0.));
#1449 = ( GEOMETRIC_REPRESENTATION_CONTEXT(2) 
PARAMETRIC_REPRESENTATION_CONTEXT() REPRESENTATION_CONTEXT('2D SPACE',''
  ) );
#1450 = PCURVE('',#1221,#1451);
#1451 = DEFINITIONAL_REPRESENTATION('',(#1452),#1456);
#1452 = LINE('',#1453,#1454);
#1453 = CARTESIAN_POINT('',(0.,0.));
#1454 = VECTOR('',#1455,1.);
#1455 = DIRECTION('',(1.,0.));
#1456 = ( GEOMETRIC_REPRESENTATION_CONTEXT(2) 
PARAMETRIC_REPRESENTATION_CONTEXT() REPRESENTATION_CONTEXT('2D SPACE',''
  ) );
#1457 = ORIENTED_EDGE('',*,*,#1175,.T.);
#1458 = ORIENTED_EDGE('',*,*,#1459,.T.);
#1459 = EDGE_CURVE('',#1178,#1410,#1460,.T.);
#1460 = SURFACE_CURVE('',#1461,(#1465,#1471),.PCURVE_S1.);
#1461 = LINE('',#1462,#1463);
#1462 = CARTESIAN_POINT('',(1.648E+03,-5.5,2.3265E+03));
#1463 = VECTOR('',#1464,1.);
#1464 = DIRECTION('',(0.,0.,1.));
#1465 = PCURVE('',#1193,#1466);
#1466 = DEFINITIONAL_REPRESENTATION('',(#1467),#1470);
#1467 = B_SPLINE_CURVE_WITH_KNOTS('',1,(#1468,#1469),.UNSPECIFIED.,.F.,
  .F.,(2,2),(1.5,85.5),.PIECEWISE_BEZIER_KNOTS.);
#1468 = CARTESIAN_POINT('',(0.,-71.5));
#1469 = CARTESIAN_POINT('',(84.,-71.5));
#1470 = ( GEOMETRIC_REPRESENTATION_CONTEXT(2) 
PARAMETRIC_REPRESENTATION_CONTEXT() REPRESENTATION_CONTEXT('2D SPACE',''
  ) );
#1471 = PCURVE('',#1274,#1472);
#1472 = DEFINITIONAL_REPRESENTATION('',(#1473),#1476);
#1473 = B_SPLINE_CURVE_WITH_KNOTS('',1,(#1474,#1475),.UNSPECIFIED.,.F.,
  .F.,(2,2),(1.5,85.5),.PIECEWISE_BEZIER_KNOTS.);
#1474 = CARTESIAN_POINT('',(3.,18.));
#1475 = CARTESIAN_POINT('',(87.,18.));
#1476 = ( GEOMETRIC_REPRESENTATION_CONTEXT(2) 
PARAMETRIC_REPRESENTATION_CONTEXT() REPRESENTATION_CONTEXT('2D SPACE',''
  ) );
#1477 = ADVANCED_FACE('',(#1478),#1274,.F.);
#1478 = FACE_BOUND('',#1479,.F.);
#1479 = EDGE_LOOP('',(#1480,#1501,#1502,#1503));
#1480 = ORIENTED_EDGE('',*,*,#1481,.F.);
#1481 = EDGE_CURVE('',#1234,#1482,#1484,.T.);
#1482 = VERTEX_POINT('',#1483);
#1483 = CARTESIAN_POINT('',(1.752E+03,-5.5,2.412E+03));
#1484 = SURFACE_CURVE('',#1485,(#1489,#1495),.PCURVE_S1.);
#1485 = LINE('',#1486,#1487);
#1486 = CARTESIAN_POINT('',(1.752E+03,-5.5,2.3265E+03));
#1487 = VECTOR('',#1488,1.);
#1488 = DIRECTION('',(0.,0.,1.));
#1489 = PCURVE('',#1274,#1490);
#1490 = DEFINITIONAL_REPRESENTATION('',(#1491),#1494);
#1491 = B_SPLINE_CURVE_WITH_KNOTS('',1,(#1492,#1493),.UNSPECIFIED.,.F.,
  .F.,(2,2),(1.5,85.5),.PIECEWISE_BEZIER_KNOTS.);
#1492 = CARTESIAN_POINT('',(3.,122.));
#1493 = CARTESIAN_POINT('',(87.,122.));
#1494 = ( GEOMETRIC_REPRESENTATION_CONTEXT(2) 
PARAMETRIC_REPRESENTATION_CONTEXT() REPRESENTATION_CONTEXT('2D SPACE',''
  ) );
#1495 = PCURVE('',#1249,#1496);
#1496 = DEFINITIONAL_REPRESENTATION('',(#1497),#1500);
#1497 = B_SPLINE_CURVE_WITH_KNOTS('',1,(#1498,#1499),.UNSPECIFIED.,.F.,
  .F.,(2,2),(1.5,85.5),.PIECEWISE_BEZIER_KNOTS.);
#1498 = CARTESIAN_POINT('',(0.,-71.5));
#1499 = CARTESIAN_POINT('',(84.,-71.5));
#1500 = ( GEOMETRIC_REPRESENTATION_CONTEXT(2) 
PARAMETRIC_REPRESENTATION_CONTEXT() REPRESENTATION_CONTEXT('2D SPACE',''
  ) );
#1501 = ORIENTED_EDGE('',*,*,#1261,.T.);
#1502 = ORIENTED_EDGE('',*,*,#1459,.T.);
#1503 = ORIENTED_EDGE('',*,*,#1504,.F.);
#1504 = EDGE_CURVE('',#1482,#1410,#1505,.T.);
#1505 = SURFACE_CURVE('',#1506,(#1510,#1516),.PCURVE_S1.);
#1506 = LINE('',#1507,#1508);
#1507 = CARTESIAN_POINT('',(1.639E+03,-5.5,2.412E+03));
#1508 = VECTOR('',#1509,1.);
#1509 = DIRECTION('',(-1.,-0.,0.));
#1510 = PCURVE('',#1274,#1511);
#1511 = DEFINITIONAL_REPRESENTATION('',(#1512),#1515);
#1512 = B_SPLINE_CURVE_WITH_KNOTS('',1,(#1513,#1514),.UNSPECIFIED.,.F.,
  .F.,(2,2),(-113.,-9.),.PIECEWISE_BEZIER_KNOTS.);
#1513 = CARTESIAN_POINT('',(87.,122.));
#1514 = CARTESIAN_POINT('',(87.,18.));
#1515 = ( GEOMETRIC_REPRESENTATION_CONTEXT(2) 
PARAMETRIC_REPRESENTATION_CONTEXT() REPRESENTATION_CONTEXT('2D SPACE',''
  ) );
#1516 = PCURVE('',#1425,#1517);
#1517 = DEFINITIONAL_REPRESENTATION('',(#1518),#1521);
#1518 = B_SPLINE_CURVE_WITH_KNOTS('',1,(#1519,#1520),.UNSPECIFIED.,.F.,
  .F.,(2,2),(-113.,-9.),.PIECEWISE_BEZIER_KNOTS.);
#1519 = CARTESIAN_POINT('',(104.,71.5));
#1520 = CARTESIAN_POINT('',(0.,71.5));
#1521 = ( GEOMETRIC_REPRESENTATION_CONTEXT(2) 
PARAMETRIC_REPRESENTATION_CONTEXT() REPRESENTATION_CONTEXT('2D SPACE',''
  ) );
#1522 = ADVANCED_FACE('',(#1523),#1249,.F.);
#1523 = FACE_BOUND('',#1524,.F.);
#1524 = EDGE_LOOP('',(#1525,#1548,#1569,#1570));
#1525 = ORIENTED_EDGE('',*,*,#1526,.F.);
#1526 = EDGE_CURVE('',#1527,#1482,#1529,.T.);
#1527 = VERTEX_POINT('',#1528);
#1528 = CARTESIAN_POINT('',(1.752E+03,-77.,2.412E+03));
#1529 = SURFACE_CURVE('',#1530,(#1534,#1541),.PCURVE_S1.);
#1530 = LINE('',#1531,#1532);
#1531 = CARTESIAN_POINT('',(1.752E+03,-77.,2.412E+03));
#1532 = VECTOR('',#1533,1.);
#1533 = DIRECTION('',(-0.,1.,0.));
#1534 = PCURVE('',#1249,#1535);
#1535 = DEFINITIONAL_REPRESENTATION('',(#1536),#1540);
#1536 = LINE('',#1537,#1538);
#1537 = CARTESIAN_POINT('',(84.,0.));
#1538 = VECTOR('',#1539,1.);
#1539 = DIRECTION('',(0.,-1.));
#1540 = ( GEOMETRIC_REPRESENTATION_CONTEXT(2) 
PARAMETRIC_REPRESENTATION_CONTEXT() REPRESENTATION_CONTEXT('2D SPACE',''
  ) );
#1541 = PCURVE('',#1425,#1542);
#1542 = DEFINITIONAL_REPRESENTATION('',(#1543),#1547);
#1543 = LINE('',#1544,#1545);
#1544 = CARTESIAN_POINT('',(104.,0.));
#1545 = VECTOR('',#1546,1.);
#1546 = DIRECTION('',(0.,1.));
#1547 = ( GEOMETRIC_REPRESENTATION_CONTEXT(2) 
PARAMETRIC_REPRESENTATION_CONTEXT() REPRESENTATION_CONTEXT('2D SPACE',''
  ) );
#1548 = ORIENTED_EDGE('',*,*,#1549,.F.);
#1549 = EDGE_CURVE('',#1206,#1527,#1550,.T.);
#1550 = SURFACE_CURVE('',#1551,(#1555,#1562),.PCURVE_S1.);
#1551 = LINE('',#1552,#1553);
#1552 = CARTESIAN_POINT('',(1.752E+03,-77.,2.328E+03));
#1553 = VECTOR('',#1554,1.);
#1554 = DIRECTION('',(0.,0.,1.));
#1555 = PCURVE('',#1249,#1556);
#1556 = DEFINITIONAL_REPRESENTATION('',(#1557),#1561);
#1557 = LINE('',#1558,#1559);
#1558 = CARTESIAN_POINT('',(0.,0.));
#1559 = VECTOR('',#1560,1.);
#1560 = DIRECTION('',(1.,0.));
#1561 = ( GEOMETRIC_REPRESENTATION_CONTEXT(2) 
PARAMETRIC_REPRESENTATION_CONTEXT() REPRESENTATION_CONTEXT('2D SPACE',''
  ) );
#1562 = PCURVE('',#1221,#1563);
#1563 = DEFINITIONAL_REPRESENTATION('',(#1564),#1568);
#1564 = LINE('',#1565,#1566);
#1565 = CARTESIAN_POINT('',(0.,104.));
#1566 = VECTOR('',#1567,1.);
#1567 = DIRECTION('',(1.,0.));
#1568 = ( GEOMETRIC_REPRESENTATION_CONTEXT(2) 
PARAMETRIC_REPRESENTATION_CONTEXT() REPRESENTATION_CONTEXT('2D SPACE',''
  ) );
#1569 = ORIENTED_EDGE('',*,*,#1233,.T.);
#1570 = ORIENTED_EDGE('',*,*,#1481,.T.);
#1571 = ADVANCED_FACE('',(#1572),#1221,.T.);
#1572 = FACE_BOUND('',#1573,.T.);
#1573 = EDGE_LOOP('',(#1574,#1575,#1576,#1597));
#1574 = ORIENTED_EDGE('',*,*,#1205,.F.);
#1575 = ORIENTED_EDGE('',*,*,#1437,.T.);
#1576 = ORIENTED_EDGE('',*,*,#1577,.T.);
#1577 = EDGE_CURVE('',#1408,#1527,#1578,.T.);
#1578 = SURFACE_CURVE('',#1579,(#1583,#1590),.PCURVE_S1.);
#1579 = LINE('',#1580,#1581);
#1580 = CARTESIAN_POINT('',(1.648E+03,-77.,2.412E+03));
#1581 = VECTOR('',#1582,1.);
#1582 = DIRECTION('',(1.,0.,-0.));
#1583 = PCURVE('',#1221,#1584);
#1584 = DEFINITIONAL_REPRESENTATION('',(#1585),#1589);
#1585 = LINE('',#1586,#1587);
#1586 = CARTESIAN_POINT('',(84.,0.));
#1587 = VECTOR('',#1588,1.);
#1588 = DIRECTION('',(0.,1.));
#1589 = ( GEOMETRIC_REPRESENTATION_CONTEXT(2) 
PARAMETRIC_REPRESENTATION_CONTEXT() REPRESENTATION_CONTEXT('2D SPACE',''
  ) );
#1590 = PCURVE('',#1425,#1591);
#1591 = DEFINITIONAL_REPRESENTATION('',(#1592),#1596);
#1592 = LINE('',#1593,#1594);
#1593 = CARTESIAN_POINT('',(0.,0.));
#1594 = VECTOR('',#1595,1.);
#1595 = DIRECTION('',(1.,0.));
#1596 = ( GEOMETRIC_REPRESENTATION_CONTEXT(2) 
PARAMETRIC_REPRESENTATION_CONTEXT() REPRESENTATION_CONTEXT('2D SPACE',''
  ) );
#1597 = ORIENTED_EDGE('',*,*,#1549,.F.);
#1598 = ADVANCED_FACE('',(#1599),#1425,.F.);
#1599 = FACE_BOUND('',#1600,.F.);
#1600 = EDGE_LOOP('',(#1601,#1602,#1603,#1604));
#1601 = ORIENTED_EDGE('',*,*,#1407,.F.);
#1602 = ORIENTED_EDGE('',*,*,#1577,.T.);
#1603 = ORIENTED_EDGE('',*,*,#1526,.T.);
#1604 = ORIENTED_EDGE('',*,*,#1504,.T.);
#1605 = ( GEOMETRIC_REPRESENTATION_CONTEXT(3) 
GLOBAL_UNCERTAINTY_ASSIGNED_CONTEXT((#1609)) 
GLOBAL_UNIT_ASSIGNED_CONTEXT((#1606,#1607,#1608)) REPRESENTATION_CONTEXT
('Context #1','3D Context with UNIT and UNCERTAINTY') );
#1606 = ( LENGTH_UNIT() NAMED_UNIT(*) SI_UNIT(.MILLI.,.METRE.) );
#1607 = ( NAMED_UNIT(*) PLANE_ANGLE_UNIT() SI_UNIT($,.RADIAN.) );
#1608 = ( NAMED_UNIT(*) SI_UNIT($,.STERADIAN.) SOLID_ANGLE_UNIT() );
#1609 = UNCERTAINTY_MEASURE_WITH_UNIT(LENGTH_MEASURE(2.E-07),#1606,
  'distance_accuracy_value','confusion accuracy');
#1610 = CONTEXT_DEPENDENT_SHAPE_REPRESENTATION(#1611,#1613);
#1611 = ( REPRESENTATION_RELATIONSHIP('','',#80,#10) 
REPRESENTATION_RELATIONSHIP_WITH_TRANSFORMATION(#1612) 
SHAPE_REPRESENTATION_RELATIONSHIP() );
#1612 = ITEM_DEFINED_TRANSFORMATION('','',#11,#15);
#1613 = PRODUCT_DEFINITION_SHAPE('Placement','Placement of an item',
  #1614);
#1614 = NEXT_ASSEMBLY_USAGE_OCCURRENCE('1','=>[0:1:1:2]','',#5,#75,$);
#1615 = PRODUCT_RELATED_PRODUCT_CATEGORY('part',$,(#77));
#1616 = SHAPE_DEFINITION_REPRESENTATION(#1617,#1623);
#1617 = PRODUCT_DEFINITION_SHAPE('','',#1618);
#1618 = PRODUCT_DEFINITION('design','',#1619,#1622);
#1619 = PRODUCT_DEFINITION_FORMATION('','',#1620);
#1620 = PRODUCT('COMPOUND','COMPOUND','',(#1621));
#1621 = PRODUCT_CONTEXT('',#2,'mechanical');
#1622 = PRODUCT_DEFINITION_CONTEXT('part definition',#2,'design');
#1623 = ADVANCED_BREP_SHAPE_REPRESENTATION('',(#11,#1624),#2044);
#1624 = MANIFOLD_SOLID_BREP('',#1625);
#1625 = CLOSED_SHELL('',(#1626,#1746,#1822,#1871,#1920,#1978,#1985,#2040
    ));
#1626 = ADVANCED_FACE('',(#1627),#1641,.F.);
#1627 = FACE_BOUND('',#1628,.F.);
#1628 = EDGE_LOOP('',(#1629,#1664,#1692,#1720));
#1629 = ORIENTED_EDGE('',*,*,#1630,.F.);
#1630 = EDGE_CURVE('',#1631,#1633,#1635,.T.);
#1631 = VERTEX_POINT('',#1632);
#1632 = CARTESIAN_POINT('',(1.65E+03,-75.,2.3492E+03));
#1633 = VERTEX_POINT('',#1634);
#1634 = CARTESIAN_POINT('',(1.65E+03,-75.,2.3508E+03));
#1635 = SURFACE_CURVE('',#1636,(#1640,#1652),.PCURVE_S1.);
#1636 = LINE('',#1637,#1638);
#1637 = CARTESIAN_POINT('',(1.65E+03,-75.,2.3492E+03));
#1638 = VECTOR('',#1639,1.);
#1639 = DIRECTION('',(0.,0.,1.));
#1640 = PCURVE('',#1641,#1646);
#1641 = PLANE('',#1642);
#1642 = AXIS2_PLACEMENT_3D('',#1643,#1644,#1645);
#1643 = CARTESIAN_POINT('',(1.65E+03,-75.,2.3492E+03));
#1644 = DIRECTION('',(1.,0.,-0.));
#1645 = DIRECTION('',(0.,0.,1.));
#1646 = DEFINITIONAL_REPRESENTATION('',(#1647),#1651);
#1647 = LINE('',#1648,#1649);
#1648 = CARTESIAN_POINT('',(0.,0.));
#1649 = VECTOR('',#1650,1.);
#1650 = DIRECTION('',(1.,0.));
#1651 = ( GEOMETRIC_REPRESENTATION_CONTEXT(2) 
PARAMETRIC_REPRESENTATION_CONTEXT() REPRESENTATION_CONTEXT('2D SPACE',''
  ) );
#1652 = PCURVE('',#1653,#1658);
#1653 = PLANE('',#1654);
#1654 = AXIS2_PLACEMENT_3D('',#1655,#1656,#1657);
#1655 = CARTESIAN_POINT('',(1.65E+03,-75.,2.3492E+03));
#1656 = DIRECTION('',(-0.,1.,0.));
#1657 = DIRECTION('',(0.,0.,1.));
#1658 = DEFINITIONAL_REPRESENTATION('',(#1659),#1663);
#1659 = LINE('',#1660,#1661);
#1660 = CARTESIAN_POINT('',(0.,0.));
#1661 = VECTOR('',#1662,1.);
#1662 = DIRECTION('',(1.,0.));
#1663 = ( GEOMETRIC_REPRESENTATION_CONTEXT(2) 
PARAMETRIC_REPRESENTATION_CONTEXT() REPRESENTATION_CONTEXT('2D SPACE',''
  ) );
#1664 = ORIENTED_EDGE('',*,*,#1665,.T.);
#1665 = EDGE_CURVE('',#1631,#1666,#1668,.T.);
#1666 = VERTEX_POINT('',#1667);
#1667 = CARTESIAN_POINT('',(1.65E+03,-5.,2.3492E+03));
#1668 = SURFACE_CURVE('',#1669,(#1673,#1680),.PCURVE_S1.);
#1669 = LINE('',#1670,#1671);
#1670 = CARTESIAN_POINT('',(1.65E+03,-75.,2.3492E+03));
#1671 = VECTOR('',#1672,1.);
#1672 = DIRECTION('',(-0.,1.,0.));
#1673 = PCURVE('',#1641,#1674);
#1674 = DEFINITIONAL_REPRESENTATION('',(#1675),#1679);
#1675 = LINE('',#1676,#1677);
#1676 = CARTESIAN_POINT('',(0.,0.));
#1677 = VECTOR('',#1678,1.);
#1678 = DIRECTION('',(0.,-1.));
#1679 = ( GEOMETRIC_REPRESENTATION_CONTEXT(2) 
PARAMETRIC_REPRESENTATION_CONTEXT() REPRESENTATION_CONTEXT('2D SPACE',''
  ) );
#1680 = PCURVE('',#1681,#1686);
#1681 = PLANE('',#1682);
#1682 = AXIS2_PLACEMENT_3D('',#1683,#1684,#1685);
#1683 = CARTESIAN_POINT('',(1.65E+03,-75.,2.3492E+03));
#1684 = DIRECTION('',(0.,0.,1.));
#1685 = DIRECTION('',(1.,0.,-0.));
#1686 = DEFINITIONAL_REPRESENTATION('',(#1687),#1691);
#1687 = LINE('',#1688,#1689);
#1688 = CARTESIAN_POINT('',(0.,0.));
#1689 = VECTOR('',#1690,1.);
#1690 = DIRECTION('',(0.,1.));
#1691 = ( GEOMETRIC_REPRESENTATION_CONTEXT(2) 
PARAMETRIC_REPRESENTATION_CONTEXT() REPRESENTATION_CONTEXT('2D SPACE',''
  ) );
#1692 = ORIENTED_EDGE('',*,*,#1693,.T.);
#1693 = EDGE_CURVE('',#1666,#1694,#1696,.T.);
#1694 = VERTEX_POINT('',#1695);
#1695 = CARTESIAN_POINT('',(1.65E+03,-5.,2.3508E+03));
#1696 = SURFACE_CURVE('',#1697,(#1701,#1708),.PCURVE_S1.);
#1697 = LINE('',#1698,#1699);
#1698 = CARTESIAN_POINT('',(1.65E+03,-5.,2.3492E+03));
#1699 = VECTOR('',#1700,1.);
#1700 = DIRECTION('',(0.,0.,1.));
#1701 = PCURVE('',#1641,#1702);
#1702 = DEFINITIONAL_REPRESENTATION('',(#1703),#1707);
#1703 = LINE('',#1704,#1705);
#1704 = CARTESIAN_POINT('',(0.,-70.));
#1705 = VECTOR('',#1706,1.);
#1706 = DIRECTION('',(1.,0.));
#1707 = ( GEOMETRIC_REPRESENTATION_CONTEXT(2) 
PARAMETRIC_REPRESENTATION_CONTEXT() REPRESENTATION_CONTEXT('2D SPACE',''
  ) );
#1708 = PCURVE('',#1709,#1714);
#1709 = PLANE('',#1710);
#1710 = AXIS2_PLACEMENT_3D('',#1711,#1712,#1713);
#1711 = CARTESIAN_POINT('',(1.65E+03,-5.,2.3492E+03));
#1712 = DIRECTION('',(-0.,1.,0.));
#1713 = DIRECTION('',(0.,0.,1.));
#1714 = DEFINITIONAL_REPRESENTATION('',(#1715),#1719);
#1715 = LINE('',#1716,#1717);
#1716 = CARTESIAN_POINT('',(0.,0.));
#1717 = VECTOR('',#1718,1.);
#1718 = DIRECTION('',(1.,0.));
#1719 = ( GEOMETRIC_REPRESENTATION_CONTEXT(2) 
PARAMETRIC_REPRESENTATION_CONTEXT() REPRESENTATION_CONTEXT('2D SPACE',''
  ) );
#1720 = ORIENTED_EDGE('',*,*,#1721,.F.);
#1721 = EDGE_CURVE('',#1633,#1694,#1722,.T.);
#1722 = SURFACE_CURVE('',#1723,(#1727,#1734),.PCURVE_S1.);
#1723 = LINE('',#1724,#1725);
#1724 = CARTESIAN_POINT('',(1.65E+03,-75.,2.3508E+03));
#1725 = VECTOR('',#1726,1.);
#1726 = DIRECTION('',(-0.,1.,0.));
#1727 = PCURVE('',#1641,#1728);
#1728 = DEFINITIONAL_REPRESENTATION('',(#1729),#1733);
#1729 = LINE('',#1730,#1731);
#1730 = CARTESIAN_POINT('',(1.6,0.));
#1731 = VECTOR('',#1732,1.);
#1732 = DIRECTION('',(0.,-1.));
#1733 = ( GEOMETRIC_REPRESENTATION_CONTEXT(2) 
PARAMETRIC_REPRESENTATION_CONTEXT() REPRESENTATION_CONTEXT('2D SPACE',''
  ) );
#1734 = PCURVE('',#1735,#1740);
#1735 = PLANE('',#1736);
#1736 = AXIS2_PLACEMENT_3D('',#1737,#1738,#1739);
#1737 = CARTESIAN_POINT('',(1.65E+03,-75.,2.3508E+03));
#1738 = DIRECTION('',(0.,0.,1.));
#1739 = DIRECTION('',(1.,0.,-0.));
#1740 = DEFINITIONAL_REPRESENTATION('',(#1741),#1745);
#1741 = LINE('',#1742,#1743);
#1742 = CARTESIAN_POINT('',(0.,0.));
#1743 = VECTOR('',#1744,1.);
#1744 = DIRECTION('',(0.,1.));
#1745 = ( GEOMETRIC_REPRESENTATION_CONTEXT(2) 
PARAMETRIC_REPRESENTATION_CONTEXT() REPRESENTATION_CONTEXT('2D SPACE',''
  ) );
#1746 = ADVANCED_FACE('',(#1747),#1653,.F.);
#1747 = FACE_BOUND('',#1748,.F.);
#1748 = EDGE_LOOP('',(#1749,#1772,#1773,#1796));
#1749 = ORIENTED_EDGE('',*,*,#1750,.F.);
#1750 = EDGE_CURVE('',#1631,#1751,#1753,.T.);
#1751 = VERTEX_POINT('',#1752);
#1752 = CARTESIAN_POINT('',(1.75E+03,-75.,2.3492E+03));
#1753 = SURFACE_CURVE('',#1754,(#1758,#1765),.PCURVE_S1.);
#1754 = LINE('',#1755,#1756);
#1755 = CARTESIAN_POINT('',(1.65E+03,-75.,2.3492E+03));
#1756 = VECTOR('',#1757,1.);
#1757 = DIRECTION('',(1.,0.,-0.));
#1758 = PCURVE('',#1653,#1759);
#1759 = DEFINITIONAL_REPRESENTATION('',(#1760),#1764);
#1760 = LINE('',#1761,#1762);
#1761 = CARTESIAN_POINT('',(0.,0.));
#1762 = VECTOR('',#1763,1.);
#1763 = DIRECTION('',(0.,1.));
#1764 = ( GEOMETRIC_REPRESENTATION_CONTEXT(2) 
PARAMETRIC_REPRESENTATION_CONTEXT() REPRESENTATION_CONTEXT('2D SPACE',''
  ) );
#1765 = PCURVE('',#1681,#1766);
#1766 = DEFINITIONAL_REPRESENTATION('',(#1767),#1771);
#1767 = LINE('',#1768,#1769);
#1768 = CARTESIAN_POINT('',(0.,0.));
#1769 = VECTOR('',#1770,1.);
#1770 = DIRECTION('',(1.,0.));
#1771 = ( GEOMETRIC_REPRESENTATION_CONTEXT(2) 
PARAMETRIC_REPRESENTATION_CONTEXT() REPRESENTATION_CONTEXT('2D SPACE',''
  ) );
#1772 = ORIENTED_EDGE('',*,*,#1630,.T.);
#1773 = ORIENTED_EDGE('',*,*,#1774,.T.);
#1774 = EDGE_CURVE('',#1633,#1775,#1777,.T.);
#1775 = VERTEX_POINT('',#1776);
#1776 = CARTESIAN_POINT('',(1.75E+03,-75.,2.3508E+03));
#1777 = SURFACE_CURVE('',#1778,(#1782,#1789),.PCURVE_S1.);
#1778 = LINE('',#1779,#1780);
#1779 = CARTESIAN_POINT('',(1.65E+03,-75.,2.3508E+03));
#1780 = VECTOR('',#1781,1.);
#1781 = DIRECTION('',(1.,0.,-0.));
#1782 = PCURVE('',#1653,#1783);
#1783 = DEFINITIONAL_REPRESENTATION('',(#1784),#1788);
#1784 = LINE('',#1785,#1786);
#1785 = CARTESIAN_POINT('',(1.6,0.));
#1786 = VECTOR('',#1787,1.);
#1787 = DIRECTION('',(0.,1.));
#1788 = ( GEOMETRIC_REPRESENTATION_CONTEXT(2) 
PARAMETRIC_REPRESENTATION_CONTEXT() REPRESENTATION_CONTEXT('2D SPACE',''
  ) );
#1789 = PCURVE('',#1735,#1790);
#1790 = DEFINITIONAL_REPRESENTATION('',(#1791),#1795);
#1791 = LINE('',#1792,#1793);
#1792 = CARTESIAN_POINT('',(0.,0.));
#1793 = VECTOR('',#1794,1.);
#1794 = DIRECTION('',(1.,0.));
#1795 = ( GEOMETRIC_REPRESENTATION_CONTEXT(2) 
PARAMETRIC_REPRESENTATION_CONTEXT() REPRESENTATION_CONTEXT('2D SPACE',''
  ) );
#1796 = ORIENTED_EDGE('',*,*,#1797,.F.);
#1797 = EDGE_CURVE('',#1751,#1775,#1798,.T.);
#1798 = SURFACE_CURVE('',#1799,(#1803,#1810),.PCURVE_S1.);
#1799 = LINE('',#1800,#1801);
#1800 = CARTESIAN_POINT('',(1.75E+03,-75.,2.3492E+03));
#1801 = VECTOR('',#1802,1.);
#1802 = DIRECTION('',(0.,0.,1.));
#1803 = PCURVE('',#1653,#1804);
#1804 = DEFINITIONAL_REPRESENTATION('',(#1805),#1809);
#1805 = LINE('',#1806,#1807);
#1806 = CARTESIAN_POINT('',(0.,100.));
#1807 = VECTOR('',#1808,1.);
#1808 = DIRECTION('',(1.,0.));
#1809 = ( GEOMETRIC_REPRESENTATION_CONTEXT(2) 
PARAMETRIC_REPRESENTATION_CONTEXT() REPRESENTATION_CONTEXT('2D SPACE',''
  ) );
#1810 = PCURVE('',#1811,#1816);
#1811 = PLANE('',#1812);
#1812 = AXIS2_PLACEMENT_3D('',#1813,#1814,#1815);
#1813 = CARTESIAN_POINT('',(1.75E+03,-75.,2.3492E+03));
#1814 = DIRECTION('',(1.,0.,-0.));
#1815 = DIRECTION('',(0.,0.,1.));
#1816 = DEFINITIONAL_REPRESENTATION('',(#1817),#1821);
#1817 = LINE('',#1818,#1819);
#1818 = CARTESIAN_POINT('',(0.,0.));
#1819 = VECTOR('',#1820,1.);
#1820 = DIRECTION('',(1.,0.));
#1821 = ( GEOMETRIC_REPRESENTATION_CONTEXT(2) 
PARAMETRIC_REPRESENTATION_CONTEXT() REPRESENTATION_CONTEXT('2D SPACE',''
  ) );
#1822 = ADVANCED_FACE('',(#1823),#1735,.T.);
#1823 = FACE_BOUND('',#1824,.T.);
#1824 = EDGE_LOOP('',(#1825,#1826,#1827,#1850));
#1825 = ORIENTED_EDGE('',*,*,#1721,.F.);
#1826 = ORIENTED_EDGE('',*,*,#1774,.T.);
#1827 = ORIENTED_EDGE('',*,*,#1828,.T.);
#1828 = EDGE_CURVE('',#1775,#1829,#1831,.T.);
#1829 = VERTEX_POINT('',#1830);
#1830 = CARTESIAN_POINT('',(1.75E+03,-5.,2.3508E+03));
#1831 = SURFACE_CURVE('',#1832,(#1836,#1843),.PCURVE_S1.);
#1832 = LINE('',#1833,#1834);
#1833 = CARTESIAN_POINT('',(1.75E+03,-75.,2.3508E+03));
#1834 = VECTOR('',#1835,1.);
#1835 = DIRECTION('',(-0.,1.,0.));
#1836 = PCURVE('',#1735,#1837);
#1837 = DEFINITIONAL_REPRESENTATION('',(#1838),#1842);
#1838 = LINE('',#1839,#1840);
#1839 = CARTESIAN_POINT('',(100.,0.));
#1840 = VECTOR('',#1841,1.);
#1841 = DIRECTION('',(0.,1.));
#1842 = ( GEOMETRIC_REPRESENTATION_CONTEXT(2) 
PARAMETRIC_REPRESENTATION_CONTEXT() REPRESENTATION_CONTEXT('2D SPACE',''
  ) );
#1843 = PCURVE('',#1811,#1844);
#1844 = DEFINITIONAL_REPRESENTATION('',(#1845),#1849);
#1845 = LINE('',#1846,#1847);
#1846 = CARTESIAN_POINT('',(1.6,0.));
#1847 = VECTOR('',#1848,1.);
#1848 = DIRECTION('',(0.,-1.));
#1849 = ( GEOMETRIC_REPRESENTATION_CONTEXT(2) 
PARAMETRIC_REPRESENTATION_CONTEXT() REPRESENTATION_CONTEXT('2D SPACE',''
  ) );
#1850 = ORIENTED_EDGE('',*,*,#1851,.F.);
#1851 = EDGE_CURVE('',#1694,#1829,#1852,.T.);
#1852 = SURFACE_CURVE('',#1853,(#1857,#1864),.PCURVE_S1.);
#1853 = LINE('',#1854,#1855);
#1854 = CARTESIAN_POINT('',(1.65E+03,-5.,2.3508E+03));
#1855 = VECTOR('',#1856,1.);
#1856 = DIRECTION('',(1.,0.,-0.));
#1857 = PCURVE('',#1735,#1858);
#1858 = DEFINITIONAL_REPRESENTATION('',(#1859),#1863);
#1859 = LINE('',#1860,#1861);
#1860 = CARTESIAN_POINT('',(0.,70.));
#1861 = VECTOR('',#1862,1.);
#1862 = DIRECTION('',(1.,0.));
#1863 = ( GEOMETRIC_REPRESENTATION_CONTEXT(2) 
PARAMETRIC_REPRESENTATION_CONTEXT() REPRESENTATION_CONTEXT('2D SPACE',''
  ) );
#1864 = PCURVE('',#1709,#1865);
#1865 = DEFINITIONAL_REPRESENTATION('',(#1866),#1870);
#1866 = LINE('',#1867,#1868);
#1867 = CARTESIAN_POINT('',(1.6,0.));
#1868 = VECTOR('',#1869,1.);
#1869 = DIRECTION('',(0.,1.));
#1870 = ( GEOMETRIC_REPRESENTATION_CONTEXT(2) 
PARAMETRIC_REPRESENTATION_CONTEXT() REPRESENTATION_CONTEXT('2D SPACE',''
  ) );
#1871 = ADVANCED_FACE('',(#1872),#1709,.T.);
#1872 = FACE_BOUND('',#1873,.T.);
#1873 = EDGE_LOOP('',(#1874,#1897,#1898,#1899));
#1874 = ORIENTED_EDGE('',*,*,#1875,.F.);
#1875 = EDGE_CURVE('',#1666,#1876,#1878,.T.);
#1876 = VERTEX_POINT('',#1877);
#1877 = CARTESIAN_POINT('',(1.75E+03,-5.,2.3492E+03));
#1878 = SURFACE_CURVE('',#1879,(#1883,#1890),.PCURVE_S1.);
#1879 = LINE('',#1880,#1881);
#1880 = CARTESIAN_POINT('',(1.65E+03,-5.,2.3492E+03));
#1881 = VECTOR('',#1882,1.);
#1882 = DIRECTION('',(1.,0.,-0.));
#1883 = PCURVE('',#1709,#1884);
#1884 = DEFINITIONAL_REPRESENTATION('',(#1885),#1889);
#1885 = LINE('',#1886,#1887);
#1886 = CARTESIAN_POINT('',(0.,0.));
#1887 = VECTOR('',#1888,1.);
#1888 = DIRECTION('',(0.,1.));
#1889 = ( GEOMETRIC_REPRESENTATION_CONTEXT(2) 
PARAMETRIC_REPRESENTATION_CONTEXT() REPRESENTATION_CONTEXT('2D SPACE',''
  ) );
#1890 = PCURVE('',#1681,#1891);
#1891 = DEFINITIONAL_REPRESENTATION('',(#1892),#1896);
#1892 = LINE('',#1893,#1894);
#1893 = CARTESIAN_POINT('',(0.,70.));
#1894 = VECTOR('',#1895,1.);
#1895 = DIRECTION('',(1.,0.));
#1896 = ( GEOMETRIC_REPRESENTATION_CONTEXT(2) 
PARAMETRIC_REPRESENTATION_CONTEXT() REPRESENTATION_CONTEXT('2D SPACE',''
  ) );
#1897 = ORIENTED_EDGE('',*,*,#1693,.T.);
#1898 = ORIENTED_EDGE('',*,*,#1851,.T.);
#1899 = ORIENTED_EDGE('',*,*,#1900,.F.);
#1900 = EDGE_CURVE('',#1876,#1829,#1901,.T.);
#1901 = SURFACE_CURVE('',#1902,(#1906,#1913),.PCURVE_S1.);
#1902 = LINE('',#1903,#1904);
#1903 = CARTESIAN_POINT('',(1.75E+03,-5.,2.3492E+03));
#1904 = VECTOR('',#1905,1.);
#1905 = DIRECTION('',(0.,0.,1.));
#1906 = PCURVE('',#1709,#1907);
#1907 = DEFINITIONAL_REPRESENTATION('',(#1908),#1912);
#1908 = LINE('',#1909,#1910);
#1909 = CARTESIAN_POINT('',(0.,100.));
#1910 = VECTOR('',#1911,1.);
#1911 = DIRECTION('',(1.,0.));
#1912 = ( GEOMETRIC_REPRESENTATION_CONTEXT(2) 
PARAMETRIC_REPRESENTATION_CONTEXT() REPRESENTATION_CONTEXT('2D SPACE',''
  ) );
#1913 = PCURVE('',#1811,#1914);
#1914 = DEFINITIONAL_REPRESENTATION('',(#1915),#1919);
#1915 = LINE('',#1916,#1917);
#1916 = CARTESIAN_POINT('',(0.,-70.));
#1917 = VECTOR('',#1918,1.);
#1918 = DIRECTION('',(1.,0.));
#1919 = ( GEOMETRIC_REPRESENTATION_CONTEXT(2) 
PARAMETRIC_REPRESENTATION_CONTEXT() REPRESENTATION_CONTEXT('2D SPACE',''
  ) );
#1920 = ADVANCED_FACE('',(#1921,#1947),#1681,.F.);
#1921 = FACE_BOUND('',#1922,.F.);
#1922 = EDGE_LOOP('',(#1923,#1924,#1925,#1946));
#1923 = ORIENTED_EDGE('',*,*,#1665,.F.);
#1924 = ORIENTED_EDGE('',*,*,#1750,.T.);
#1925 = ORIENTED_EDGE('',*,*,#1926,.T.);
#1926 = EDGE_CURVE('',#1751,#1876,#1927,.T.);
#1927 = SURFACE_CURVE('',#1928,(#1932,#1939),.PCURVE_S1.);
#1928 = LINE('',#1929,#1930);
#1929 = CARTESIAN_POINT('',(1.75E+03,-75.,2.3492E+03));
#1930 = VECTOR('',#1931,1.);
#1931 = DIRECTION('',(-0.,1.,0.));
#1932 = PCURVE('',#1681,#1933);
#1933 = DEFINITIONAL_REPRESENTATION('',(#1934),#1938);
#1934 = LINE('',#1935,#1936);
#1935 = CARTESIAN_POINT('',(100.,0.));
#1936 = VECTOR('',#1937,1.);
#1937 = DIRECTION('',(0.,1.));
#1938 = ( GEOMETRIC_REPRESENTATION_CONTEXT(2) 
PARAMETRIC_REPRESENTATION_CONTEXT() REPRESENTATION_CONTEXT('2D SPACE',''
  ) );
#1939 = PCURVE('',#1811,#1940);
#1940 = DEFINITIONAL_REPRESENTATION('',(#1941),#1945);
#1941 = LINE('',#1942,#1943);
#1942 = CARTESIAN_POINT('',(0.,0.));
#1943 = VECTOR('',#1944,1.);
#1944 = DIRECTION('',(0.,-1.));
#1945 = ( GEOMETRIC_REPRESENTATION_CONTEXT(2) 
PARAMETRIC_REPRESENTATION_CONTEXT() REPRESENTATION_CONTEXT('2D SPACE',''
  ) );
#1946 = ORIENTED_EDGE('',*,*,#1875,.F.);
#1947 = FACE_BOUND('',#1948,.F.);
#1948 = EDGE_LOOP('',(#1949));
#1949 = ORIENTED_EDGE('',*,*,#1950,.F.);
#1950 = EDGE_CURVE('',#1951,#1951,#1953,.T.);
#1951 = VERTEX_POINT('',#1952);
#1952 = CARTESIAN_POINT('',(1.688E+03,-40.,2.3492E+03));
#1953 = SURFACE_CURVE('',#1954,(#1959,#1966),.PCURVE_S1.);
#1954 = CIRCLE('',#1955,10.);
#1955 = AXIS2_PLACEMENT_3D('',#1956,#1957,#1958);
#1956 = CARTESIAN_POINT('',(1.678E+03,-40.,2.3492E+03));
#1957 = DIRECTION('',(0.,0.,1.));
#1958 = DIRECTION('',(1.,0.,-0.));
#1959 = PCURVE('',#1681,#1960);
#1960 = DEFINITIONAL_REPRESENTATION('',(#1961),#1965);
#1961 = CIRCLE('',#1962,10.);
#1962 = AXIS2_PLACEMENT_2D('',#1963,#1964);
#1963 = CARTESIAN_POINT('',(28.,35.));
#1964 = DIRECTION('',(1.,0.));
#1965 = ( GEOMETRIC_REPRESENTATION_CONTEXT(2) 
PARAMETRIC_REPRESENTATION_CONTEXT() REPRESENTATION_CONTEXT('2D SPACE',''
  ) );
#1966 = PCURVE('',#1967,#1972);
#1967 = CYLINDRICAL_SURFACE('',#1968,10.);
#1968 = AXIS2_PLACEMENT_3D('',#1969,#1970,#1971);
#1969 = CARTESIAN_POINT('',(1.678E+03,-40.,2.3322E+03));
#1970 = DIRECTION('',(0.,0.,1.));
#1971 = DIRECTION('',(1.,0.,-0.));
#1972 = DEFINITIONAL_REPRESENTATION('',(#1973),#1977);
#1973 = LINE('',#1974,#1975);
#1974 = CARTESIAN_POINT('',(0.,17.));
#1975 = VECTOR('',#1976,1.);
#1976 = DIRECTION('',(1.,0.));
#1977 = ( GEOMETRIC_REPRESENTATION_CONTEXT(2) 
PARAMETRIC_REPRESENTATION_CONTEXT() REPRESENTATION_CONTEXT('2D SPACE',''
  ) );
#1978 = ADVANCED_FACE('',(#1979),#1811,.T.);
#1979 = FACE_BOUND('',#1980,.T.);
#1980 = EDGE_LOOP('',(#1981,#1982,#1983,#1984));
#1981 = ORIENTED_EDGE('',*,*,#1797,.F.);
#1982 = ORIENTED_EDGE('',*,*,#1926,.T.);
#1983 = ORIENTED_EDGE('',*,*,#1900,.T.);
#1984 = ORIENTED_EDGE('',*,*,#1828,.F.);
#1985 = ADVANCED_FACE('',(#1986),#1967,.T.);
#1986 = FACE_BOUND('',#1987,.T.);
#1987 = EDGE_LOOP('',(#1988,#1989,#2012,#2039));
#1988 = ORIENTED_EDGE('',*,*,#1950,.F.);
#1989 = ORIENTED_EDGE('',*,*,#1990,.F.);
#1990 = EDGE_CURVE('',#1991,#1951,#1993,.T.);
#1991 = VERTEX_POINT('',#1992);
#1992 = CARTESIAN_POINT('',(1.688E+03,-40.,2.3322E+03));
#1993 = SEAM_CURVE('',#1994,(#1998,#2005),.PCURVE_S1.);
#1994 = LINE('',#1995,#1996);
#1995 = CARTESIAN_POINT('',(1.688E+03,-40.,2.3322E+03));
#1996 = VECTOR('',#1997,1.);
#1997 = DIRECTION('',(0.,0.,1.));
#1998 = PCURVE('',#1967,#1999);
#1999 = DEFINITIONAL_REPRESENTATION('',(#2000),#2004);
#2000 = LINE('',#2001,#2002);
#2001 = CARTESIAN_POINT('',(6.28318530718,-0.));
#2002 = VECTOR('',#2003,1.);
#2003 = DIRECTION('',(0.,1.));
#2004 = ( GEOMETRIC_REPRESENTATION_CONTEXT(2) 
PARAMETRIC_REPRESENTATION_CONTEXT() REPRESENTATION_CONTEXT('2D SPACE',''
  ) );
#2005 = PCURVE('',#1967,#2006);
#2006 = DEFINITIONAL_REPRESENTATION('',(#2007),#2011);
#2007 = LINE('',#2008,#2009);
#2008 = CARTESIAN_POINT('',(0.,-0.));
#2009 = VECTOR('',#2010,1.);
#2010 = DIRECTION('',(0.,1.));
#2011 = ( GEOMETRIC_REPRESENTATION_CONTEXT(2) 
PARAMETRIC_REPRESENTATION_CONTEXT() REPRESENTATION_CONTEXT('2D SPACE',''
  ) );
#2012 = ORIENTED_EDGE('',*,*,#2013,.T.);
#2013 = EDGE_CURVE('',#1991,#1991,#2014,.T.);
#2014 = SURFACE_CURVE('',#2015,(#2020,#2027),.PCURVE_S1.);
#2015 = CIRCLE('',#2016,10.);
#2016 = AXIS2_PLACEMENT_3D('',#2017,#2018,#2019);
#2017 = CARTESIAN_POINT('',(1.678E+03,-40.,2.3322E+03));
#2018 = DIRECTION('',(0.,0.,1.));
#2019 = DIRECTION('',(1.,0.,-0.));
#2020 = PCURVE('',#1967,#2021);
#2021 = DEFINITIONAL_REPRESENTATION('',(#2022),#2026);
#2022 = LINE('',#2023,#2024);
#2023 = CARTESIAN_POINT('',(0.,0.));
#2024 = VECTOR('',#2025,1.);
#2025 = DIRECTION('',(1.,0.));
#2026 = ( GEOMETRIC_REPRESENTATION_CONTEXT(2) 
PARAMETRIC_REPRESENTATION_CONTEXT() REPRESENTATION_CONTEXT('2D SPACE',''
  ) );
#2027 = PCURVE('',#2028,#2033);
#2028 = PLANE('',#2029);
#2029 = AXIS2_PLACEMENT_3D('',#2030,#2031,#2032);
#2030 = CARTESIAN_POINT('',(1.678E+03,-40.,2.3322E+03));
#2031 = DIRECTION('',(0.,0.,1.));
#2032 = DIRECTION('',(1.,0.,-0.));
#2033 = DEFINITIONAL_REPRESENTATION('',(#2034),#2038);
#2034 = CIRCLE('',#2035,10.);
#2035 = AXIS2_PLACEMENT_2D('',#2036,#2037);
#2036 = CARTESIAN_POINT('',(0.,0.));
#2037 = DIRECTION('',(1.,0.));
#2038 = ( GEOMETRIC_REPRESENTATION_CONTEXT(2) 
PARAMETRIC_REPRESENTATION_CONTEXT() REPRESENTATION_CONTEXT('2D SPACE',''
  ) );
#2039 = ORIENTED_EDGE('',*,*,#1990,.T.);
#2040 = ADVANCED_FACE('',(#2041),#2028,.F.);
#2041 = FACE_BOUND('',#2042,.T.);
#2042 = EDGE_LOOP('',(#2043));
#2043 = ORIENTED_EDGE('',*,*,#2013,.F.);
#2044 = ( GEOMETRIC_REPRESENTATION_CONTEXT(3) 
GLOBAL_UNCERTAINTY_ASSIGNED_CONTEXT((#2048)) 
GLOBAL_UNIT_ASSIGNED_CONTEXT((#2045,#2046,#2047)) REPRESENTATION_CONTEXT
('Context #1','3D Context with UNIT and UNCERTAINTY') );
#2045 = ( LENGTH_UNIT() NAMED_UNIT(*) SI_UNIT(.MILLI.,.METRE.) );
#2046 = ( NAMED_UNIT(*) PLANE_ANGLE_UNIT() SI_UNIT($,.RADIAN.) );
#2047 = ( NAMED_UNIT(*) SI_UNIT($,.STERADIAN.) SOLID_ANGLE_UNIT() );
#2048 = UNCERTAINTY_MEASURE_WITH_UNIT(LENGTH_MEASURE(1.E-07),#2045,
  'distance_accuracy_value','confusion accuracy');
#2049 = CONTEXT_DEPENDENT_SHAPE_REPRESENTATION(#2050,#2052);
#2050 = ( REPRESENTATION_RELATIONSHIP('','',#1623,#10) 
REPRESENTATION_RELATIONSHIP_WITH_TRANSFORMATION(#2051) 
SHAPE_REPRESENTATION_RELATIONSHIP() );
#2051 = ITEM_DEFINED_TRANSFORMATION('','',#11,#19);
#2052 = PRODUCT_DEFINITION_SHAPE('Placement','Placement of an item',
  #2053);
#2053 = NEXT_ASSEMBLY_USAGE_OCCURRENCE('2','=>[0:1:1:3]','',#5,#1618,$);
#2054 = PRODUCT_RELATED_PRODUCT_CATEGORY('part',$,(#1620));
#2055 = SHAPE_DEFINITION_REPRESENTATION(#2056,#2062);
#2056 = PRODUCT_DEFINITION_SHAPE('','',#2057);
#2057 = PRODUCT_DEFINITION('design','',#2058,#2061);
#2058 = PRODUCT_DEFINITION_FORMATION('','',#2059);
#2059 = PRODUCT('COMPOUND','COMPOUND','',(#2060));
#2060 = PRODUCT_CONTEXT('',#2,'mechanical');
#2061 = PRODUCT_DEFINITION_CONTEXT('part definition',#2,'design');
#2062 = ADVANCED_BREP_SHAPE_REPRESENTATION('',(#11,#2063),#2161);
#2063 = MANIFOLD_SOLID_BREP('',#2064);
#2064 = CLOSED_SHELL('',(#2065,#2153,#2157));
#2065 = ADVANCED_FACE('',(#2066),#2079,.T.);
#2066 = FACE_BOUND('',#2067,.T.);
#2067 = EDGE_LOOP('',(#2068,#2102,#2125,#2152));
#2068 = ORIENTED_EDGE('',*,*,#2069,.F.);
#2069 = EDGE_CURVE('',#2070,#2070,#2072,.T.);
#2070 = VERTEX_POINT('',#2071);
#2071 = CARTESIAN_POINT('',(4.6,-1.126675055216E-15,4.));
#2072 = SURFACE_CURVE('',#2073,(#2078,#2090),.PCURVE_S1.);
#2073 = CIRCLE('',#2074,4.6);
#2074 = AXIS2_PLACEMENT_3D('',#2075,#2076,#2077);
#2075 = CARTESIAN_POINT('',(0.,0.,4.));
#2076 = DIRECTION('',(0.,0.,1.));
#2077 = DIRECTION('',(1.,0.,-0.));
#2078 = PCURVE('',#2079,#2084);
#2079 = CYLINDRICAL_SURFACE('',#2080,4.6);
#2080 = AXIS2_PLACEMENT_3D('',#2081,#2082,#2083);
#2081 = CARTESIAN_POINT('',(0.,0.,-4.));
#2082 = DIRECTION('',(0.,0.,1.));
#2083 = DIRECTION('',(1.,0.,-0.));
#2084 = DEFINITIONAL_REPRESENTATION('',(#2085),#2089);
#2085 = LINE('',#2086,#2087);
#2086 = CARTESIAN_POINT('',(0.,8.));
#2087 = VECTOR('',#2088,1.);
#2088 = DIRECTION('',(1.,0.));
#2089 = ( GEOMETRIC_REPRESENTATION_CONTEXT(2) 
PARAMETRIC_REPRESENTATION_CONTEXT() REPRESENTATION_CONTEXT('2D SPACE',''
  ) );
#2090 = PCURVE('',#2091,#2096);
#2091 = PLANE('',#2092);
#2092 = AXIS2_PLACEMENT_3D('',#2093,#2094,#2095);
#2093 = CARTESIAN_POINT('',(0.,0.,4.));
#2094 = DIRECTION('',(0.,0.,1.));
#2095 = DIRECTION('',(1.,0.,-0.));
#2096 = DEFINITIONAL_REPRESENTATION('',(#2097),#2101);
#2097 = CIRCLE('',#2098,4.6);
#2098 = AXIS2_PLACEMENT_2D('',#2099,#2100);
#2099 = CARTESIAN_POINT('',(0.,0.));
#2100 = DIRECTION('',(1.,0.));
#2101 = ( GEOMETRIC_REPRESENTATION_CONTEXT(2) 
PARAMETRIC_REPRESENTATION_CONTEXT() REPRESENTATION_CONTEXT('2D SPACE',''
  ) );
#2102 = ORIENTED_EDGE('',*,*,#2103,.F.);
#2103 = EDGE_CURVE('',#2104,#2070,#2106,.T.);
#2104 = VERTEX_POINT('',#2105);
#2105 = CARTESIAN_POINT('',(4.6,-1.126675055216E-15,-4.));
#2106 = SEAM_CURVE('',#2107,(#2111,#2118),.PCURVE_S1.);
#2107 = LINE('',#2108,#2109);
#2108 = CARTESIAN_POINT('',(4.6,-1.126675055216E-15,-4.));
#2109 = VECTOR('',#2110,1.);
#2110 = DIRECTION('',(0.,0.,1.));
#2111 = PCURVE('',#2079,#2112);
#2112 = DEFINITIONAL_REPRESENTATION('',(#2113),#2117);
#2113 = LINE('',#2114,#2115);
#2114 = CARTESIAN_POINT('',(6.28318530718,-0.));
#2115 = VECTOR('',#2116,1.);
#2116 = DIRECTION('',(0.,1.));
#2117 = ( GEOMETRIC_REPRESENTATION_CONTEXT(2) 
PARAMETRIC_REPRESENTATION_CONTEXT() REPRESENTATION_CONTEXT('2D SPACE',''
  ) );
#2118 = PCURVE('',#2079,#2119);
#2119 = DEFINITIONAL_REPRESENTATION('',(#2120),#2124);
#2120 = LINE('',#2121,#2122);
#2121 = CARTESIAN_POINT('',(0.,-0.));
#2122 = VECTOR('',#2123,1.);
#2123 = DIRECTION('',(0.,1.));
#2124 = ( GEOMETRIC_REPRESENTATION_CONTEXT(2) 
PARAMETRIC_REPRESENTATION_CONTEXT() REPRESENTATION_CONTEXT('2D SPACE',''
  ) );
#2125 = ORIENTED_EDGE('',*,*,#2126,.T.);
#2126 = EDGE_CURVE('',#2104,#2104,#2127,.T.);
#2127 = SURFACE_CURVE('',#2128,(#2133,#2140),.PCURVE_S1.);
#2128 = CIRCLE('',#2129,4.6);
#2129 = AXIS2_PLACEMENT_3D('',#2130,#2131,#2132);
#2130 = CARTESIAN_POINT('',(0.,0.,-4.));
#2131 = DIRECTION('',(0.,0.,1.));
#2132 = DIRECTION('',(1.,0.,-0.));
#2133 = PCURVE('',#2079,#2134);
#2134 = DEFINITIONAL_REPRESENTATION('',(#2135),#2139);
#2135 = LINE('',#2136,#2137);
#2136 = CARTESIAN_POINT('',(0.,0.));
#2137 = VECTOR('',#2138,1.);
#2138 = DIRECTION('',(1.,0.));
#2139 = ( GEOMETRIC_REPRESENTATION_CONTEXT(2) 
PARAMETRIC_REPRESENTATION_CONTEXT() REPRESENTATION_CONTEXT('2D SPACE',''
  ) );
#2140 = PCURVE('',#2141,#2146);
#2141 = PLANE('',#2142);
#2142 = AXIS2_PLACEMENT_3D('',#2143,#2144,#2145);
#2143 = CARTESIAN_POINT('',(0.,0.,-4.));
#2144 = DIRECTION('',(0.,0.,1.));
#2145 = DIRECTION('',(1.,0.,-0.));
#2146 = DEFINITIONAL_REPRESENTATION('',(#2147),#2151);
#2147 = CIRCLE('',#2148,4.6);
#2148 = AXIS2_PLACEMENT_2D('',#2149,#2150);
#2149 = CARTESIAN_POINT('',(0.,0.));
#2150 = DIRECTION('',(1.,0.));
#2151 = ( GEOMETRIC_REPRESENTATION_CONTEXT(2) 
PARAMETRIC_REPRESENTATION_CONTEXT() REPRESENTATION_CONTEXT('2D SPACE',''
  ) );
#2152 = ORIENTED_EDGE('',*,*,#2103,.T.);
#2153 = ADVANCED_FACE('',(#2154),#2091,.T.);
#2154 = FACE_BOUND('',#2155,.T.);
#2155 = EDGE_LOOP('',(#2156));
#2156 = ORIENTED_EDGE('',*,*,#2069,.T.);
#2157 = ADVANCED_FACE('',(#2158),#2141,.F.);
#2158 = FACE_BOUND('',#2159,.T.);
#2159 = EDGE_LOOP('',(#2160));
#2160 = ORIENTED_EDGE('',*,*,#2126,.F.);
#2161 = ( GEOMETRIC_REPRESENTATION_CONTEXT(3) 
GLOBAL_UNCERTAINTY_ASSIGNED_CONTEXT((#2165)) 
GLOBAL_UNIT_ASSIGNED_CONTEXT((#2162,#2163,#2164)) REPRESENTATION_CONTEXT
('Context #1','3D Context with UNIT and UNCERTAINTY') );
#2162 = ( LENGTH_UNIT() NAMED_UNIT(*) SI_UNIT(.MILLI.,.METRE.) );
#2163 = ( NAMED_UNIT(*) PLANE_ANGLE_UNIT() SI_UNIT($,.RADIAN.) );
#2164 = ( NAMED_UNIT(*) SI_UNIT($,.STERADIAN.) SOLID_ANGLE_UNIT() );
#2165 = UNCERTAINTY_MEASURE_WITH_UNIT(LENGTH_MEASURE(1.E-07),#2162,
  'distance_accuracy_value','confusion accuracy');
#2166 = CONTEXT_DEPENDENT_SHAPE_REPRESENTATION(#2167,#2169);
#2167 = ( REPRESENTATION_RELATIONSHIP('','',#2062,#10) 
REPRESENTATION_RELATIONSHIP_WITH_TRANSFORMATION(#2168) 
SHAPE_REPRESENTATION_RELATIONSHIP() );
#2168 = ITEM_DEFINED_TRANSFORMATION('','',#11,#23);
#2169 = PRODUCT_DEFINITION_SHAPE('Placement','Placement of an item',
  #2170);
#2170 = NEXT_ASSEMBLY_USAGE_OCCURRENCE('3','=>[0:1:1:4]','',#5,#2057,$);
#2171 = PRODUCT_RELATED_PRODUCT_CATEGORY('part',$,(#2059));
#2172 = SHAPE_DEFINITION_REPRESENTATION(#2173,#2179);
#2173 = PRODUCT_DEFINITION_SHAPE('','',#2174);
#2174 = PRODUCT_DEFINITION('design','',#2175,#2178);
#2175 = PRODUCT_DEFINITION_FORMATION('','',#2176);
#2176 = PRODUCT('COMPOUND','COMPOUND','',(#2177));
#2177 = PRODUCT_CONTEXT('',#2,'mechanical');
#2178 = PRODUCT_DEFINITION_CONTEXT('part definition',#2,'design');
#2179 = SHAPE_REPRESENTATION('',(#11,#2180,#2278,#2376),#3110);
#2180 = MANIFOLD_SOLID_BREP('',#2181);
#2181 = CLOSED_SHELL('',(#2182,#2270,#2274));
#2182 = ADVANCED_FACE('',(#2183),#2196,.T.);
#2183 = FACE_BOUND('',#2184,.T.);
#2184 = EDGE_LOOP('',(#2185,#2219,#2242,#2269));
#2185 = ORIENTED_EDGE('',*,*,#2186,.F.);
#2186 = EDGE_CURVE('',#2187,#2187,#2189,.T.);
#2187 = VERTEX_POINT('',#2188);
#2188 = CARTESIAN_POINT('',(1.6905E+03,-40.,2.33E+03));
#2189 = SURFACE_CURVE('',#2190,(#2195,#2207),.PCURVE_S1.);
#2190 = CIRCLE('',#2191,12.5);
#2191 = AXIS2_PLACEMENT_3D('',#2192,#2193,#2194);
#2192 = CARTESIAN_POINT('',(1.678E+03,-40.,2.33E+03));
#2193 = DIRECTION('',(0.,0.,1.));
#2194 = DIRECTION('',(1.,0.,-0.));
#2195 = PCURVE('',#2196,#2201);
#2196 = CYLINDRICAL_SURFACE('',#2197,12.5);
#2197 = AXIS2_PLACEMENT_3D('',#2198,#2199,#2200);
#2198 = CARTESIAN_POINT('',(1.678E+03,-40.,2.328E+03));
#2199 = DIRECTION('',(0.,0.,1.));
#2200 = DIRECTION('',(1.,0.,-0.));
#2201 = DEFINITIONAL_REPRESENTATION('',(#2202),#2206);
#2202 = LINE('',#2203,#2204);
#2203 = CARTESIAN_POINT('',(0.,2.));
#2204 = VECTOR('',#2205,1.);
#2205 = DIRECTION('',(1.,0.));
#2206 = ( GEOMETRIC_REPRESENTATION_CONTEXT(2) 
PARAMETRIC_REPRESENTATION_CONTEXT() REPRESENTATION_CONTEXT('2D SPACE',''
  ) );
#2207 = PCURVE('',#2208,#2213);
#2208 = PLANE('',#2209);
#2209 = AXIS2_PLACEMENT_3D('',#2210,#2211,#2212);
#2210 = CARTESIAN_POINT('',(1.678E+03,-40.,2.33E+03));
#2211 = DIRECTION('',(0.,0.,1.));
#2212 = DIRECTION('',(1.,0.,-0.));
#2213 = DEFINITIONAL_REPRESENTATION('',(#2214),#2218);
#2214 = CIRCLE('',#2215,12.5);
#2215 = AXIS2_PLACEMENT_2D('',#2216,#2217);
#2216 = CARTESIAN_POINT('',(0.,0.));
#2217 = DIRECTION('',(1.,0.));
#2218 = ( GEOMETRIC_REPRESENTATION_CONTEXT(2) 
PARAMETRIC_REPRESENTATION_CONTEXT() REPRESENTATION_CONTEXT('2D SPACE',''
  ) );
#2219 = ORIENTED_EDGE('',*,*,#2220,.F.);
#2220 = EDGE_CURVE('',#2221,#2187,#2223,.T.);
#2221 = VERTEX_POINT('',#2222);
#2222 = CARTESIAN_POINT('',(1.6905E+03,-40.,2.328E+03));
#2223 = SEAM_CURVE('',#2224,(#2228,#2235),.PCURVE_S1.);
#2224 = LINE('',#2225,#2226);
#2225 = CARTESIAN_POINT('',(1.6905E+03,-40.,2.328E+03));
#2226 = VECTOR('',#2227,1.);
#2227 = DIRECTION('',(0.,0.,1.));
#2228 = PCURVE('',#2196,#2229);
#2229 = DEFINITIONAL_REPRESENTATION('',(#2230),#2234);
#2230 = LINE('',#2231,#2232);
#2231 = CARTESIAN_POINT('',(6.28318530718,-0.));
#2232 = VECTOR('',#2233,1.);
#2233 = DIRECTION('',(0.,1.));
#2234 = ( GEOMETRIC_REPRESENTATION_CONTEXT(2) 
PARAMETRIC_REPRESENTATION_CONTEXT() REPRESENTATION_CONTEXT('2D SPACE',''
  ) );
#2235 = PCURVE('',#2196,#2236);
#2236 = DEFINITIONAL_REPRESENTATION('',(#2237),#2241);
#2237 = LINE('',#2238,#2239);
#2238 = CARTESIAN_POINT('',(0.,-0.));
#2239 = VECTOR('',#2240,1.);
#2240 = DIRECTION('',(0.,1.));
#2241 = ( GEOMETRIC_REPRESENTATION_CONTEXT(2) 
PARAMETRIC_REPRESENTATION_CONTEXT() REPRESENTATION_CONTEXT('2D SPACE',''
  ) );
#2242 = ORIENTED_EDGE('',*,*,#2243,.T.);
#2243 = EDGE_CURVE('',#2221,#2221,#2244,.T.);
#2244 = SURFACE_CURVE('',#2245,(#2250,#2257),.PCURVE_S1.);
#2245 = CIRCLE('',#2246,12.5);
#2246 = AXIS2_PLACEMENT_3D('',#2247,#2248,#2249);
#2247 = CARTESIAN_POINT('',(1.678E+03,-40.,2.328E+03));
#2248 = DIRECTION('',(0.,0.,1.));
#2249 = DIRECTION('',(1.,0.,-0.));
#2250 = PCURVE('',#2196,#2251);
#2251 = DEFINITIONAL_REPRESENTATION('',(#2252),#2256);
#2252 = LINE('',#2253,#2254);
#2253 = CARTESIAN_POINT('',(0.,0.));
#2254 = VECTOR('',#2255,1.);
#2255 = DIRECTION('',(1.,0.));
#2256 = ( GEOMETRIC_REPRESENTATION_CONTEXT(2) 
PARAMETRIC_REPRESENTATION_CONTEXT() REPRESENTATION_CONTEXT('2D SPACE',''
  ) );
#2257 = PCURVE('',#2258,#2263);
#2258 = PLANE('',#2259);
#2259 = AXIS2_PLACEMENT_3D('',#2260,#2261,#2262);
#2260 = CARTESIAN_POINT('',(1.678E+03,-40.,2.328E+03));
#2261 = DIRECTION('',(0.,0.,1.));
#2262 = DIRECTION('',(1.,0.,-0.));
#2263 = DEFINITIONAL_REPRESENTATION('',(#2264),#2268);
#2264 = CIRCLE('',#2265,12.5);
#2265 = AXIS2_PLACEMENT_2D('',#2266,#2267);
#2266 = CARTESIAN_POINT('',(0.,0.));
#2267 = DIRECTION('',(1.,0.));
#2268 = ( GEOMETRIC_REPRESENTATION_CONTEXT(2) 
PARAMETRIC_REPRESENTATION_CONTEXT() REPRESENTATION_CONTEXT('2D SPACE',''
  ) );
#2269 = ORIENTED_EDGE('',*,*,#2220,.T.);
#2270 = ADVANCED_FACE('',(#2271),#2208,.T.);
#2271 = FACE_BOUND('',#2272,.T.);
#2272 = EDGE_LOOP('',(#2273));
#2273 = ORIENTED_EDGE('',*,*,#2186,.T.);
#2274 = ADVANCED_FACE('',(#2275),#2258,.F.);
#2275 = FACE_BOUND('',#2276,.T.);
#2276 = EDGE_LOOP('',(#2277));
#2277 = ORIENTED_EDGE('',*,*,#2243,.F.);
#2278 = MANIFOLD_SOLID_BREP('',#2279);
#2279 = CLOSED_SHELL('',(#2280,#2368,#2372));
#2280 = ADVANCED_FACE('',(#2281),#2294,.T.);
#2281 = FACE_BOUND('',#2282,.T.);
#2282 = EDGE_LOOP('',(#2283,#2317,#2340,#2367));
#2283 = ORIENTED_EDGE('',*,*,#2284,.F.);
#2284 = EDGE_CURVE('',#2285,#2285,#2287,.T.);
#2285 = VERTEX_POINT('',#2286);
#2286 = CARTESIAN_POINT('',(1.7345E+03,-40.,2.33E+03));
#2287 = SURFACE_CURVE('',#2288,(#2293,#2305),.PCURVE_S1.);
#2288 = CIRCLE('',#2289,12.5);
#2289 = AXIS2_PLACEMENT_3D('',#2290,#2291,#2292);
#2290 = CARTESIAN_POINT('',(1.722E+03,-40.,2.33E+03));
#2291 = DIRECTION('',(0.,0.,1.));
#2292 = DIRECTION('',(1.,0.,-0.));
#2293 = PCURVE('',#2294,#2299);
#2294 = CYLINDRICAL_SURFACE('',#2295,12.5);
#2295 = AXIS2_PLACEMENT_3D('',#2296,#2297,#2298);
#2296 = CARTESIAN_POINT('',(1.722E+03,-40.,2.328E+03));
#2297 = DIRECTION('',(0.,0.,1.));
#2298 = DIRECTION('',(1.,0.,-0.));
#2299 = DEFINITIONAL_REPRESENTATION('',(#2300),#2304);
#2300 = LINE('',#2301,#2302);
#2301 = CARTESIAN_POINT('',(0.,2.));
#2302 = VECTOR('',#2303,1.);
#2303 = DIRECTION('',(1.,0.));
#2304 = ( GEOMETRIC_REPRESENTATION_CONTEXT(2) 
PARAMETRIC_REPRESENTATION_CONTEXT() REPRESENTATION_CONTEXT('2D SPACE',''
  ) );
#2305 = PCURVE('',#2306,#2311);
#2306 = PLANE('',#2307);
#2307 = AXIS2_PLACEMENT_3D('',#2308,#2309,#2310);
#2308 = CARTESIAN_POINT('',(1.722E+03,-40.,2.33E+03));
#2309 = DIRECTION('',(0.,0.,1.));
#2310 = DIRECTION('',(1.,0.,-0.));
#2311 = DEFINITIONAL_REPRESENTATION('',(#2312),#2316);
#2312 = CIRCLE('',#2313,12.5);
#2313 = AXIS2_PLACEMENT_2D('',#2314,#2315);
#2314 = CARTESIAN_POINT('',(0.,0.));
#2315 = DIRECTION('',(1.,0.));
#2316 = ( GEOMETRIC_REPRESENTATION_CONTEXT(2) 
PARAMETRIC_REPRESENTATION_CONTEXT() REPRESENTATION_CONTEXT('2D SPACE',''
  ) );
#2317 = ORIENTED_EDGE('',*,*,#2318,.F.);
#2318 = EDGE_CURVE('',#2319,#2285,#2321,.T.);
#2319 = VERTEX_POINT('',#2320);
#2320 = CARTESIAN_POINT('',(1.7345E+03,-40.,2.328E+03));
#2321 = SEAM_CURVE('',#2322,(#2326,#2333),.PCURVE_S1.);
#2322 = LINE('',#2323,#2324);
#2323 = CARTESIAN_POINT('',(1.7345E+03,-40.,2.328E+03));
#2324 = VECTOR('',#2325,1.);
#2325 = DIRECTION('',(0.,0.,1.));
#2326 = PCURVE('',#2294,#2327);
#2327 = DEFINITIONAL_REPRESENTATION('',(#2328),#2332);
#2328 = LINE('',#2329,#2330);
#2329 = CARTESIAN_POINT('',(6.28318530718,-0.));
#2330 = VECTOR('',#2331,1.);
#2331 = DIRECTION('',(0.,1.));
#2332 = ( GEOMETRIC_REPRESENTATION_CONTEXT(2) 
PARAMETRIC_REPRESENTATION_CONTEXT() REPRESENTATION_CONTEXT('2D SPACE',''
  ) );
#2333 = PCURVE('',#2294,#2334);
#2334 = DEFINITIONAL_REPRESENTATION('',(#2335),#2339);
#2335 = LINE('',#2336,#2337);
#2336 = CARTESIAN_POINT('',(0.,-0.));
#2337 = VECTOR('',#2338,1.);
#2338 = DIRECTION('',(0.,1.));
#2339 = ( GEOMETRIC_REPRESENTATION_CONTEXT(2) 
PARAMETRIC_REPRESENTATION_CONTEXT() REPRESENTATION_CONTEXT('2D SPACE',''
  ) );
#2340 = ORIENTED_EDGE('',*,*,#2341,.T.);
#2341 = EDGE_CURVE('',#2319,#2319,#2342,.T.);
#2342 = SURFACE_CURVE('',#2343,(#2348,#2355),.PCURVE_S1.);
#2343 = CIRCLE('',#2344,12.5);
#2344 = AXIS2_PLACEMENT_3D('',#2345,#2346,#2347);
#2345 = CARTESIAN_POINT('',(1.722E+03,-40.,2.328E+03));
#2346 = DIRECTION('',(0.,0.,1.));
#2347 = DIRECTION('',(1.,0.,-0.));
#2348 = PCURVE('',#2294,#2349);
#2349 = DEFINITIONAL_REPRESENTATION('',(#2350),#2354);
#2350 = LINE('',#2351,#2352);
#2351 = CARTESIAN_POINT('',(0.,0.));
#2352 = VECTOR('',#2353,1.);
#2353 = DIRECTION('',(1.,0.));
#2354 = ( GEOMETRIC_REPRESENTATION_CONTEXT(2) 
PARAMETRIC_REPRESENTATION_CONTEXT() REPRESENTATION_CONTEXT('2D SPACE',''
  ) );
#2355 = PCURVE('',#2356,#2361);
#2356 = PLANE('',#2357);
#2357 = AXIS2_PLACEMENT_3D('',#2358,#2359,#2360);
#2358 = CARTESIAN_POINT('',(1.722E+03,-40.,2.328E+03));
#2359 = DIRECTION('',(0.,0.,1.));
#2360 = DIRECTION('',(1.,0.,-0.));
#2361 = DEFINITIONAL_REPRESENTATION('',(#2362),#2366);
#2362 = CIRCLE('',#2363,12.5);
#2363 = AXIS2_PLACEMENT_2D('',#2364,#2365);
#2364 = CARTESIAN_POINT('',(0.,0.));
#2365 = DIRECTION('',(1.,0.));
#2366 = ( GEOMETRIC_REPRESENTATION_CONTEXT(2) 
PARAMETRIC_REPRESENTATION_CONTEXT() REPRESENTATION_CONTEXT('2D SPACE',''
  ) );
#2367 = ORIENTED_EDGE('',*,*,#2318,.T.);
#2368 = ADVANCED_FACE('',(#2369),#2306,.T.);
#2369 = FACE_BOUND('',#2370,.T.);
#2370 = EDGE_LOOP('',(#2371));
#2371 = ORIENTED_EDGE('',*,*,#2284,.T.);
#2372 = ADVANCED_FACE('',(#2373),#2356,.F.);
#2373 = FACE_BOUND('',#2374,.T.);
#2374 = EDGE_LOOP('',(#2375));
#2375 = ORIENTED_EDGE('',*,*,#2341,.F.);
#2376 = MANIFOLD_SOLID_BREP('',#2377);
#2377 = CLOSED_SHELL('',(#2378,#2498,#2574,#2623,#2672,#2805,#2843,#2919
    ,#2968,#3017,#3044,#3099,#3106));
#2378 = ADVANCED_FACE('',(#2379),#2393,.F.);
#2379 = FACE_BOUND('',#2380,.F.);
#2380 = EDGE_LOOP('',(#2381,#2416,#2444,#2472));
#2381 = ORIENTED_EDGE('',*,*,#2382,.F.);
#2382 = EDGE_CURVE('',#2383,#2385,#2387,.T.);
#2383 = VERTEX_POINT('',#2384);
#2384 = CARTESIAN_POINT('',(1.652E+03,-73.,2.303E+03));
#2385 = VERTEX_POINT('',#2386);
#2386 = CARTESIAN_POINT('',(1.652E+03,-73.,2.325E+03));
#2387 = SURFACE_CURVE('',#2388,(#2392,#2404),.PCURVE_S1.);
#2388 = LINE('',#2389,#2390);
#2389 = CARTESIAN_POINT('',(1.652E+03,-73.,2.303E+03));
#2390 = VECTOR('',#2391,1.);
#2391 = DIRECTION('',(0.,0.,1.));
#2392 = PCURVE('',#2393,#2398);
#2393 = PLANE('',#2394);
#2394 = AXIS2_PLACEMENT_3D('',#2395,#2396,#2397);
#2395 = CARTESIAN_POINT('',(1.652E+03,-73.,2.303E+03));
#2396 = DIRECTION('',(1.,0.,-0.));
#2397 = DIRECTION('',(0.,0.,1.));
#2398 = DEFINITIONAL_REPRESENTATION('',(#2399),#2403);
#2399 = LINE('',#2400,#2401);
#2400 = CARTESIAN_POINT('',(0.,0.));
#2401 = VECTOR('',#2402,1.);
#2402 = DIRECTION('',(1.,0.));
#2403 = ( GEOMETRIC_REPRESENTATION_CONTEXT(2) 
PARAMETRIC_REPRESENTATION_CONTEXT() REPRESENTATION_CONTEXT('2D SPACE',''
  ) );
#2404 = PCURVE('',#2405,#2410);
#2405 = PLANE('',#2406);
#2406 = AXIS2_PLACEMENT_3D('',#2407,#2408,#2409);
#2407 = CARTESIAN_POINT('',(1.652E+03,-73.,2.303E+03));
#2408 = DIRECTION('',(-0.,1.,0.));
#2409 = DIRECTION('',(0.,0.,1.));
#2410 = DEFINITIONAL_REPRESENTATION('',(#2411),#2415);
#2411 = LINE('',#2412,#2413);
#2412 = CARTESIAN_POINT('',(0.,0.));
#2413 = VECTOR('',#2414,1.);
#2414 = DIRECTION('',(1.,0.));
#2415 = ( GEOMETRIC_REPRESENTATION_CONTEXT(2) 
PARAMETRIC_REPRESENTATION_CONTEXT() REPRESENTATION_CONTEXT('2D SPACE',''
  ) );
#2416 = ORIENTED_EDGE('',*,*,#2417,.T.);
#2417 = EDGE_CURVE('',#2383,#2418,#2420,.T.);
#2418 = VERTEX_POINT('',#2419);
#2419 = CARTESIAN_POINT('',(1.652E+03,-7.,2.303E+03));
#2420 = SURFACE_CURVE('',#2421,(#2425,#2432),.PCURVE_S1.);
#2421 = LINE('',#2422,#2423);
#2422 = CARTESIAN_POINT('',(1.652E+03,-73.,2.303E+03));
#2423 = VECTOR('',#2424,1.);
#2424 = DIRECTION('',(-0.,1.,0.));
#2425 = PCURVE('',#2393,#2426);
#2426 = DEFINITIONAL_REPRESENTATION('',(#2427),#2431);
#2427 = LINE('',#2428,#2429);
#2428 = CARTESIAN_POINT('',(0.,0.));
#2429 = VECTOR('',#2430,1.);
#2430 = DIRECTION('',(0.,-1.));
#2431 = ( GEOMETRIC_REPRESENTATION_CONTEXT(2) 
PARAMETRIC_REPRESENTATION_CONTEXT() REPRESENTATION_CONTEXT('2D SPACE',''
  ) );
#2432 = PCURVE('',#2433,#2438);
#2433 = PLANE('',#2434);
#2434 = AXIS2_PLACEMENT_3D('',#2435,#2436,#2437);
#2435 = CARTESIAN_POINT('',(1.652E+03,-73.,2.303E+03));
#2436 = DIRECTION('',(0.,0.,1.));
#2437 = DIRECTION('',(1.,0.,-0.));
#2438 = DEFINITIONAL_REPRESENTATION('',(#2439),#2443);
#2439 = LINE('',#2440,#2441);
#2440 = CARTESIAN_POINT('',(0.,0.));
#2441 = VECTOR('',#2442,1.);
#2442 = DIRECTION('',(0.,1.));
#2443 = ( GEOMETRIC_REPRESENTATION_CONTEXT(2) 
PARAMETRIC_REPRESENTATION_CONTEXT() REPRESENTATION_CONTEXT('2D SPACE',''
  ) );
#2444 = ORIENTED_EDGE('',*,*,#2445,.T.);
#2445 = EDGE_CURVE('',#2418,#2446,#2448,.T.);
#2446 = VERTEX_POINT('',#2447);
#2447 = CARTESIAN_POINT('',(1.652E+03,-7.,2.325E+03));
#2448 = SURFACE_CURVE('',#2449,(#2453,#2460),.PCURVE_S1.);
#2449 = LINE('',#2450,#2451);
#2450 = CARTESIAN_POINT('',(1.652E+03,-7.,2.303E+03));
#2451 = VECTOR('',#2452,1.);
#2452 = DIRECTION('',(0.,0.,1.));
#2453 = PCURVE('',#2393,#2454);
#2454 = DEFINITIONAL_REPRESENTATION('',(#2455),#2459);
#2455 = LINE('',#2456,#2457);
#2456 = CARTESIAN_POINT('',(0.,-66.));
#2457 = VECTOR('',#2458,1.);
#2458 = DIRECTION('',(1.,0.));
#2459 = ( GEOMETRIC_REPRESENTATION_CONTEXT(2) 
PARAMETRIC_REPRESENTATION_CONTEXT() REPRESENTATION_CONTEXT('2D SPACE',''
  ) );
#2460 = PCURVE('',#2461,#2466);
#2461 = PLANE('',#2462);
#2462 = AXIS2_PLACEMENT_3D('',#2463,#2464,#2465);
#2463 = CARTESIAN_POINT('',(1.652E+03,-7.,2.303E+03));
#2464 = DIRECTION('',(-0.,1.,0.));
#2465 = DIRECTION('',(0.,0.,1.));
#2466 = DEFINITIONAL_REPRESENTATION('',(#2467),#2471);
#2467 = LINE('',#2468,#2469);
#2468 = CARTESIAN_POINT('',(0.,0.));
#2469 = VECTOR('',#2470,1.);
#2470 = DIRECTION('',(1.,0.));
#2471 = ( GEOMETRIC_REPRESENTATION_CONTEXT(2) 
PARAMETRIC_REPRESENTATION_CONTEXT() REPRESENTATION_CONTEXT('2D SPACE',''
  ) );
#2472 = ORIENTED_EDGE('',*,*,#2473,.F.);
#2473 = EDGE_CURVE('',#2385,#2446,#2474,.T.);
#2474 = SURFACE_CURVE('',#2475,(#2479,#2486),.PCURVE_S1.);
#2475 = LINE('',#2476,#2477);
#2476 = CARTESIAN_POINT('',(1.652E+03,-73.,2.325E+03));
#2477 = VECTOR('',#2478,1.);
#2478 = DIRECTION('',(-0.,1.,0.));
#2479 = PCURVE('',#2393,#2480);
#2480 = DEFINITIONAL_REPRESENTATION('',(#2481),#2485);
#2481 = LINE('',#2482,#2483);
#2482 = CARTESIAN_POINT('',(22.,0.));
#2483 = VECTOR('',#2484,1.);
#2484 = DIRECTION('',(0.,-1.));
#2485 = ( GEOMETRIC_REPRESENTATION_CONTEXT(2) 
PARAMETRIC_REPRESENTATION_CONTEXT() REPRESENTATION_CONTEXT('2D SPACE',''
  ) );
#2486 = PCURVE('',#2487,#2492);
#2487 = PLANE('',#2488);
#2488 = AXIS2_PLACEMENT_3D('',#2489,#2490,#2491);
#2489 = CARTESIAN_POINT('',(1.652E+03,-73.,2.325E+03));
#2490 = DIRECTION('',(0.,0.,1.));
#2491 = DIRECTION('',(1.,0.,-0.));
#2492 = DEFINITIONAL_REPRESENTATION('',(#2493),#2497);
#2493 = LINE('',#2494,#2495);
#2494 = CARTESIAN_POINT('',(0.,0.));
#2495 = VECTOR('',#2496,1.);
#2496 = DIRECTION('',(0.,1.));
#2497 = ( GEOMETRIC_REPRESENTATION_CONTEXT(2) 
PARAMETRIC_REPRESENTATION_CONTEXT() REPRESENTATION_CONTEXT('2D SPACE',''
  ) );
#2498 = ADVANCED_FACE('',(#2499),#2405,.F.);
#2499 = FACE_BOUND('',#2500,.F.);
#2500 = EDGE_LOOP('',(#2501,#2524,#2525,#2548));
#2501 = ORIENTED_EDGE('',*,*,#2502,.F.);
#2502 = EDGE_CURVE('',#2383,#2503,#2505,.T.);
#2503 = VERTEX_POINT('',#2504);
#2504 = CARTESIAN_POINT('',(1.748E+03,-73.,2.303E+03));
#2505 = SURFACE_CURVE('',#2506,(#2510,#2517),.PCURVE_S1.);
#2506 = LINE('',#2507,#2508);
#2507 = CARTESIAN_POINT('',(1.652E+03,-73.,2.303E+03));
#2508 = VECTOR('',#2509,1.);
#2509 = DIRECTION('',(1.,0.,-0.));
#2510 = PCURVE('',#2405,#2511);
#2511 = DEFINITIONAL_REPRESENTATION('',(#2512),#2516);
#2512 = LINE('',#2513,#2514);
#2513 = CARTESIAN_POINT('',(0.,0.));
#2514 = VECTOR('',#2515,1.);
#2515 = DIRECTION('',(0.,1.));
#2516 = ( GEOMETRIC_REPRESENTATION_CONTEXT(2) 
PARAMETRIC_REPRESENTATION_CONTEXT() REPRESENTATION_CONTEXT('2D SPACE',''
  ) );
#2517 = PCURVE('',#2433,#2518);
#2518 = DEFINITIONAL_REPRESENTATION('',(#2519),#2523);
#2519 = LINE('',#2520,#2521);
#2520 = CARTESIAN_POINT('',(0.,0.));
#2521 = VECTOR('',#2522,1.);
#2522 = DIRECTION('',(1.,0.));
#2523 = ( GEOMETRIC_REPRESENTATION_CONTEXT(2) 
PARAMETRIC_REPRESENTATION_CONTEXT() REPRESENTATION_CONTEXT('2D SPACE',''
  ) );
#2524 = ORIENTED_EDGE('',*,*,#2382,.T.);
#2525 = ORIENTED_EDGE('',*,*,#2526,.T.);
#2526 = EDGE_CURVE('',#2385,#2527,#2529,.T.);
#2527 = VERTEX_POINT('',#2528);
#2528 = CARTESIAN_POINT('',(1.748E+03,-73.,2.325E+03));
#2529 = SURFACE_CURVE('',#2530,(#2534,#2541),.PCURVE_S1.);
#2530 = LINE('',#2531,#2532);
#2531 = CARTESIAN_POINT('',(1.652E+03,-73.,2.325E+03));
#2532 = VECTOR('',#2533,1.);
#2533 = DIRECTION('',(1.,0.,-0.));
#2534 = PCURVE('',#2405,#2535);
#2535 = DEFINITIONAL_REPRESENTATION('',(#2536),#2540);
#2536 = LINE('',#2537,#2538);
#2537 = CARTESIAN_POINT('',(22.,0.));
#2538 = VECTOR('',#2539,1.);
#2539 = DIRECTION('',(0.,1.));
#2540 = ( GEOMETRIC_REPRESENTATION_CONTEXT(2) 
PARAMETRIC_REPRESENTATION_CONTEXT() REPRESENTATION_CONTEXT('2D SPACE',''
  ) );
#2541 = PCURVE('',#2487,#2542);
#2542 = DEFINITIONAL_REPRESENTATION('',(#2543),#2547);
#2543 = LINE('',#2544,#2545);
#2544 = CARTESIAN_POINT('',(0.,0.));
#2545 = VECTOR('',#2546,1.);
#2546 = DIRECTION('',(1.,0.));
#2547 = ( GEOMETRIC_REPRESENTATION_CONTEXT(2) 
PARAMETRIC_REPRESENTATION_CONTEXT() REPRESENTATION_CONTEXT('2D SPACE',''
  ) );
#2548 = ORIENTED_EDGE('',*,*,#2549,.F.);
#2549 = EDGE_CURVE('',#2503,#2527,#2550,.T.);
#2550 = SURFACE_CURVE('',#2551,(#2555,#2562),.PCURVE_S1.);
#2551 = LINE('',#2552,#2553);
#2552 = CARTESIAN_POINT('',(1.748E+03,-73.,2.303E+03));
#2553 = VECTOR('',#2554,1.);
#2554 = DIRECTION('',(0.,0.,1.));
#2555 = PCURVE('',#2405,#2556);
#2556 = DEFINITIONAL_REPRESENTATION('',(#2557),#2561);
#2557 = LINE('',#2558,#2559);
#2558 = CARTESIAN_POINT('',(0.,96.));
#2559 = VECTOR('',#2560,1.);
#2560 = DIRECTION('',(1.,0.));
#2561 = ( GEOMETRIC_REPRESENTATION_CONTEXT(2) 
PARAMETRIC_REPRESENTATION_CONTEXT() REPRESENTATION_CONTEXT('2D SPACE',''
  ) );
#2562 = PCURVE('',#2563,#2568);
#2563 = PLANE('',#2564);
#2564 = AXIS2_PLACEMENT_3D('',#2565,#2566,#2567);
#2565 = CARTESIAN_POINT('',(1.748E+03,-73.,2.303E+03));
#2566 = DIRECTION('',(1.,0.,-0.));
#2567 = DIRECTION('',(0.,0.,1.));
#2568 = DEFINITIONAL_REPRESENTATION('',(#2569),#2573);
#2569 = LINE('',#2570,#2571);
#2570 = CARTESIAN_POINT('',(0.,0.));
#2571 = VECTOR('',#2572,1.);
#2572 = DIRECTION('',(1.,0.));
#2573 = ( GEOMETRIC_REPRESENTATION_CONTEXT(2) 
PARAMETRIC_REPRESENTATION_CONTEXT() REPRESENTATION_CONTEXT('2D SPACE',''
  ) );
#2574 = ADVANCED_FACE('',(#2575),#2487,.T.);
#2575 = FACE_BOUND('',#2576,.T.);
#2576 = EDGE_LOOP('',(#2577,#2578,#2579,#2602));
#2577 = ORIENTED_EDGE('',*,*,#2473,.F.);
#2578 = ORIENTED_EDGE('',*,*,#2526,.T.);
#2579 = ORIENTED_EDGE('',*,*,#2580,.T.);
#2580 = EDGE_CURVE('',#2527,#2581,#2583,.T.);
#2581 = VERTEX_POINT('',#2582);
#2582 = CARTESIAN_POINT('',(1.748E+03,-7.,2.325E+03));
#2583 = SURFACE_CURVE('',#2584,(#2588,#2595),.PCURVE_S1.);
#2584 = LINE('',#2585,#2586);
#2585 = CARTESIAN_POINT('',(1.748E+03,-73.,2.325E+03));
#2586 = VECTOR('',#2587,1.);
#2587 = DIRECTION('',(-0.,1.,0.));
#2588 = PCURVE('',#2487,#2589);
#2589 = DEFINITIONAL_REPRESENTATION('',(#2590),#2594);
#2590 = LINE('',#2591,#2592);
#2591 = CARTESIAN_POINT('',(96.,0.));
#2592 = VECTOR('',#2593,1.);
#2593 = DIRECTION('',(0.,1.));
#2594 = ( GEOMETRIC_REPRESENTATION_CONTEXT(2) 
PARAMETRIC_REPRESENTATION_CONTEXT() REPRESENTATION_CONTEXT('2D SPACE',''
  ) );
#2595 = PCURVE('',#2563,#2596);
#2596 = DEFINITIONAL_REPRESENTATION('',(#2597),#2601);
#2597 = LINE('',#2598,#2599);
#2598 = CARTESIAN_POINT('',(22.,0.));
#2599 = VECTOR('',#2600,1.);
#2600 = DIRECTION('',(0.,-1.));
#2601 = ( GEOMETRIC_REPRESENTATION_CONTEXT(2) 
PARAMETRIC_REPRESENTATION_CONTEXT() REPRESENTATION_CONTEXT('2D SPACE',''
  ) );
#2602 = ORIENTED_EDGE('',*,*,#2603,.F.);
#2603 = EDGE_CURVE('',#2446,#2581,#2604,.T.);
#2604 = SURFACE_CURVE('',#2605,(#2609,#2616),.PCURVE_S1.);
#2605 = LINE('',#2606,#2607);
#2606 = CARTESIAN_POINT('',(1.652E+03,-7.,2.325E+03));
#2607 = VECTOR('',#2608,1.);
#2608 = DIRECTION('',(1.,0.,-0.));
#2609 = PCURVE('',#2487,#2610);
#2610 = DEFINITIONAL_REPRESENTATION('',(#2611),#2615);
#2611 = LINE('',#2612,#2613);
#2612 = CARTESIAN_POINT('',(0.,66.));
#2613 = VECTOR('',#2614,1.);
#2614 = DIRECTION('',(1.,0.));
#2615 = ( GEOMETRIC_REPRESENTATION_CONTEXT(2) 
PARAMETRIC_REPRESENTATION_CONTEXT() REPRESENTATION_CONTEXT('2D SPACE',''
  ) );
#2616 = PCURVE('',#2461,#2617);
#2617 = DEFINITIONAL_REPRESENTATION('',(#2618),#2622);
#2618 = LINE('',#2619,#2620);
#2619 = CARTESIAN_POINT('',(22.,0.));
#2620 = VECTOR('',#2621,1.);
#2621 = DIRECTION('',(0.,1.));
#2622 = ( GEOMETRIC_REPRESENTATION_CONTEXT(2) 
PARAMETRIC_REPRESENTATION_CONTEXT() REPRESENTATION_CONTEXT('2D SPACE',''
  ) );
#2623 = ADVANCED_FACE('',(#2624),#2461,.T.);
#2624 = FACE_BOUND('',#2625,.T.);
#2625 = EDGE_LOOP('',(#2626,#2649,#2650,#2651));
#2626 = ORIENTED_EDGE('',*,*,#2627,.F.);
#2627 = EDGE_CURVE('',#2418,#2628,#2630,.T.);
#2628 = VERTEX_POINT('',#2629);
#2629 = CARTESIAN_POINT('',(1.748E+03,-7.,2.303E+03));
#2630 = SURFACE_CURVE('',#2631,(#2635,#2642),.PCURVE_S1.);
#2631 = LINE('',#2632,#2633);
#2632 = CARTESIAN_POINT('',(1.652E+03,-7.,2.303E+03));
#2633 = VECTOR('',#2634,1.);
#2634 = DIRECTION('',(1.,0.,-0.));
#2635 = PCURVE('',#2461,#2636);
#2636 = DEFINITIONAL_REPRESENTATION('',(#2637),#2641);
#2637 = LINE('',#2638,#2639);
#2638 = CARTESIAN_POINT('',(0.,0.));
#2639 = VECTOR('',#2640,1.);
#2640 = DIRECTION('',(0.,1.));
#2641 = ( GEOMETRIC_REPRESENTATION_CONTEXT(2) 
PARAMETRIC_REPRESENTATION_CONTEXT() REPRESENTATION_CONTEXT('2D SPACE',''
  ) );
#2642 = PCURVE('',#2433,#2643);
#2643 = DEFINITIONAL_REPRESENTATION('',(#2644),#2648);
#2644 = LINE('',#2645,#2646);
#2645 = CARTESIAN_POINT('',(0.,66.));
#2646 = VECTOR('',#2647,1.);
#2647 = DIRECTION('',(1.,0.));
#2648 = ( GEOMETRIC_REPRESENTATION_CONTEXT(2) 
PARAMETRIC_REPRESENTATION_CONTEXT() REPRESENTATION_CONTEXT('2D SPACE',''
  ) );
#2649 = ORIENTED_EDGE('',*,*,#2445,.T.);
#2650 = ORIENTED_EDGE('',*,*,#2603,.T.);
#2651 = ORIENTED_EDGE('',*,*,#2652,.F.);
#2652 = EDGE_CURVE('',#2628,#2581,#2653,.T.);
#2653 = SURFACE_CURVE('',#2654,(#2658,#2665),.PCURVE_S1.);
#2654 = LINE('',#2655,#2656);
#2655 = CARTESIAN_POINT('',(1.748E+03,-7.,2.303E+03));
#2656 = VECTOR('',#2657,1.);
#2657 = DIRECTION('',(0.,0.,1.));
#2658 = PCURVE('',#2461,#2659);
#2659 = DEFINITIONAL_REPRESENTATION('',(#2660),#2664);
#2660 = LINE('',#2661,#2662);
#2661 = CARTESIAN_POINT('',(0.,96.));
#2662 = VECTOR('',#2663,1.);
#2663 = DIRECTION('',(1.,0.));
#2664 = ( GEOMETRIC_REPRESENTATION_CONTEXT(2) 
PARAMETRIC_REPRESENTATION_CONTEXT() REPRESENTATION_CONTEXT('2D SPACE',''
  ) );
#2665 = PCURVE('',#2563,#2666);
#2666 = DEFINITIONAL_REPRESENTATION('',(#2667),#2671);
#2667 = LINE('',#2668,#2669);
#2668 = CARTESIAN_POINT('',(0.,-66.));
#2669 = VECTOR('',#2670,1.);
#2670 = DIRECTION('',(1.,0.));
#2671 = ( GEOMETRIC_REPRESENTATION_CONTEXT(2) 
PARAMETRIC_REPRESENTATION_CONTEXT() REPRESENTATION_CONTEXT('2D SPACE',''
  ) );
#2672 = ADVANCED_FACE('',(#2673,#2699),#2433,.F.);
#2673 = FACE_BOUND('',#2674,.F.);
#2674 = EDGE_LOOP('',(#2675,#2676,#2677,#2698));
#2675 = ORIENTED_EDGE('',*,*,#2417,.F.);
#2676 = ORIENTED_EDGE('',*,*,#2502,.T.);
#2677 = ORIENTED_EDGE('',*,*,#2678,.T.);
#2678 = EDGE_CURVE('',#2503,#2628,#2679,.T.);
#2679 = SURFACE_CURVE('',#2680,(#2684,#2691),.PCURVE_S1.);
#2680 = LINE('',#2681,#2682);
#2681 = CARTESIAN_POINT('',(1.748E+03,-73.,2.303E+03));
#2682 = VECTOR('',#2683,1.);
#2683 = DIRECTION('',(-0.,1.,0.));
#2684 = PCURVE('',#2433,#2685);
#2685 = DEFINITIONAL_REPRESENTATION('',(#2686),#2690);
#2686 = LINE('',#2687,#2688);
#2687 = CARTESIAN_POINT('',(96.,0.));
#2688 = VECTOR('',#2689,1.);
#2689 = DIRECTION('',(0.,1.));
#2690 = ( GEOMETRIC_REPRESENTATION_CONTEXT(2) 
PARAMETRIC_REPRESENTATION_CONTEXT() REPRESENTATION_CONTEXT('2D SPACE',''
  ) );
#2691 = PCURVE('',#2563,#2692);
#2692 = DEFINITIONAL_REPRESENTATION('',(#2693),#2697);
#2693 = LINE('',#2694,#2695);
#2694 = CARTESIAN_POINT('',(0.,0.));
#2695 = VECTOR('',#2696,1.);
#2696 = DIRECTION('',(0.,-1.));
#2697 = ( GEOMETRIC_REPRESENTATION_CONTEXT(2) 
PARAMETRIC_REPRESENTATION_CONTEXT() REPRESENTATION_CONTEXT('2D SPACE',''
  ) );
#2698 = ORIENTED_EDGE('',*,*,#2627,.F.);
#2699 = FACE_BOUND('',#2700,.F.);
#2700 = EDGE_LOOP('',(#2701,#2729,#2755,#2781));
#2701 = ORIENTED_EDGE('',*,*,#2702,.T.);
#2702 = EDGE_CURVE('',#2703,#2705,#2707,.T.);
#2703 = VERTEX_POINT('',#2704);
#2704 = CARTESIAN_POINT('',(1.746E+03,-71.,2.303E+03));
#2705 = VERTEX_POINT('',#2706);
#2706 = CARTESIAN_POINT('',(1.654E+03,-71.,2.303E+03));
#2707 = SURFACE_CURVE('',#2708,(#2712,#2718),.PCURVE_S1.);
#2708 = LINE('',#2709,#2710);
#2709 = CARTESIAN_POINT('',(1.653E+03,-71.,2.303E+03));
#2710 = VECTOR('',#2711,1.);
#2711 = DIRECTION('',(-1.,-0.,0.));
#2712 = PCURVE('',#2433,#2713);
#2713 = DEFINITIONAL_REPRESENTATION('',(#2714),#2717);
#2714 = B_SPLINE_CURVE_WITH_KNOTS('',1,(#2715,#2716),.UNSPECIFIED.,.F.,
  .F.,(2,2),(-93.,-1.),.PIECEWISE_BEZIER_KNOTS.);
#2715 = CARTESIAN_POINT('',(94.,2.));
#2716 = CARTESIAN_POINT('',(2.,2.));
#2717 = ( GEOMETRIC_REPRESENTATION_CONTEXT(2) 
PARAMETRIC_REPRESENTATION_CONTEXT() REPRESENTATION_CONTEXT('2D SPACE',''
  ) );
#2718 = PCURVE('',#2719,#2724);
#2719 = PLANE('',#2720);
#2720 = AXIS2_PLACEMENT_3D('',#2721,#2722,#2723);
#2721 = CARTESIAN_POINT('',(1.654E+03,-71.,2.302995E+03));
#2722 = DIRECTION('',(-0.,1.,0.));
#2723 = DIRECTION('',(0.,0.,1.));
#2724 = DEFINITIONAL_REPRESENTATION('',(#2725),#2728);
#2725 = B_SPLINE_CURVE_WITH_KNOTS('',1,(#2726,#2727),.UNSPECIFIED.,.F.,
  .F.,(2,2),(-93.,-1.),.PIECEWISE_BEZIER_KNOTS.);
#2726 = CARTESIAN_POINT('',(5.000000000109E-03,92.));
#2727 = CARTESIAN_POINT('',(5.000000000109E-03,0.));
#2728 = ( GEOMETRIC_REPRESENTATION_CONTEXT(2) 
PARAMETRIC_REPRESENTATION_CONTEXT() REPRESENTATION_CONTEXT('2D SPACE',''
  ) );
#2729 = ORIENTED_EDGE('',*,*,#2730,.T.);
#2730 = EDGE_CURVE('',#2705,#2731,#2733,.T.);
#2731 = VERTEX_POINT('',#2732);
#2732 = CARTESIAN_POINT('',(1.654E+03,-9.,2.303E+03));
#2733 = SURFACE_CURVE('',#2734,(#2738,#2744),.PCURVE_S1.);
#2734 = LINE('',#2735,#2736);
#2735 = CARTESIAN_POINT('',(1.654E+03,-72.,2.303E+03));
#2736 = VECTOR('',#2737,1.);
#2737 = DIRECTION('',(-0.,1.,0.));
#2738 = PCURVE('',#2433,#2739);
#2739 = DEFINITIONAL_REPRESENTATION('',(#2740),#2743);
#2740 = B_SPLINE_CURVE_WITH_KNOTS('',1,(#2741,#2742),.UNSPECIFIED.,.F.,
  .F.,(2,2),(1.,63.),.PIECEWISE_BEZIER_KNOTS.);
#2741 = CARTESIAN_POINT('',(2.,2.));
#2742 = CARTESIAN_POINT('',(2.,64.));
#2743 = ( GEOMETRIC_REPRESENTATION_CONTEXT(2) 
PARAMETRIC_REPRESENTATION_CONTEXT() REPRESENTATION_CONTEXT('2D SPACE',''
  ) );
#2744 = PCURVE('',#2745,#2750);
#2745 = PLANE('',#2746);
#2746 = AXIS2_PLACEMENT_3D('',#2747,#2748,#2749);
#2747 = CARTESIAN_POINT('',(1.654E+03,-71.,2.302995E+03));
#2748 = DIRECTION('',(1.,0.,-0.));
#2749 = DIRECTION('',(0.,0.,1.));
#2750 = DEFINITIONAL_REPRESENTATION('',(#2751),#2754);
#2751 = B_SPLINE_CURVE_WITH_KNOTS('',1,(#2752,#2753),.UNSPECIFIED.,.F.,
  .F.,(2,2),(1.,63.),.PIECEWISE_BEZIER_KNOTS.);
#2752 = CARTESIAN_POINT('',(5.000000000109E-03,0.));
#2753 = CARTESIAN_POINT('',(5.000000000109E-03,-62.));
#2754 = ( GEOMETRIC_REPRESENTATION_CONTEXT(2) 
PARAMETRIC_REPRESENTATION_CONTEXT() REPRESENTATION_CONTEXT('2D SPACE',''
  ) );
#2755 = ORIENTED_EDGE('',*,*,#2756,.F.);
#2756 = EDGE_CURVE('',#2757,#2731,#2759,.T.);
#2757 = VERTEX_POINT('',#2758);
#2758 = CARTESIAN_POINT('',(1.746E+03,-9.,2.303E+03));
#2759 = SURFACE_CURVE('',#2760,(#2764,#2770),.PCURVE_S1.);
#2760 = LINE('',#2761,#2762);
#2761 = CARTESIAN_POINT('',(1.653E+03,-9.,2.303E+03));
#2762 = VECTOR('',#2763,1.);
#2763 = DIRECTION('',(-1.,-0.,0.));
#2764 = PCURVE('',#2433,#2765);
#2765 = DEFINITIONAL_REPRESENTATION('',(#2766),#2769);
#2766 = B_SPLINE_CURVE_WITH_KNOTS('',1,(#2767,#2768),.UNSPECIFIED.,.F.,
  .F.,(2,2),(-93.,-1.),.PIECEWISE_BEZIER_KNOTS.);
#2767 = CARTESIAN_POINT('',(94.,64.));
#2768 = CARTESIAN_POINT('',(2.,64.));
#2769 = ( GEOMETRIC_REPRESENTATION_CONTEXT(2) 
PARAMETRIC_REPRESENTATION_CONTEXT() REPRESENTATION_CONTEXT('2D SPACE',''
  ) );
#2770 = PCURVE('',#2771,#2776);
#2771 = PLANE('',#2772);
#2772 = AXIS2_PLACEMENT_3D('',#2773,#2774,#2775);
#2773 = CARTESIAN_POINT('',(1.654E+03,-9.,2.302995E+03));
#2774 = DIRECTION('',(-0.,1.,0.));
#2775 = DIRECTION('',(0.,0.,1.));
#2776 = DEFINITIONAL_REPRESENTATION('',(#2777),#2780);
#2777 = B_SPLINE_CURVE_WITH_KNOTS('',1,(#2778,#2779),.UNSPECIFIED.,.F.,
  .F.,(2,2),(-93.,-1.),.PIECEWISE_BEZIER_KNOTS.);
#2778 = CARTESIAN_POINT('',(5.000000000109E-03,92.));
#2779 = CARTESIAN_POINT('',(5.000000000109E-03,0.));
#2780 = ( GEOMETRIC_REPRESENTATION_CONTEXT(2) 
PARAMETRIC_REPRESENTATION_CONTEXT() REPRESENTATION_CONTEXT('2D SPACE',''
  ) );
#2781 = ORIENTED_EDGE('',*,*,#2782,.F.);
#2782 = EDGE_CURVE('',#2703,#2757,#2783,.T.);
#2783 = SURFACE_CURVE('',#2784,(#2788,#2794),.PCURVE_S1.);
#2784 = LINE('',#2785,#2786);
#2785 = CARTESIAN_POINT('',(1.746E+03,-72.,2.303E+03));
#2786 = VECTOR('',#2787,1.);
#2787 = DIRECTION('',(-0.,1.,0.));
#2788 = PCURVE('',#2433,#2789);
#2789 = DEFINITIONAL_REPRESENTATION('',(#2790),#2793);
#2790 = B_SPLINE_CURVE_WITH_KNOTS('',1,(#2791,#2792),.UNSPECIFIED.,.F.,
  .F.,(2,2),(1.,63.),.PIECEWISE_BEZIER_KNOTS.);
#2791 = CARTESIAN_POINT('',(94.,2.));
#2792 = CARTESIAN_POINT('',(94.,64.));
#2793 = ( GEOMETRIC_REPRESENTATION_CONTEXT(2) 
PARAMETRIC_REPRESENTATION_CONTEXT() REPRESENTATION_CONTEXT('2D SPACE',''
  ) );
#2794 = PCURVE('',#2795,#2800);
#2795 = PLANE('',#2796);
#2796 = AXIS2_PLACEMENT_3D('',#2797,#2798,#2799);
#2797 = CARTESIAN_POINT('',(1.746E+03,-71.,2.302995E+03));
#2798 = DIRECTION('',(1.,0.,-0.));
#2799 = DIRECTION('',(0.,0.,1.));
#2800 = DEFINITIONAL_REPRESENTATION('',(#2801),#2804);
#2801 = B_SPLINE_CURVE_WITH_KNOTS('',1,(#2802,#2803),.UNSPECIFIED.,.F.,
  .F.,(2,2),(1.,63.),.PIECEWISE_BEZIER_KNOTS.);
#2802 = CARTESIAN_POINT('',(5.000000000109E-03,0.));
#2803 = CARTESIAN_POINT('',(5.000000000109E-03,-62.));
#2804 = ( GEOMETRIC_REPRESENTATION_CONTEXT(2) 
PARAMETRIC_REPRESENTATION_CONTEXT() REPRESENTATION_CONTEXT('2D SPACE',''
  ) );
#2805 = ADVANCED_FACE('',(#2806,#2812),#2563,.T.);
#2806 = FACE_BOUND('',#2807,.T.);
#2807 = EDGE_LOOP('',(#2808,#2809,#2810,#2811));
#2808 = ORIENTED_EDGE('',*,*,#2549,.F.);
#2809 = ORIENTED_EDGE('',*,*,#2678,.T.);
#2810 = ORIENTED_EDGE('',*,*,#2652,.T.);
#2811 = ORIENTED_EDGE('',*,*,#2580,.F.);
#2812 = FACE_BOUND('',#2813,.T.);
#2813 = EDGE_LOOP('',(#2814));
#2814 = ORIENTED_EDGE('',*,*,#2815,.F.);
#2815 = EDGE_CURVE('',#2816,#2816,#2818,.T.);
#2816 = VERTEX_POINT('',#2817);
#2817 = CARTESIAN_POINT('',(1.748E+03,-40.,2.32E+03));
#2818 = SURFACE_CURVE('',#2819,(#2824,#2831),.PCURVE_S1.);
#2819 = CIRCLE('',#2820,3.);
#2820 = AXIS2_PLACEMENT_3D('',#2821,#2822,#2823);
#2821 = CARTESIAN_POINT('',(1.748E+03,-40.,2.317E+03));
#2822 = DIRECTION('',(1.,0.,0.));
#2823 = DIRECTION('',(-0.,0.,1.));
#2824 = PCURVE('',#2563,#2825);
#2825 = DEFINITIONAL_REPRESENTATION('',(#2826),#2830);
#2826 = CIRCLE('',#2827,3.);
#2827 = AXIS2_PLACEMENT_2D('',#2828,#2829);
#2828 = CARTESIAN_POINT('',(14.,-33.));
#2829 = DIRECTION('',(1.,0.));
#2830 = ( GEOMETRIC_REPRESENTATION_CONTEXT(2) 
PARAMETRIC_REPRESENTATION_CONTEXT() REPRESENTATION_CONTEXT('2D SPACE',''
  ) );
#2831 = PCURVE('',#2832,#2837);
#2832 = CYLINDRICAL_SURFACE('',#2833,3.);
#2833 = AXIS2_PLACEMENT_3D('',#2834,#2835,#2836);
#2834 = CARTESIAN_POINT('',(1.747E+03,-40.,2.317E+03));
#2835 = DIRECTION('',(1.,0.,0.));
#2836 = DIRECTION('',(-0.,0.,1.));
#2837 = DEFINITIONAL_REPRESENTATION('',(#2838),#2842);
#2838 = LINE('',#2839,#2840);
#2839 = CARTESIAN_POINT('',(0.,1.));
#2840 = VECTOR('',#2841,1.);
#2841 = DIRECTION('',(1.,0.));
#2842 = ( GEOMETRIC_REPRESENTATION_CONTEXT(2) 
PARAMETRIC_REPRESENTATION_CONTEXT() REPRESENTATION_CONTEXT('2D SPACE',''
  ) );
#2843 = ADVANCED_FACE('',(#2844),#2719,.T.);
#2844 = FACE_BOUND('',#2845,.T.);
#2845 = EDGE_LOOP('',(#2846,#2869,#2870,#2893));
#2846 = ORIENTED_EDGE('',*,*,#2847,.F.);
#2847 = EDGE_CURVE('',#2703,#2848,#2850,.T.);
#2848 = VERTEX_POINT('',#2849);
#2849 = CARTESIAN_POINT('',(1.746E+03,-71.,2.323005E+03));
#2850 = SURFACE_CURVE('',#2851,(#2855,#2862),.PCURVE_S1.);
#2851 = LINE('',#2852,#2853);
#2852 = CARTESIAN_POINT('',(1.746E+03,-71.,2.302995E+03));
#2853 = VECTOR('',#2854,1.);
#2854 = DIRECTION('',(0.,0.,1.));
#2855 = PCURVE('',#2719,#2856);
#2856 = DEFINITIONAL_REPRESENTATION('',(#2857),#2861);
#2857 = LINE('',#2858,#2859);
#2858 = CARTESIAN_POINT('',(0.,92.));
#2859 = VECTOR('',#2860,1.);
#2860 = DIRECTION('',(1.,0.));
#2861 = ( GEOMETRIC_REPRESENTATION_CONTEXT(2) 
PARAMETRIC_REPRESENTATION_CONTEXT() REPRESENTATION_CONTEXT('2D SPACE',''
  ) );
#2862 = PCURVE('',#2795,#2863);
#2863 = DEFINITIONAL_REPRESENTATION('',(#2864),#2868);
#2864 = LINE('',#2865,#2866);
#2865 = CARTESIAN_POINT('',(0.,0.));
#2866 = VECTOR('',#2867,1.);
#2867 = DIRECTION('',(1.,0.));
#2868 = ( GEOMETRIC_REPRESENTATION_CONTEXT(2) 
PARAMETRIC_REPRESENTATION_CONTEXT() REPRESENTATION_CONTEXT('2D SPACE',''
  ) );
#2869 = ORIENTED_EDGE('',*,*,#2702,.T.);
#2870 = ORIENTED_EDGE('',*,*,#2871,.T.);
#2871 = EDGE_CURVE('',#2705,#2872,#2874,.T.);
#2872 = VERTEX_POINT('',#2873);
#2873 = CARTESIAN_POINT('',(1.654E+03,-71.,2.323005E+03));
#2874 = SURFACE_CURVE('',#2875,(#2879,#2886),.PCURVE_S1.);
#2875 = LINE('',#2876,#2877);
#2876 = CARTESIAN_POINT('',(1.654E+03,-71.,2.302995E+03));
#2877 = VECTOR('',#2878,1.);
#2878 = DIRECTION('',(0.,0.,1.));
#2879 = PCURVE('',#2719,#2880);
#2880 = DEFINITIONAL_REPRESENTATION('',(#2881),#2885);
#2881 = LINE('',#2882,#2883);
#2882 = CARTESIAN_POINT('',(0.,0.));
#2883 = VECTOR('',#2884,1.);
#2884 = DIRECTION('',(1.,0.));
#2885 = ( GEOMETRIC_REPRESENTATION_CONTEXT(2) 
PARAMETRIC_REPRESENTATION_CONTEXT() REPRESENTATION_CONTEXT('2D SPACE',''
  ) );
#2886 = PCURVE('',#2745,#2887);
#2887 = DEFINITIONAL_REPRESENTATION('',(#2888),#2892);
#2888 = LINE('',#2889,#2890);
#2889 = CARTESIAN_POINT('',(0.,0.));
#2890 = VECTOR('',#2891,1.);
#2891 = DIRECTION('',(1.,0.));
#2892 = ( GEOMETRIC_REPRESENTATION_CONTEXT(2) 
PARAMETRIC_REPRESENTATION_CONTEXT() REPRESENTATION_CONTEXT('2D SPACE',''
  ) );
#2893 = ORIENTED_EDGE('',*,*,#2894,.T.);
#2894 = EDGE_CURVE('',#2872,#2848,#2895,.T.);
#2895 = SURFACE_CURVE('',#2896,(#2900,#2907),.PCURVE_S1.);
#2896 = LINE('',#2897,#2898);
#2897 = CARTESIAN_POINT('',(1.654E+03,-71.,2.323005E+03));
#2898 = VECTOR('',#2899,1.);
#2899 = DIRECTION('',(1.,0.,-0.));
#2900 = PCURVE('',#2719,#2901);
#2901 = DEFINITIONAL_REPRESENTATION('',(#2902),#2906);
#2902 = LINE('',#2903,#2904);
#2903 = CARTESIAN_POINT('',(20.01,0.));
#2904 = VECTOR('',#2905,1.);
#2905 = DIRECTION('',(0.,1.));
#2906 = ( GEOMETRIC_REPRESENTATION_CONTEXT(2) 
PARAMETRIC_REPRESENTATION_CONTEXT() REPRESENTATION_CONTEXT('2D SPACE',''
  ) );
#2907 = PCURVE('',#2908,#2913);
#2908 = PLANE('',#2909);
#2909 = AXIS2_PLACEMENT_3D('',#2910,#2911,#2912);
#2910 = CARTESIAN_POINT('',(1.654E+03,-71.,2.323005E+03));
#2911 = DIRECTION('',(0.,0.,1.));
#2912 = DIRECTION('',(1.,0.,-0.));
#2913 = DEFINITIONAL_REPRESENTATION('',(#2914),#2918);
#2914 = LINE('',#2915,#2916);
#2915 = CARTESIAN_POINT('',(0.,0.));
#2916 = VECTOR('',#2917,1.);
#2917 = DIRECTION('',(1.,0.));
#2918 = ( GEOMETRIC_REPRESENTATION_CONTEXT(2) 
PARAMETRIC_REPRESENTATION_CONTEXT() REPRESENTATION_CONTEXT('2D SPACE',''
  ) );
#2919 = ADVANCED_FACE('',(#2920),#2795,.F.);
#2920 = FACE_BOUND('',#2921,.F.);
#2921 = EDGE_LOOP('',(#2922,#2923,#2924,#2947));
#2922 = ORIENTED_EDGE('',*,*,#2847,.F.);
#2923 = ORIENTED_EDGE('',*,*,#2782,.T.);
#2924 = ORIENTED_EDGE('',*,*,#2925,.T.);
#2925 = EDGE_CURVE('',#2757,#2926,#2928,.T.);
#2926 = VERTEX_POINT('',#2927);
#2927 = CARTESIAN_POINT('',(1.746E+03,-9.,2.323005E+03));
#2928 = SURFACE_CURVE('',#2929,(#2933,#2940),.PCURVE_S1.);
#2929 = LINE('',#2930,#2931);
#2930 = CARTESIAN_POINT('',(1.746E+03,-9.,2.302995E+03));
#2931 = VECTOR('',#2932,1.);
#2932 = DIRECTION('',(0.,0.,1.));
#2933 = PCURVE('',#2795,#2934);
#2934 = DEFINITIONAL_REPRESENTATION('',(#2935),#2939);
#2935 = LINE('',#2936,#2937);
#2936 = CARTESIAN_POINT('',(0.,-62.));
#2937 = VECTOR('',#2938,1.);
#2938 = DIRECTION('',(1.,0.));
#2939 = ( GEOMETRIC_REPRESENTATION_CONTEXT(2) 
PARAMETRIC_REPRESENTATION_CONTEXT() REPRESENTATION_CONTEXT('2D SPACE',''
  ) );
#2940 = PCURVE('',#2771,#2941);
#2941 = DEFINITIONAL_REPRESENTATION('',(#2942),#2946);
#2942 = LINE('',#2943,#2944);
#2943 = CARTESIAN_POINT('',(0.,92.));
#2944 = VECTOR('',#2945,1.);
#2945 = DIRECTION('',(1.,0.));
#2946 = ( GEOMETRIC_REPRESENTATION_CONTEXT(2) 
PARAMETRIC_REPRESENTATION_CONTEXT() REPRESENTATION_CONTEXT('2D SPACE',''
  ) );
#2947 = ORIENTED_EDGE('',*,*,#2948,.F.);
#2948 = EDGE_CURVE('',#2848,#2926,#2949,.T.);
#2949 = SURFACE_CURVE('',#2950,(#2954,#2961),.PCURVE_S1.);
#2950 = LINE('',#2951,#2952);
#2951 = CARTESIAN_POINT('',(1.746E+03,-71.,2.323005E+03));
#2952 = VECTOR('',#2953,1.);
#2953 = DIRECTION('',(-0.,1.,0.));
#2954 = PCURVE('',#2795,#2955);
#2955 = DEFINITIONAL_REPRESENTATION('',(#2956),#2960);
#2956 = LINE('',#2957,#2958);
#2957 = CARTESIAN_POINT('',(20.01,0.));
#2958 = VECTOR('',#2959,1.);
#2959 = DIRECTION('',(0.,-1.));
#2960 = ( GEOMETRIC_REPRESENTATION_CONTEXT(2) 
PARAMETRIC_REPRESENTATION_CONTEXT() REPRESENTATION_CONTEXT('2D SPACE',''
  ) );
#2961 = PCURVE('',#2908,#2962);
#2962 = DEFINITIONAL_REPRESENTATION('',(#2963),#2967);
#2963 = LINE('',#2964,#2965);
#2964 = CARTESIAN_POINT('',(92.,0.));
#2965 = VECTOR('',#2966,1.);
#2966 = DIRECTION('',(0.,1.));
#2967 = ( GEOMETRIC_REPRESENTATION_CONTEXT(2) 
PARAMETRIC_REPRESENTATION_CONTEXT() REPRESENTATION_CONTEXT('2D SPACE',''
  ) );
#2968 = ADVANCED_FACE('',(#2969),#2771,.F.);
#2969 = FACE_BOUND('',#2970,.F.);
#2970 = EDGE_LOOP('',(#2971,#2972,#2973,#2996));
#2971 = ORIENTED_EDGE('',*,*,#2925,.F.);
#2972 = ORIENTED_EDGE('',*,*,#2756,.T.);
#2973 = ORIENTED_EDGE('',*,*,#2974,.T.);
#2974 = EDGE_CURVE('',#2731,#2975,#2977,.T.);
#2975 = VERTEX_POINT('',#2976);
#2976 = CARTESIAN_POINT('',(1.654E+03,-9.,2.323005E+03));
#2977 = SURFACE_CURVE('',#2978,(#2982,#2989),.PCURVE_S1.);
#2978 = LINE('',#2979,#2980);
#2979 = CARTESIAN_POINT('',(1.654E+03,-9.,2.302995E+03));
#2980 = VECTOR('',#2981,1.);
#2981 = DIRECTION('',(0.,0.,1.));
#2982 = PCURVE('',#2771,#2983);
#2983 = DEFINITIONAL_REPRESENTATION('',(#2984),#2988);
#2984 = LINE('',#2985,#2986);
#2985 = CARTESIAN_POINT('',(0.,0.));
#2986 = VECTOR('',#2987,1.);
#2987 = DIRECTION('',(1.,0.));
#2988 = ( GEOMETRIC_REPRESENTATION_CONTEXT(2) 
PARAMETRIC_REPRESENTATION_CONTEXT() REPRESENTATION_CONTEXT('2D SPACE',''
  ) );
#2989 = PCURVE('',#2745,#2990);
#2990 = DEFINITIONAL_REPRESENTATION('',(#2991),#2995);
#2991 = LINE('',#2992,#2993);
#2992 = CARTESIAN_POINT('',(0.,-62.));
#2993 = VECTOR('',#2994,1.);
#2994 = DIRECTION('',(1.,0.));
#2995 = ( GEOMETRIC_REPRESENTATION_CONTEXT(2) 
PARAMETRIC_REPRESENTATION_CONTEXT() REPRESENTATION_CONTEXT('2D SPACE',''
  ) );
#2996 = ORIENTED_EDGE('',*,*,#2997,.T.);
#2997 = EDGE_CURVE('',#2975,#2926,#2998,.T.);
#2998 = SURFACE_CURVE('',#2999,(#3003,#3010),.PCURVE_S1.);
#2999 = LINE('',#3000,#3001);
#3000 = CARTESIAN_POINT('',(1.654E+03,-9.,2.323005E+03));
#3001 = VECTOR('',#3002,1.);
#3002 = DIRECTION('',(1.,0.,-0.));
#3003 = PCURVE('',#2771,#3004);
#3004 = DEFINITIONAL_REPRESENTATION('',(#3005),#3009);
#3005 = LINE('',#3006,#3007);
#3006 = CARTESIAN_POINT('',(20.01,0.));
#3007 = VECTOR('',#3008,1.);
#3008 = DIRECTION('',(0.,1.));
#3009 = ( GEOMETRIC_REPRESENTATION_CONTEXT(2) 
PARAMETRIC_REPRESENTATION_CONTEXT() REPRESENTATION_CONTEXT('2D SPACE',''
  ) );
#3010 = PCURVE('',#2908,#3011);
#3011 = DEFINITIONAL_REPRESENTATION('',(#3012),#3016);
#3012 = LINE('',#3013,#3014);
#3013 = CARTESIAN_POINT('',(0.,62.));
#3014 = VECTOR('',#3015,1.);
#3015 = DIRECTION('',(1.,0.));
#3016 = ( GEOMETRIC_REPRESENTATION_CONTEXT(2) 
PARAMETRIC_REPRESENTATION_CONTEXT() REPRESENTATION_CONTEXT('2D SPACE',''
  ) );
#3017 = ADVANCED_FACE('',(#3018),#2745,.T.);
#3018 = FACE_BOUND('',#3019,.T.);
#3019 = EDGE_LOOP('',(#3020,#3021,#3022,#3023));
#3020 = ORIENTED_EDGE('',*,*,#2871,.F.);
#3021 = ORIENTED_EDGE('',*,*,#2730,.T.);
#3022 = ORIENTED_EDGE('',*,*,#2974,.T.);
#3023 = ORIENTED_EDGE('',*,*,#3024,.F.);
#3024 = EDGE_CURVE('',#2872,#2975,#3025,.T.);
#3025 = SURFACE_CURVE('',#3026,(#3030,#3037),.PCURVE_S1.);
#3026 = LINE('',#3027,#3028);
#3027 = CARTESIAN_POINT('',(1.654E+03,-71.,2.323005E+03));
#3028 = VECTOR('',#3029,1.);
#3029 = DIRECTION('',(-0.,1.,0.));
#3030 = PCURVE('',#2745,#3031);
#3031 = DEFINITIONAL_REPRESENTATION('',(#3032),#3036);
#3032 = LINE('',#3033,#3034);
#3033 = CARTESIAN_POINT('',(20.01,0.));
#3034 = VECTOR('',#3035,1.);
#3035 = DIRECTION('',(0.,-1.));
#3036 = ( GEOMETRIC_REPRESENTATION_CONTEXT(2) 
PARAMETRIC_REPRESENTATION_CONTEXT() REPRESENTATION_CONTEXT('2D SPACE',''
  ) );
#3037 = PCURVE('',#2908,#3038);
#3038 = DEFINITIONAL_REPRESENTATION('',(#3039),#3043);
#3039 = LINE('',#3040,#3041);
#3040 = CARTESIAN_POINT('',(0.,0.));
#3041 = VECTOR('',#3042,1.);
#3042 = DIRECTION('',(0.,1.));
#3043 = ( GEOMETRIC_REPRESENTATION_CONTEXT(2) 
PARAMETRIC_REPRESENTATION_CONTEXT() REPRESENTATION_CONTEXT('2D SPACE',''
  ) );
#3044 = ADVANCED_FACE('',(#3045),#2832,.T.);
#3045 = FACE_BOUND('',#3046,.T.);
#3046 = EDGE_LOOP('',(#3047,#3070,#3097,#3098));
#3047 = ORIENTED_EDGE('',*,*,#3048,.T.);
#3048 = EDGE_CURVE('',#2816,#3049,#3051,.T.);
#3049 = VERTEX_POINT('',#3050);
#3050 = CARTESIAN_POINT('',(1.758E+03,-40.,2.32E+03));
#3051 = SEAM_CURVE('',#3052,(#3056,#3063),.PCURVE_S1.);
#3052 = LINE('',#3053,#3054);
#3053 = CARTESIAN_POINT('',(1.747E+03,-40.,2.32E+03));
#3054 = VECTOR('',#3055,1.);
#3055 = DIRECTION('',(1.,0.,0.));
#3056 = PCURVE('',#2832,#3057);
#3057 = DEFINITIONAL_REPRESENTATION('',(#3058),#3062);
#3058 = LINE('',#3059,#3060);
#3059 = CARTESIAN_POINT('',(6.28318530718,-0.));
#3060 = VECTOR('',#3061,1.);
#3061 = DIRECTION('',(0.,1.));
#3062 = ( GEOMETRIC_REPRESENTATION_CONTEXT(2) 
PARAMETRIC_REPRESENTATION_CONTEXT() REPRESENTATION_CONTEXT('2D SPACE',''
  ) );
#3063 = PCURVE('',#2832,#3064);
#3064 = DEFINITIONAL_REPRESENTATION('',(#3065),#3069);
#3065 = LINE('',#3066,#3067);
#3066 = CARTESIAN_POINT('',(0.,-0.));
#3067 = VECTOR('',#3068,1.);
#3068 = DIRECTION('',(0.,1.));
#3069 = ( GEOMETRIC_REPRESENTATION_CONTEXT(2) 
PARAMETRIC_REPRESENTATION_CONTEXT() REPRESENTATION_CONTEXT('2D SPACE',''
  ) );
#3070 = ORIENTED_EDGE('',*,*,#3071,.F.);
#3071 = EDGE_CURVE('',#3049,#3049,#3072,.T.);
#3072 = SURFACE_CURVE('',#3073,(#3078,#3085),.PCURVE_S1.);
#3073 = CIRCLE('',#3074,3.);
#3074 = AXIS2_PLACEMENT_3D('',#3075,#3076,#3077);
#3075 = CARTESIAN_POINT('',(1.758E+03,-40.,2.317E+03));
#3076 = DIRECTION('',(1.,0.,0.));
#3077 = DIRECTION('',(-0.,0.,1.));
#3078 = PCURVE('',#2832,#3079);
#3079 = DEFINITIONAL_REPRESENTATION('',(#3080),#3084);
#3080 = LINE('',#3081,#3082);
#3081 = CARTESIAN_POINT('',(0.,11.));
#3082 = VECTOR('',#3083,1.);
#3083 = DIRECTION('',(1.,0.));
#3084 = ( GEOMETRIC_REPRESENTATION_CONTEXT(2) 
PARAMETRIC_REPRESENTATION_CONTEXT() REPRESENTATION_CONTEXT('2D SPACE',''
  ) );
#3085 = PCURVE('',#3086,#3091);
#3086 = PLANE('',#3087);
#3087 = AXIS2_PLACEMENT_3D('',#3088,#3089,#3090);
#3088 = CARTESIAN_POINT('',(1.758E+03,-40.,2.317E+03));
#3089 = DIRECTION('',(1.,0.,0.));
#3090 = DIRECTION('',(-0.,0.,1.));
#3091 = DEFINITIONAL_REPRESENTATION('',(#3092),#3096);
#3092 = CIRCLE('',#3093,3.);
#3093 = AXIS2_PLACEMENT_2D('',#3094,#3095);
#3094 = CARTESIAN_POINT('',(0.,0.));
#3095 = DIRECTION('',(1.,0.));
#3096 = ( GEOMETRIC_REPRESENTATION_CONTEXT(2) 
PARAMETRIC_REPRESENTATION_CONTEXT() REPRESENTATION_CONTEXT('2D SPACE',''
  ) );
#3097 = ORIENTED_EDGE('',*,*,#3048,.F.);
#3098 = ORIENTED_EDGE('',*,*,#2815,.T.);
#3099 = ADVANCED_FACE('',(#3100),#2908,.F.);
#3100 = FACE_BOUND('',#3101,.F.);
#3101 = EDGE_LOOP('',(#3102,#3103,#3104,#3105));
#3102 = ORIENTED_EDGE('',*,*,#3024,.F.);
#3103 = ORIENTED_EDGE('',*,*,#2894,.T.);
#3104 = ORIENTED_EDGE('',*,*,#2948,.T.);
#3105 = ORIENTED_EDGE('',*,*,#2997,.F.);
#3106 = ADVANCED_FACE('',(#3107),#3086,.T.);
#3107 = FACE_BOUND('',#3108,.T.);
#3108 = EDGE_LOOP('',(#3109));
#3109 = ORIENTED_EDGE('',*,*,#3071,.T.);
#3110 = ( GEOMETRIC_REPRESENTATION_CONTEXT(3) 
GLOBAL_UNCERTAINTY_ASSIGNED_CONTEXT((#3114)) 
GLOBAL_UNIT_ASSIGNED_CONTEXT((#3111,#3112,#3113)) REPRESENTATION_CONTEXT
('Context #1','3D Context with UNIT and UNCERTAINTY') );
#3111 = ( LENGTH_UNIT() NAMED_UNIT(*) SI_UNIT(.MILLI.,.METRE.) );
#3112 = ( NAMED_UNIT(*) PLANE_ANGLE_UNIT() SI_UNIT($,.RADIAN.) );
#3113 = ( NAMED_UNIT(*) SI_UNIT($,.STERADIAN.) SOLID_ANGLE_UNIT() );
#3114 = UNCERTAINTY_MEASURE_WITH_UNIT(LENGTH_MEASURE(1.E-07),#3111,
  'distance_accuracy_value','confusion accuracy');
#3115 = CONTEXT_DEPENDENT_SHAPE_REPRESENTATION(#3116,#3118);
#3116 = ( REPRESENTATION_RELATIONSHIP('','',#2179,#10) 
REPRESENTATION_RELATIONSHIP_WITH_TRANSFORMATION(#3117) 
SHAPE_REPRESENTATION_RELATIONSHIP() );
#3117 = ITEM_DEFINED_TRANSFORMATION('','',#11,#27);
#3118 = PRODUCT_DEFINITION_SHAPE('Placement','Placement of an item',
  #3119);
#3119 = NEXT_ASSEMBLY_USAGE_OCCURRENCE('4','=>[0:1:1:5]','',#5,#2174,$);
#3120 = PRODUCT_RELATED_PRODUCT_CATEGORY('part',$,(#2176));
#3121 = SHAPE_DEFINITION_REPRESENTATION(#3122,#3128);
#3122 = PRODUCT_DEFINITION_SHAPE('','',#3123);
#3123 = PRODUCT_DEFINITION('design','',#3124,#3127);
#3124 = PRODUCT_DEFINITION_FORMATION('','',#3125);
#3125 = PRODUCT('COMPOUND','COMPOUND','',(#3126));
#3126 = PRODUCT_CONTEXT('',#2,'mechanical');
#3127 = PRODUCT_DEFINITION_CONTEXT('part definition',#2,'design');
#3128 = ADVANCED_BREP_SHAPE_REPRESENTATION('',(#11,#3129),#3773);
#3129 = MANIFOLD_SOLID_BREP('',#3130);
#3130 = CLOSED_SHELL('',(#3131,#3251,#3433,#3482,#3531,#3558,#3565,#3641
    ,#3690,#3739,#3766));
#3131 = ADVANCED_FACE('',(#3132),#3146,.F.);
#3132 = FACE_BOUND('',#3133,.F.);
#3133 = EDGE_LOOP('',(#3134,#3169,#3197,#3225));
#3134 = ORIENTED_EDGE('',*,*,#3135,.F.);
#3135 = EDGE_CURVE('',#3136,#3138,#3140,.T.);
#3136 = VERTEX_POINT('',#3137);
#3137 = CARTESIAN_POINT('',(3.2E+03,-86.,1.225E+03));
#3138 = VERTEX_POINT('',#3139);
#3139 = CARTESIAN_POINT('',(3.2E+03,-86.,1.475E+03));
#3140 = SURFACE_CURVE('',#3141,(#3145,#3157),.PCURVE_S1.);
#3141 = LINE('',#3142,#3143);
#3142 = CARTESIAN_POINT('',(3.2E+03,-86.,1.225E+03));
#3143 = VECTOR('',#3144,1.);
#3144 = DIRECTION('',(0.,0.,1.));
#3145 = PCURVE('',#3146,#3151);
#3146 = PLANE('',#3147);
#3147 = AXIS2_PLACEMENT_3D('',#3148,#3149,#3150);
#3148 = CARTESIAN_POINT('',(3.2E+03,-86.,1.225E+03));
#3149 = DIRECTION('',(1.,0.,-0.));
#3150 = DIRECTION('',(0.,0.,1.));
#3151 = DEFINITIONAL_REPRESENTATION('',(#3152),#3156);
#3152 = LINE('',#3153,#3154);
#3153 = CARTESIAN_POINT('',(0.,0.));
#3154 = VECTOR('',#3155,1.);
#3155 = DIRECTION('',(1.,0.));
#3156 = ( GEOMETRIC_REPRESENTATION_CONTEXT(2) 
PARAMETRIC_REPRESENTATION_CONTEXT() REPRESENTATION_CONTEXT('2D SPACE',''
  ) );
#3157 = PCURVE('',#3158,#3163);
#3158 = PLANE('',#3159);
#3159 = AXIS2_PLACEMENT_3D('',#3160,#3161,#3162);
#3160 = CARTESIAN_POINT('',(3.2E+03,-86.,1.225E+03));
#3161 = DIRECTION('',(-0.,1.,0.));
#3162 = DIRECTION('',(0.,0.,1.));
#3163 = DEFINITIONAL_REPRESENTATION('',(#3164),#3168);
#3164 = LINE('',#3165,#3166);
#3165 = CARTESIAN_POINT('',(0.,0.));
#3166 = VECTOR('',#3167,1.);
#3167 = DIRECTION('',(1.,0.));
#3168 = ( GEOMETRIC_REPRESENTATION_CONTEXT(2) 
PARAMETRIC_REPRESENTATION_CONTEXT() REPRESENTATION_CONTEXT('2D SPACE',''
  ) );
#3169 = ORIENTED_EDGE('',*,*,#3170,.T.);
#3170 = EDGE_CURVE('',#3136,#3171,#3173,.T.);
#3171 = VERTEX_POINT('',#3172);
#3172 = CARTESIAN_POINT('',(3.2E+03,0.,1.225E+03));
#3173 = SURFACE_CURVE('',#3174,(#3178,#3185),.PCURVE_S1.);
#3174 = LINE('',#3175,#3176);
#3175 = CARTESIAN_POINT('',(3.2E+03,-86.,1.225E+03));
#3176 = VECTOR('',#3177,1.);
#3177 = DIRECTION('',(-0.,1.,0.));
#3178 = PCURVE('',#3146,#3179);
#3179 = DEFINITIONAL_REPRESENTATION('',(#3180),#3184);
#3180 = LINE('',#3181,#3182);
#3181 = CARTESIAN_POINT('',(0.,0.));
#3182 = VECTOR('',#3183,1.);
#3183 = DIRECTION('',(0.,-1.));
#3184 = ( GEOMETRIC_REPRESENTATION_CONTEXT(2) 
PARAMETRIC_REPRESENTATION_CONTEXT() REPRESENTATION_CONTEXT('2D SPACE',''
  ) );
#3185 = PCURVE('',#3186,#3191);
#3186 = PLANE('',#3187);
#3187 = AXIS2_PLACEMENT_3D('',#3188,#3189,#3190);
#3188 = CARTESIAN_POINT('',(3.2E+03,-86.,1.225E+03));
#3189 = DIRECTION('',(0.,0.,1.));
#3190 = DIRECTION('',(1.,0.,-0.));
#3191 = DEFINITIONAL_REPRESENTATION('',(#3192),#3196);
#3192 = LINE('',#3193,#3194);
#3193 = CARTESIAN_POINT('',(0.,0.));
#3194 = VECTOR('',#3195,1.);
#3195 = DIRECTION('',(0.,1.));
#3196 = ( GEOMETRIC_REPRESENTATION_CONTEXT(2) 
PARAMETRIC_REPRESENTATION_CONTEXT() REPRESENTATION_CONTEXT('2D SPACE',''
  ) );
#3197 = ORIENTED_EDGE('',*,*,#3198,.T.);
#3198 = EDGE_CURVE('',#3171,#3199,#3201,.T.);
#3199 = VERTEX_POINT('',#3200);
#3200 = CARTESIAN_POINT('',(3.2E+03,0.,1.475E+03));
#3201 = SURFACE_CURVE('',#3202,(#3206,#3213),.PCURVE_S1.);
#3202 = LINE('',#3203,#3204);
#3203 = CARTESIAN_POINT('',(3.2E+03,0.,1.225E+03));
#3204 = VECTOR('',#3205,1.);
#3205 = DIRECTION('',(0.,0.,1.));
#3206 = PCURVE('',#3146,#3207);
#3207 = DEFINITIONAL_REPRESENTATION('',(#3208),#3212);
#3208 = LINE('',#3209,#3210);
#3209 = CARTESIAN_POINT('',(0.,-86.));
#3210 = VECTOR('',#3211,1.);
#3211 = DIRECTION('',(1.,0.));
#3212 = ( GEOMETRIC_REPRESENTATION_CONTEXT(2) 
PARAMETRIC_REPRESENTATION_CONTEXT() REPRESENTATION_CONTEXT('2D SPACE',''
  ) );
#3213 = PCURVE('',#3214,#3219);
#3214 = PLANE('',#3215);
#3215 = AXIS2_PLACEMENT_3D('',#3216,#3217,#3218);
#3216 = CARTESIAN_POINT('',(3.2E+03,0.,1.225E+03));
#3217 = DIRECTION('',(-0.,1.,0.));
#3218 = DIRECTION('',(0.,0.,1.));
#3219 = DEFINITIONAL_REPRESENTATION('',(#3220),#3224);
#3220 = LINE('',#3221,#3222);
#3221 = CARTESIAN_POINT('',(0.,0.));
#3222 = VECTOR('',#3223,1.);
#3223 = DIRECTION('',(1.,0.));
#3224 = ( GEOMETRIC_REPRESENTATION_CONTEXT(2) 
PARAMETRIC_REPRESENTATION_CONTEXT() REPRESENTATION_CONTEXT('2D SPACE',''
  ) );
#3225 = ORIENTED_EDGE('',*,*,#3226,.F.);
#3226 = EDGE_CURVE('',#3138,#3199,#3227,.T.);
#3227 = SURFACE_CURVE('',#3228,(#3232,#3239),.PCURVE_S1.);
#3228 = LINE('',#3229,#3230);
#3229 = CARTESIAN_POINT('',(3.2E+03,-86.,1.475E+03));
#3230 = VECTOR('',#3231,1.);
#3231 = DIRECTION('',(-0.,1.,0.));
#3232 = PCURVE('',#3146,#3233);
#3233 = DEFINITIONAL_REPRESENTATION('',(#3234),#3238);
#3234 = LINE('',#3235,#3236);
#3235 = CARTESIAN_POINT('',(250.,0.));
#3236 = VECTOR('',#3237,1.);
#3237 = DIRECTION('',(0.,-1.));
#3238 = ( GEOMETRIC_REPRESENTATION_CONTEXT(2) 
PARAMETRIC_REPRESENTATION_CONTEXT() REPRESENTATION_CONTEXT('2D SPACE',''
  ) );
#3239 = PCURVE('',#3240,#3245);
#3240 = PLANE('',#3241);
#3241 = AXIS2_PLACEMENT_3D('',#3242,#3243,#3244);
#3242 = CARTESIAN_POINT('',(3.2E+03,-86.,1.475E+03));
#3243 = DIRECTION('',(0.,0.,1.));
#3244 = DIRECTION('',(1.,0.,-0.));
#3245 = DEFINITIONAL_REPRESENTATION('',(#3246),#3250);
#3246 = LINE('',#3247,#3248);
#3247 = CARTESIAN_POINT('',(0.,0.));
#3248 = VECTOR('',#3249,1.);
#3249 = DIRECTION('',(0.,1.));
#3250 = ( GEOMETRIC_REPRESENTATION_CONTEXT(2) 
PARAMETRIC_REPRESENTATION_CONTEXT() REPRESENTATION_CONTEXT('2D SPACE',''
  ) );
#3251 = ADVANCED_FACE('',(#3252,#3327),#3158,.F.);
#3252 = FACE_BOUND('',#3253,.F.);
#3253 = EDGE_LOOP('',(#3254,#3277,#3278,#3301));
#3254 = ORIENTED_EDGE('',*,*,#3255,.F.);
#3255 = EDGE_CURVE('',#3136,#3256,#3258,.T.);
#3256 = VERTEX_POINT('',#3257);
#3257 = CARTESIAN_POINT('',(3.4E+03,-86.,1.225E+03));
#3258 = SURFACE_CURVE('',#3259,(#3263,#3270),.PCURVE_S1.);
#3259 = LINE('',#3260,#3261);
#3260 = CARTESIAN_POINT('',(3.2E+03,-86.,1.225E+03));
#3261 = VECTOR('',#3262,1.);
#3262 = DIRECTION('',(1.,0.,-0.));
#3263 = PCURVE('',#3158,#3264);
#3264 = DEFINITIONAL_REPRESENTATION('',(#3265),#3269);
#3265 = LINE('',#3266,#3267);
#3266 = CARTESIAN_POINT('',(0.,0.));
#3267 = VECTOR('',#3268,1.);
#3268 = DIRECTION('',(0.,1.));
#3269 = ( GEOMETRIC_REPRESENTATION_CONTEXT(2) 
PARAMETRIC_REPRESENTATION_CONTEXT() REPRESENTATION_CONTEXT('2D SPACE',''
  ) );
#3270 = PCURVE('',#3186,#3271);
#3271 = DEFINITIONAL_REPRESENTATION('',(#3272),#3276);
#3272 = LINE('',#3273,#3274);
#3273 = CARTESIAN_POINT('',(0.,0.));
#3274 = VECTOR('',#3275,1.);
#3275 = DIRECTION('',(1.,0.));
#3276 = ( GEOMETRIC_REPRESENTATION_CONTEXT(2) 
PARAMETRIC_REPRESENTATION_CONTEXT() REPRESENTATION_CONTEXT('2D SPACE',''
  ) );
#3277 = ORIENTED_EDGE('',*,*,#3135,.T.);
#3278 = ORIENTED_EDGE('',*,*,#3279,.T.);
#3279 = EDGE_CURVE('',#3138,#3280,#3282,.T.);
#3280 = VERTEX_POINT('',#3281);
#3281 = CARTESIAN_POINT('',(3.4E+03,-86.,1.475E+03));
#3282 = SURFACE_CURVE('',#3283,(#3287,#3294),.PCURVE_S1.);
#3283 = LINE('',#3284,#3285);
#3284 = CARTESIAN_POINT('',(3.2E+03,-86.,1.475E+03));
#3285 = VECTOR('',#3286,1.);
#3286 = DIRECTION('',(1.,0.,-0.));
#3287 = PCURVE('',#3158,#3288);
#3288 = DEFINITIONAL_REPRESENTATION('',(#3289),#3293);
#3289 = LINE('',#3290,#3291);
#3290 = CARTESIAN_POINT('',(250.,0.));
#3291 = VECTOR('',#3292,1.);
#3292 = DIRECTION('',(0.,1.));
#3293 = ( GEOMETRIC_REPRESENTATION_CONTEXT(2) 
PARAMETRIC_REPRESENTATION_CONTEXT() REPRESENTATION_CONTEXT('2D SPACE',''
  ) );
#3294 = PCURVE('',#3240,#3295);
#3295 = DEFINITIONAL_REPRESENTATION('',(#3296),#3300);
#3296 = LINE('',#3297,#3298);
#3297 = CARTESIAN_POINT('',(0.,0.));
#3298 = VECTOR('',#3299,1.);
#3299 = DIRECTION('',(1.,0.));
#3300 = ( GEOMETRIC_REPRESENTATION_CONTEXT(2) 
PARAMETRIC_REPRESENTATION_CONTEXT() REPRESENTATION_CONTEXT('2D SPACE',''
  ) );
#3301 = ORIENTED_EDGE('',*,*,#3302,.F.);
#3302 = EDGE_CURVE('',#3256,#3280,#3303,.T.);
#3303 = SURFACE_CURVE('',#3304,(#3308,#3315),.PCURVE_S1.);
#3304 = LINE('',#3305,#3306);
#3305 = CARTESIAN_POINT('',(3.4E+03,-86.,1.225E+03));
#3306 = VECTOR('',#3307,1.);
#3307 = DIRECTION('',(0.,0.,1.));
#3308 = PCURVE('',#3158,#3309);
#3309 = DEFINITIONAL_REPRESENTATION('',(#3310),#3314);
#3310 = LINE('',#3311,#3312);
#3311 = CARTESIAN_POINT('',(0.,200.));
#3312 = VECTOR('',#3313,1.);
#3313 = DIRECTION('',(1.,0.));
#3314 = ( GEOMETRIC_REPRESENTATION_CONTEXT(2) 
PARAMETRIC_REPRESENTATION_CONTEXT() REPRESENTATION_CONTEXT('2D SPACE',''
  ) );
#3315 = PCURVE('',#3316,#3321);
#3316 = PLANE('',#3317);
#3317 = AXIS2_PLACEMENT_3D('',#3318,#3319,#3320);
#3318 = CARTESIAN_POINT('',(3.4E+03,-86.,1.225E+03));
#3319 = DIRECTION('',(1.,0.,-0.));
#3320 = DIRECTION('',(0.,0.,1.));
#3321 = DEFINITIONAL_REPRESENTATION('',(#3322),#3326);
#3322 = LINE('',#3323,#3324);
#3323 = CARTESIAN_POINT('',(0.,0.));
#3324 = VECTOR('',#3325,1.);
#3325 = DIRECTION('',(1.,0.));
#3326 = ( GEOMETRIC_REPRESENTATION_CONTEXT(2) 
PARAMETRIC_REPRESENTATION_CONTEXT() REPRESENTATION_CONTEXT('2D SPACE',''
  ) );
#3327 = FACE_BOUND('',#3328,.F.);
#3328 = EDGE_LOOP('',(#3329,#3357,#3383,#3409));
#3329 = ORIENTED_EDGE('',*,*,#3330,.F.);
#3330 = EDGE_CURVE('',#3331,#3333,#3335,.T.);
#3331 = VERTEX_POINT('',#3332);
#3332 = CARTESIAN_POINT('',(3.203E+03,-86.,1.472E+03));
#3333 = VERTEX_POINT('',#3334);
#3334 = CARTESIAN_POINT('',(3.397E+03,-86.,1.472E+03));
#3335 = SURFACE_CURVE('',#3336,(#3340,#3346),.PCURVE_S1.);
#3336 = LINE('',#3337,#3338);
#3337 = CARTESIAN_POINT('',(3.2015E+03,-86.,1.472E+03));
#3338 = VECTOR('',#3339,1.);
#3339 = DIRECTION('',(1.,0.,-0.));
#3340 = PCURVE('',#3158,#3341);
#3341 = DEFINITIONAL_REPRESENTATION('',(#3342),#3345);
#3342 = B_SPLINE_CURVE_WITH_KNOTS('',1,(#3343,#3344),.UNSPECIFIED.,.F.,
  .F.,(2,2),(1.5,195.5),.PIECEWISE_BEZIER_KNOTS.);
#3343 = CARTESIAN_POINT('',(247.,3.));
#3344 = CARTESIAN_POINT('',(247.,197.));
#3345 = ( GEOMETRIC_REPRESENTATION_CONTEXT(2) 
PARAMETRIC_REPRESENTATION_CONTEXT() REPRESENTATION_CONTEXT('2D SPACE',''
  ) );
#3346 = PCURVE('',#3347,#3352);
#3347 = PLANE('',#3348);
#3348 = AXIS2_PLACEMENT_3D('',#3349,#3350,#3351);
#3349 = CARTESIAN_POINT('',(3.203E+03,-88.,1.472E+03));
#3350 = DIRECTION('',(0.,0.,1.));
#3351 = DIRECTION('',(1.,0.,-0.));
#3352 = DEFINITIONAL_REPRESENTATION('',(#3353),#3356);
#3353 = B_SPLINE_CURVE_WITH_KNOTS('',1,(#3354,#3355),.UNSPECIFIED.,.F.,
  .F.,(2,2),(1.5,195.5),.PIECEWISE_BEZIER_KNOTS.);
#3354 = CARTESIAN_POINT('',(0.,2.));
#3355 = CARTESIAN_POINT('',(194.,2.));
#3356 = ( GEOMETRIC_REPRESENTATION_CONTEXT(2) 
PARAMETRIC_REPRESENTATION_CONTEXT() REPRESENTATION_CONTEXT('2D SPACE',''
  ) );
#3357 = ORIENTED_EDGE('',*,*,#3358,.T.);
#3358 = EDGE_CURVE('',#3331,#3359,#3361,.T.);
#3359 = VERTEX_POINT('',#3360);
#3360 = CARTESIAN_POINT('',(3.203E+03,-86.,1.228E+03));
#3361 = SURFACE_CURVE('',#3362,(#3366,#3372),.PCURVE_S1.);
#3362 = LINE('',#3363,#3364);
#3363 = CARTESIAN_POINT('',(3.203E+03,-86.,1.2265E+03));
#3364 = VECTOR('',#3365,1.);
#3365 = DIRECTION('',(-0.,0.,-1.));
#3366 = PCURVE('',#3158,#3367);
#3367 = DEFINITIONAL_REPRESENTATION('',(#3368),#3371);
#3368 = B_SPLINE_CURVE_WITH_KNOTS('',1,(#3369,#3370),.UNSPECIFIED.,.F.,
  .F.,(2,2),(-245.5,-1.5),.PIECEWISE_BEZIER_KNOTS.);
#3369 = CARTESIAN_POINT('',(247.,3.));
#3370 = CARTESIAN_POINT('',(3.,3.));
#3371 = ( GEOMETRIC_REPRESENTATION_CONTEXT(2) 
PARAMETRIC_REPRESENTATION_CONTEXT() REPRESENTATION_CONTEXT('2D SPACE',''
  ) );
#3372 = PCURVE('',#3373,#3378);
#3373 = PLANE('',#3374);
#3374 = AXIS2_PLACEMENT_3D('',#3375,#3376,#3377);
#3375 = CARTESIAN_POINT('',(3.203E+03,-88.,1.228E+03));
#3376 = DIRECTION('',(1.,0.,-0.));
#3377 = DIRECTION('',(0.,0.,1.));
#3378 = DEFINITIONAL_REPRESENTATION('',(#3379),#3382);
#3379 = B_SPLINE_CURVE_WITH_KNOTS('',1,(#3380,#3381),.UNSPECIFIED.,.F.,
  .F.,(2,2),(-245.5,-1.5),.PIECEWISE_BEZIER_KNOTS.);
#3380 = CARTESIAN_POINT('',(244.,-2.));
#3381 = CARTESIAN_POINT('',(0.,-2.));
#3382 = ( GEOMETRIC_REPRESENTATION_CONTEXT(2) 
PARAMETRIC_REPRESENTATION_CONTEXT() REPRESENTATION_CONTEXT('2D SPACE',''
  ) );
#3383 = ORIENTED_EDGE('',*,*,#3384,.T.);
#3384 = EDGE_CURVE('',#3359,#3385,#3387,.T.);
#3385 = VERTEX_POINT('',#3386);
#3386 = CARTESIAN_POINT('',(3.397E+03,-86.,1.228E+03));
#3387 = SURFACE_CURVE('',#3388,(#3392,#3398),.PCURVE_S1.);
#3388 = LINE('',#3389,#3390);
#3389 = CARTESIAN_POINT('',(3.2015E+03,-86.,1.228E+03));
#3390 = VECTOR('',#3391,1.);
#3391 = DIRECTION('',(1.,0.,-0.));
#3392 = PCURVE('',#3158,#3393);
#3393 = DEFINITIONAL_REPRESENTATION('',(#3394),#3397);
#3394 = B_SPLINE_CURVE_WITH_KNOTS('',1,(#3395,#3396),.UNSPECIFIED.,.F.,
  .F.,(2,2),(1.5,195.5),.PIECEWISE_BEZIER_KNOTS.);
#3395 = CARTESIAN_POINT('',(3.,3.));
#3396 = CARTESIAN_POINT('',(3.,197.));
#3397 = ( GEOMETRIC_REPRESENTATION_CONTEXT(2) 
PARAMETRIC_REPRESENTATION_CONTEXT() REPRESENTATION_CONTEXT('2D SPACE',''
  ) );
#3398 = PCURVE('',#3399,#3404);
#3399 = PLANE('',#3400);
#3400 = AXIS2_PLACEMENT_3D('',#3401,#3402,#3403);
#3401 = CARTESIAN_POINT('',(3.203E+03,-88.,1.228E+03));
#3402 = DIRECTION('',(0.,0.,1.));
#3403 = DIRECTION('',(1.,0.,-0.));
#3404 = DEFINITIONAL_REPRESENTATION('',(#3405),#3408);
#3405 = B_SPLINE_CURVE_WITH_KNOTS('',1,(#3406,#3407),.UNSPECIFIED.,.F.,
  .F.,(2,2),(1.5,195.5),.PIECEWISE_BEZIER_KNOTS.);
#3406 = CARTESIAN_POINT('',(0.,2.));
#3407 = CARTESIAN_POINT('',(194.,2.));
#3408 = ( GEOMETRIC_REPRESENTATION_CONTEXT(2) 
PARAMETRIC_REPRESENTATION_CONTEXT() REPRESENTATION_CONTEXT('2D SPACE',''
  ) );
#3409 = ORIENTED_EDGE('',*,*,#3410,.F.);
#3410 = EDGE_CURVE('',#3333,#3385,#3411,.T.);
#3411 = SURFACE_CURVE('',#3412,(#3416,#3422),.PCURVE_S1.);
#3412 = LINE('',#3413,#3414);
#3413 = CARTESIAN_POINT('',(3.397E+03,-86.,1.2265E+03));
#3414 = VECTOR('',#3415,1.);
#3415 = DIRECTION('',(-0.,0.,-1.));
#3416 = PCURVE('',#3158,#3417);
#3417 = DEFINITIONAL_REPRESENTATION('',(#3418),#3421);
#3418 = B_SPLINE_CURVE_WITH_KNOTS('',1,(#3419,#3420),.UNSPECIFIED.,.F.,
  .F.,(2,2),(-245.5,-1.5),.PIECEWISE_BEZIER_KNOTS.);
#3419 = CARTESIAN_POINT('',(247.,197.));
#3420 = CARTESIAN_POINT('',(3.,197.));
#3421 = ( GEOMETRIC_REPRESENTATION_CONTEXT(2) 
PARAMETRIC_REPRESENTATION_CONTEXT() REPRESENTATION_CONTEXT('2D SPACE',''
  ) );
#3422 = PCURVE('',#3423,#3428);
#3423 = PLANE('',#3424);
#3424 = AXIS2_PLACEMENT_3D('',#3425,#3426,#3427);
#3425 = CARTESIAN_POINT('',(3.397E+03,-88.,1.228E+03));
#3426 = DIRECTION('',(1.,0.,-0.));
#3427 = DIRECTION('',(0.,0.,1.));
#3428 = DEFINITIONAL_REPRESENTATION('',(#3429),#3432);
#3429 = B_SPLINE_CURVE_WITH_KNOTS('',1,(#3430,#3431),.UNSPECIFIED.,.F.,
  .F.,(2,2),(-245.5,-1.5),.PIECEWISE_BEZIER_KNOTS.);
#3430 = CARTESIAN_POINT('',(244.,-2.));
#3431 = CARTESIAN_POINT('',(0.,-2.));
#3432 = ( GEOMETRIC_REPRESENTATION_CONTEXT(2) 
PARAMETRIC_REPRESENTATION_CONTEXT() REPRESENTATION_CONTEXT('2D SPACE',''
  ) );
#3433 = ADVANCED_FACE('',(#3434),#3240,.T.);
#3434 = FACE_BOUND('',#3435,.T.);
#3435 = EDGE_LOOP('',(#3436,#3437,#3438,#3461));
#3436 = ORIENTED_EDGE('',*,*,#3226,.F.);
#3437 = ORIENTED_EDGE('',*,*,#3279,.T.);
#3438 = ORIENTED_EDGE('',*,*,#3439,.T.);
#3439 = EDGE_CURVE('',#3280,#3440,#3442,.T.);
#3440 = VERTEX_POINT('',#3441);
#3441 = CARTESIAN_POINT('',(3.4E+03,0.,1.475E+03));
#3442 = SURFACE_CURVE('',#3443,(#3447,#3454),.PCURVE_S1.);
#3443 = LINE('',#3444,#3445);
#3444 = CARTESIAN_POINT('',(3.4E+03,-86.,1.475E+03));
#3445 = VECTOR('',#3446,1.);
#3446 = DIRECTION('',(-0.,1.,0.));
#3447 = PCURVE('',#3240,#3448);
#3448 = DEFINITIONAL_REPRESENTATION('',(#3449),#3453);
#3449 = LINE('',#3450,#3451);
#3450 = CARTESIAN_POINT('',(200.,0.));
#3451 = VECTOR('',#3452,1.);
#3452 = DIRECTION('',(0.,1.));
#3453 = ( GEOMETRIC_REPRESENTATION_CONTEXT(2) 
PARAMETRIC_REPRESENTATION_CONTEXT() REPRESENTATION_CONTEXT('2D SPACE',''
  ) );
#3454 = PCURVE('',#3316,#3455);
#3455 = DEFINITIONAL_REPRESENTATION('',(#3456),#3460);
#3456 = LINE('',#3457,#3458);
#3457 = CARTESIAN_POINT('',(250.,0.));
#3458 = VECTOR('',#3459,1.);
#3459 = DIRECTION('',(0.,-1.));
#3460 = ( GEOMETRIC_REPRESENTATION_CONTEXT(2) 
PARAMETRIC_REPRESENTATION_CONTEXT() REPRESENTATION_CONTEXT('2D SPACE',''
  ) );
#3461 = ORIENTED_EDGE('',*,*,#3462,.F.);
#3462 = EDGE_CURVE('',#3199,#3440,#3463,.T.);
#3463 = SURFACE_CURVE('',#3464,(#3468,#3475),.PCURVE_S1.);
#3464 = LINE('',#3465,#3466);
#3465 = CARTESIAN_POINT('',(3.2E+03,0.,1.475E+03));
#3466 = VECTOR('',#3467,1.);
#3467 = DIRECTION('',(1.,0.,-0.));
#3468 = PCURVE('',#3240,#3469);
#3469 = DEFINITIONAL_REPRESENTATION('',(#3470),#3474);
#3470 = LINE('',#3471,#3472);
#3471 = CARTESIAN_POINT('',(0.,86.));
#3472 = VECTOR('',#3473,1.);
#3473 = DIRECTION('',(1.,0.));
#3474 = ( GEOMETRIC_REPRESENTATION_CONTEXT(2) 
PARAMETRIC_REPRESENTATION_CONTEXT() REPRESENTATION_CONTEXT('2D SPACE',''
  ) );
#3475 = PCURVE('',#3214,#3476);
#3476 = DEFINITIONAL_REPRESENTATION('',(#3477),#3481);
#3477 = LINE('',#3478,#3479);
#3478 = CARTESIAN_POINT('',(250.,0.));
#3479 = VECTOR('',#3480,1.);
#3480 = DIRECTION('',(0.,1.));
#3481 = ( GEOMETRIC_REPRESENTATION_CONTEXT(2) 
PARAMETRIC_REPRESENTATION_CONTEXT() REPRESENTATION_CONTEXT('2D SPACE',''
  ) );
#3482 = ADVANCED_FACE('',(#3483),#3214,.T.);
#3483 = FACE_BOUND('',#3484,.T.);
#3484 = EDGE_LOOP('',(#3485,#3508,#3509,#3510));
#3485 = ORIENTED_EDGE('',*,*,#3486,.F.);
#3486 = EDGE_CURVE('',#3171,#3487,#3489,.T.);
#3487 = VERTEX_POINT('',#3488);
#3488 = CARTESIAN_POINT('',(3.4E+03,0.,1.225E+03));
#3489 = SURFACE_CURVE('',#3490,(#3494,#3501),.PCURVE_S1.);
#3490 = LINE('',#3491,#3492);
#3491 = CARTESIAN_POINT('',(3.2E+03,0.,1.225E+03));
#3492 = VECTOR('',#3493,1.);
#3493 = DIRECTION('',(1.,0.,-0.));
#3494 = PCURVE('',#3214,#3495);
#3495 = DEFINITIONAL_REPRESENTATION('',(#3496),#3500);
#3496 = LINE('',#3497,#3498);
#3497 = CARTESIAN_POINT('',(0.,0.));
#3498 = VECTOR('',#3499,1.);
#3499 = DIRECTION('',(0.,1.));
#3500 = ( GEOMETRIC_REPRESENTATION_CONTEXT(2) 
PARAMETRIC_REPRESENTATION_CONTEXT() REPRESENTATION_CONTEXT('2D SPACE',''
  ) );
#3501 = PCURVE('',#3186,#3502);
#3502 = DEFINITIONAL_REPRESENTATION('',(#3503),#3507);
#3503 = LINE('',#3504,#3505);
#3504 = CARTESIAN_POINT('',(0.,86.));
#3505 = VECTOR('',#3506,1.);
#3506 = DIRECTION('',(1.,0.));
#3507 = ( GEOMETRIC_REPRESENTATION_CONTEXT(2) 
PARAMETRIC_REPRESENTATION_CONTEXT() REPRESENTATION_CONTEXT('2D SPACE',''
  ) );
#3508 = ORIENTED_EDGE('',*,*,#3198,.T.);
#3509 = ORIENTED_EDGE('',*,*,#3462,.T.);
#3510 = ORIENTED_EDGE('',*,*,#3511,.F.);
#3511 = EDGE_CURVE('',#3487,#3440,#3512,.T.);
#3512 = SURFACE_CURVE('',#3513,(#3517,#3524),.PCURVE_S1.);
#3513 = LINE('',#3514,#3515);
#3514 = CARTESIAN_POINT('',(3.4E+03,0.,1.225E+03));
#3515 = VECTOR('',#3516,1.);
#3516 = DIRECTION('',(0.,0.,1.));
#3517 = PCURVE('',#3214,#3518);
#3518 = DEFINITIONAL_REPRESENTATION('',(#3519),#3523);
#3519 = LINE('',#3520,#3521);
#3520 = CARTESIAN_POINT('',(0.,200.));
#3521 = VECTOR('',#3522,1.);
#3522 = DIRECTION('',(1.,0.));
#3523 = ( GEOMETRIC_REPRESENTATION_CONTEXT(2) 
PARAMETRIC_REPRESENTATION_CONTEXT() REPRESENTATION_CONTEXT('2D SPACE',''
  ) );
#3524 = PCURVE('',#3316,#3525);
#3525 = DEFINITIONAL_REPRESENTATION('',(#3526),#3530);
#3526 = LINE('',#3527,#3528);
#3527 = CARTESIAN_POINT('',(0.,-86.));
#3528 = VECTOR('',#3529,1.);
#3529 = DIRECTION('',(1.,0.));
#3530 = ( GEOMETRIC_REPRESENTATION_CONTEXT(2) 
PARAMETRIC_REPRESENTATION_CONTEXT() REPRESENTATION_CONTEXT('2D SPACE',''
  ) );
#3531 = ADVANCED_FACE('',(#3532),#3186,.F.);
#3532 = FACE_BOUND('',#3533,.F.);
#3533 = EDGE_LOOP('',(#3534,#3535,#3536,#3557));
#3534 = ORIENTED_EDGE('',*,*,#3170,.F.);
#3535 = ORIENTED_EDGE('',*,*,#3255,.T.);
#3536 = ORIENTED_EDGE('',*,*,#3537,.T.);
#3537 = EDGE_CURVE('',#3256,#3487,#3538,.T.);
#3538 = SURFACE_CURVE('',#3539,(#3543,#3550),.PCURVE_S1.);
#3539 = LINE('',#3540,#3541);
#3540 = CARTESIAN_POINT('',(3.4E+03,-86.,1.225E+03));
#3541 = VECTOR('',#3542,1.);
#3542 = DIRECTION('',(-0.,1.,0.));
#3543 = PCURVE('',#3186,#3544);
#3544 = DEFINITIONAL_REPRESENTATION('',(#3545),#3549);
#3545 = LINE('',#3546,#3547);
#3546 = CARTESIAN_POINT('',(200.,0.));
#3547 = VECTOR('',#3548,1.);
#3548 = DIRECTION('',(0.,1.));
#3549 = ( GEOMETRIC_REPRESENTATION_CONTEXT(2) 
PARAMETRIC_REPRESENTATION_CONTEXT() REPRESENTATION_CONTEXT('2D SPACE',''
  ) );
#3550 = PCURVE('',#3316,#3551);
#3551 = DEFINITIONAL_REPRESENTATION('',(#3552),#3556);
#3552 = LINE('',#3553,#3554);
#3553 = CARTESIAN_POINT('',(0.,0.));
#3554 = VECTOR('',#3555,1.);
#3555 = DIRECTION('',(0.,-1.));
#3556 = ( GEOMETRIC_REPRESENTATION_CONTEXT(2) 
PARAMETRIC_REPRESENTATION_CONTEXT() REPRESENTATION_CONTEXT('2D SPACE',''
  ) );
#3557 = ORIENTED_EDGE('',*,*,#3486,.F.);
#3558 = ADVANCED_FACE('',(#3559),#3316,.T.);
#3559 = FACE_BOUND('',#3560,.T.);
#3560 = EDGE_LOOP('',(#3561,#3562,#3563,#3564));
#3561 = ORIENTED_EDGE('',*,*,#3302,.F.);
#3562 = ORIENTED_EDGE('',*,*,#3537,.T.);
#3563 = ORIENTED_EDGE('',*,*,#3511,.T.);
#3564 = ORIENTED_EDGE('',*,*,#3439,.F.);
#3565 = ADVANCED_FACE('',(#3566),#3347,.F.);
#3566 = FACE_BOUND('',#3567,.F.);
#3567 = EDGE_LOOP('',(#3568,#3591,#3592,#3615));
#3568 = ORIENTED_EDGE('',*,*,#3569,.F.);
#3569 = EDGE_CURVE('',#3331,#3570,#3572,.T.);
#3570 = VERTEX_POINT('',#3571);
#3571 = CARTESIAN_POINT('',(3.203E+03,-2.,1.472E+03));
#3572 = SURFACE_CURVE('',#3573,(#3577,#3584),.PCURVE_S1.);
#3573 = LINE('',#3574,#3575);
#3574 = CARTESIAN_POINT('',(3.203E+03,-88.,1.472E+03));
#3575 = VECTOR('',#3576,1.);
#3576 = DIRECTION('',(-0.,1.,0.));
#3577 = PCURVE('',#3347,#3578);
#3578 = DEFINITIONAL_REPRESENTATION('',(#3579),#3583);
#3579 = LINE('',#3580,#3581);
#3580 = CARTESIAN_POINT('',(0.,0.));
#3581 = VECTOR('',#3582,1.);
#3582 = DIRECTION('',(0.,1.));
#3583 = ( GEOMETRIC_REPRESENTATION_CONTEXT(2) 
PARAMETRIC_REPRESENTATION_CONTEXT() REPRESENTATION_CONTEXT('2D SPACE',''
  ) );
#3584 = PCURVE('',#3373,#3585);
#3585 = DEFINITIONAL_REPRESENTATION('',(#3586),#3590);
#3586 = LINE('',#3587,#3588);
#3587 = CARTESIAN_POINT('',(244.,0.));
#3588 = VECTOR('',#3589,1.);
#3589 = DIRECTION('',(0.,-1.));
#3590 = ( GEOMETRIC_REPRESENTATION_CONTEXT(2) 
PARAMETRIC_REPRESENTATION_CONTEXT() REPRESENTATION_CONTEXT('2D SPACE',''
  ) );
#3591 = ORIENTED_EDGE('',*,*,#3330,.T.);
#3592 = ORIENTED_EDGE('',*,*,#3593,.T.);
#3593 = EDGE_CURVE('',#3333,#3594,#3596,.T.);
#3594 = VERTEX_POINT('',#3595);
#3595 = CARTESIAN_POINT('',(3.397E+03,-2.,1.472E+03));
#3596 = SURFACE_CURVE('',#3597,(#3601,#3608),.PCURVE_S1.);
#3597 = LINE('',#3598,#3599);
#3598 = CARTESIAN_POINT('',(3.397E+03,-88.,1.472E+03));
#3599 = VECTOR('',#3600,1.);
#3600 = DIRECTION('',(-0.,1.,0.));
#3601 = PCURVE('',#3347,#3602);
#3602 = DEFINITIONAL_REPRESENTATION('',(#3603),#3607);
#3603 = LINE('',#3604,#3605);
#3604 = CARTESIAN_POINT('',(194.,0.));
#3605 = VECTOR('',#3606,1.);
#3606 = DIRECTION('',(0.,1.));
#3607 = ( GEOMETRIC_REPRESENTATION_CONTEXT(2) 
PARAMETRIC_REPRESENTATION_CONTEXT() REPRESENTATION_CONTEXT('2D SPACE',''
  ) );
#3608 = PCURVE('',#3423,#3609);
#3609 = DEFINITIONAL_REPRESENTATION('',(#3610),#3614);
#3610 = LINE('',#3611,#3612);
#3611 = CARTESIAN_POINT('',(244.,0.));
#3612 = VECTOR('',#3613,1.);
#3613 = DIRECTION('',(0.,-1.));
#3614 = ( GEOMETRIC_REPRESENTATION_CONTEXT(2) 
PARAMETRIC_REPRESENTATION_CONTEXT() REPRESENTATION_CONTEXT('2D SPACE',''
  ) );
#3615 = ORIENTED_EDGE('',*,*,#3616,.F.);
#3616 = EDGE_CURVE('',#3570,#3594,#3617,.T.);
#3617 = SURFACE_CURVE('',#3618,(#3622,#3629),.PCURVE_S1.);
#3618 = LINE('',#3619,#3620);
#3619 = CARTESIAN_POINT('',(3.203E+03,-2.,1.472E+03));
#3620 = VECTOR('',#3621,1.);
#3621 = DIRECTION('',(1.,0.,-0.));
#3622 = PCURVE('',#3347,#3623);
#3623 = DEFINITIONAL_REPRESENTATION('',(#3624),#3628);
#3624 = LINE('',#3625,#3626);
#3625 = CARTESIAN_POINT('',(0.,86.));
#3626 = VECTOR('',#3627,1.);
#3627 = DIRECTION('',(1.,0.));
#3628 = ( GEOMETRIC_REPRESENTATION_CONTEXT(2) 
PARAMETRIC_REPRESENTATION_CONTEXT() REPRESENTATION_CONTEXT('2D SPACE',''
  ) );
#3629 = PCURVE('',#3630,#3635);
#3630 = PLANE('',#3631);
#3631 = AXIS2_PLACEMENT_3D('',#3632,#3633,#3634);
#3632 = CARTESIAN_POINT('',(3.203E+03,-2.,1.228E+03));
#3633 = DIRECTION('',(-0.,1.,0.));
#3634 = DIRECTION('',(0.,0.,1.));
#3635 = DEFINITIONAL_REPRESENTATION('',(#3636),#3640);
#3636 = LINE('',#3637,#3638);
#3637 = CARTESIAN_POINT('',(244.,0.));
#3638 = VECTOR('',#3639,1.);
#3639 = DIRECTION('',(0.,1.));
#3640 = ( GEOMETRIC_REPRESENTATION_CONTEXT(2) 
PARAMETRIC_REPRESENTATION_CONTEXT() REPRESENTATION_CONTEXT('2D SPACE',''
  ) );
#3641 = ADVANCED_FACE('',(#3642),#3423,.F.);
#3642 = FACE_BOUND('',#3643,.F.);
#3643 = EDGE_LOOP('',(#3644,#3645,#3646,#3669));
#3644 = ORIENTED_EDGE('',*,*,#3593,.F.);
#3645 = ORIENTED_EDGE('',*,*,#3410,.T.);
#3646 = ORIENTED_EDGE('',*,*,#3647,.T.);
#3647 = EDGE_CURVE('',#3385,#3648,#3650,.T.);
#3648 = VERTEX_POINT('',#3649);
#3649 = CARTESIAN_POINT('',(3.397E+03,-2.,1.228E+03));
#3650 = SURFACE_CURVE('',#3651,(#3655,#3662),.PCURVE_S1.);
#3651 = LINE('',#3652,#3653);
#3652 = CARTESIAN_POINT('',(3.397E+03,-88.,1.228E+03));
#3653 = VECTOR('',#3654,1.);
#3654 = DIRECTION('',(-0.,1.,0.));
#3655 = PCURVE('',#3423,#3656);
#3656 = DEFINITIONAL_REPRESENTATION('',(#3657),#3661);
#3657 = LINE('',#3658,#3659);
#3658 = CARTESIAN_POINT('',(0.,0.));
#3659 = VECTOR('',#3660,1.);
#3660 = DIRECTION('',(0.,-1.));
#3661 = ( GEOMETRIC_REPRESENTATION_CONTEXT(2) 
PARAMETRIC_REPRESENTATION_CONTEXT() REPRESENTATION_CONTEXT('2D SPACE',''
  ) );
#3662 = PCURVE('',#3399,#3663);
#3663 = DEFINITIONAL_REPRESENTATION('',(#3664),#3668);
#3664 = LINE('',#3665,#3666);
#3665 = CARTESIAN_POINT('',(194.,0.));
#3666 = VECTOR('',#3667,1.);
#3667 = DIRECTION('',(0.,1.));
#3668 = ( GEOMETRIC_REPRESENTATION_CONTEXT(2) 
PARAMETRIC_REPRESENTATION_CONTEXT() REPRESENTATION_CONTEXT('2D SPACE',''
  ) );
#3669 = ORIENTED_EDGE('',*,*,#3670,.T.);
#3670 = EDGE_CURVE('',#3648,#3594,#3671,.T.);
#3671 = SURFACE_CURVE('',#3672,(#3676,#3683),.PCURVE_S1.);
#3672 = LINE('',#3673,#3674);
#3673 = CARTESIAN_POINT('',(3.397E+03,-2.,1.228E+03));
#3674 = VECTOR('',#3675,1.);
#3675 = DIRECTION('',(0.,0.,1.));
#3676 = PCURVE('',#3423,#3677);
#3677 = DEFINITIONAL_REPRESENTATION('',(#3678),#3682);
#3678 = LINE('',#3679,#3680);
#3679 = CARTESIAN_POINT('',(0.,-86.));
#3680 = VECTOR('',#3681,1.);
#3681 = DIRECTION('',(1.,0.));
#3682 = ( GEOMETRIC_REPRESENTATION_CONTEXT(2) 
PARAMETRIC_REPRESENTATION_CONTEXT() REPRESENTATION_CONTEXT('2D SPACE',''
  ) );
#3683 = PCURVE('',#3630,#3684);
#3684 = DEFINITIONAL_REPRESENTATION('',(#3685),#3689);
#3685 = LINE('',#3686,#3687);
#3686 = CARTESIAN_POINT('',(0.,194.));
#3687 = VECTOR('',#3688,1.);
#3688 = DIRECTION('',(1.,0.));
#3689 = ( GEOMETRIC_REPRESENTATION_CONTEXT(2) 
PARAMETRIC_REPRESENTATION_CONTEXT() REPRESENTATION_CONTEXT('2D SPACE',''
  ) );
#3690 = ADVANCED_FACE('',(#3691),#3399,.T.);
#3691 = FACE_BOUND('',#3692,.T.);
#3692 = EDGE_LOOP('',(#3693,#3716,#3717,#3718));
#3693 = ORIENTED_EDGE('',*,*,#3694,.F.);
#3694 = EDGE_CURVE('',#3359,#3695,#3697,.T.);
#3695 = VERTEX_POINT('',#3696);
#3696 = CARTESIAN_POINT('',(3.203E+03,-2.,1.228E+03));
#3697 = SURFACE_CURVE('',#3698,(#3702,#3709),.PCURVE_S1.);
#3698 = LINE('',#3699,#3700);
#3699 = CARTESIAN_POINT('',(3.203E+03,-88.,1.228E+03));
#3700 = VECTOR('',#3701,1.);
#3701 = DIRECTION('',(-0.,1.,0.));
#3702 = PCURVE('',#3399,#3703);
#3703 = DEFINITIONAL_REPRESENTATION('',(#3704),#3708);
#3704 = LINE('',#3705,#3706);
#3705 = CARTESIAN_POINT('',(0.,0.));
#3706 = VECTOR('',#3707,1.);
#3707 = DIRECTION('',(0.,1.));
#3708 = ( GEOMETRIC_REPRESENTATION_CONTEXT(2) 
PARAMETRIC_REPRESENTATION_CONTEXT() REPRESENTATION_CONTEXT('2D SPACE',''
  ) );
#3709 = PCURVE('',#3373,#3710);
#3710 = DEFINITIONAL_REPRESENTATION('',(#3711),#3715);
#3711 = LINE('',#3712,#3713);
#3712 = CARTESIAN_POINT('',(0.,0.));
#3713 = VECTOR('',#3714,1.);
#3714 = DIRECTION('',(0.,-1.));
#3715 = ( GEOMETRIC_REPRESENTATION_CONTEXT(2) 
PARAMETRIC_REPRESENTATION_CONTEXT() REPRESENTATION_CONTEXT('2D SPACE',''
  ) );
#3716 = ORIENTED_EDGE('',*,*,#3384,.T.);
#3717 = ORIENTED_EDGE('',*,*,#3647,.T.);
#3718 = ORIENTED_EDGE('',*,*,#3719,.F.);
#3719 = EDGE_CURVE('',#3695,#3648,#3720,.T.);
#3720 = SURFACE_CURVE('',#3721,(#3725,#3732),.PCURVE_S1.);
#3721 = LINE('',#3722,#3723);
#3722 = CARTESIAN_POINT('',(3.203E+03,-2.,1.228E+03));
#3723 = VECTOR('',#3724,1.);
#3724 = DIRECTION('',(1.,0.,-0.));
#3725 = PCURVE('',#3399,#3726);
#3726 = DEFINITIONAL_REPRESENTATION('',(#3727),#3731);
#3727 = LINE('',#3728,#3729);
#3728 = CARTESIAN_POINT('',(0.,86.));
#3729 = VECTOR('',#3730,1.);
#3730 = DIRECTION('',(1.,0.));
#3731 = ( GEOMETRIC_REPRESENTATION_CONTEXT(2) 
PARAMETRIC_REPRESENTATION_CONTEXT() REPRESENTATION_CONTEXT('2D SPACE',''
  ) );
#3732 = PCURVE('',#3630,#3733);
#3733 = DEFINITIONAL_REPRESENTATION('',(#3734),#3738);
#3734 = LINE('',#3735,#3736);
#3735 = CARTESIAN_POINT('',(0.,0.));
#3736 = VECTOR('',#3737,1.);
#3737 = DIRECTION('',(0.,1.));
#3738 = ( GEOMETRIC_REPRESENTATION_CONTEXT(2) 
PARAMETRIC_REPRESENTATION_CONTEXT() REPRESENTATION_CONTEXT('2D SPACE',''
  ) );
#3739 = ADVANCED_FACE('',(#3740),#3373,.T.);
#3740 = FACE_BOUND('',#3741,.T.);
#3741 = EDGE_LOOP('',(#3742,#3743,#3744,#3745));
#3742 = ORIENTED_EDGE('',*,*,#3569,.F.);
#3743 = ORIENTED_EDGE('',*,*,#3358,.T.);
#3744 = ORIENTED_EDGE('',*,*,#3694,.T.);
#3745 = ORIENTED_EDGE('',*,*,#3746,.T.);
#3746 = EDGE_CURVE('',#3695,#3570,#3747,.T.);
#3747 = SURFACE_CURVE('',#3748,(#3752,#3759),.PCURVE_S1.);
#3748 = LINE('',#3749,#3750);
#3749 = CARTESIAN_POINT('',(3.203E+03,-2.,1.228E+03));
#3750 = VECTOR('',#3751,1.);
#3751 = DIRECTION('',(0.,0.,1.));
#3752 = PCURVE('',#3373,#3753);
#3753 = DEFINITIONAL_REPRESENTATION('',(#3754),#3758);
#3754 = LINE('',#3755,#3756);
#3755 = CARTESIAN_POINT('',(0.,-86.));
#3756 = VECTOR('',#3757,1.);
#3757 = DIRECTION('',(1.,0.));
#3758 = ( GEOMETRIC_REPRESENTATION_CONTEXT(2) 
PARAMETRIC_REPRESENTATION_CONTEXT() REPRESENTATION_CONTEXT('2D SPACE',''
  ) );
#3759 = PCURVE('',#3630,#3760);
#3760 = DEFINITIONAL_REPRESENTATION('',(#3761),#3765);
#3761 = LINE('',#3762,#3763);
#3762 = CARTESIAN_POINT('',(0.,0.));
#3763 = VECTOR('',#3764,1.);
#3764 = DIRECTION('',(1.,0.));
#3765 = ( GEOMETRIC_REPRESENTATION_CONTEXT(2) 
PARAMETRIC_REPRESENTATION_CONTEXT() REPRESENTATION_CONTEXT('2D SPACE',''
  ) );
#3766 = ADVANCED_FACE('',(#3767),#3630,.F.);
#3767 = FACE_BOUND('',#3768,.F.);
#3768 = EDGE_LOOP('',(#3769,#3770,#3771,#3772));
#3769 = ORIENTED_EDGE('',*,*,#3719,.F.);
#3770 = ORIENTED_EDGE('',*,*,#3746,.T.);
#3771 = ORIENTED_EDGE('',*,*,#3616,.T.);
#3772 = ORIENTED_EDGE('',*,*,#3670,.F.);
#3773 = ( GEOMETRIC_REPRESENTATION_CONTEXT(3) 
GLOBAL_UNCERTAINTY_ASSIGNED_CONTEXT((#3777)) 
GLOBAL_UNIT_ASSIGNED_CONTEXT((#3774,#3775,#3776)) REPRESENTATION_CONTEXT
('Context #1','3D Context with UNIT and UNCERTAINTY') );
#3774 = ( LENGTH_UNIT() NAMED_UNIT(*) SI_UNIT(.MILLI.,.METRE.) );
#3775 = ( NAMED_UNIT(*) PLANE_ANGLE_UNIT() SI_UNIT($,.RADIAN.) );
#3776 = ( NAMED_UNIT(*) SI_UNIT($,.STERADIAN.) SOLID_ANGLE_UNIT() );
#3777 = UNCERTAINTY_MEASURE_WITH_UNIT(LENGTH_MEASURE(1.E-07),#3774,
  'distance_accuracy_value','confusion accuracy');
#3778 = CONTEXT_DEPENDENT_SHAPE_REPRESENTATION(#3779,#3781);
#3779 = ( REPRESENTATION_RELATIONSHIP('','',#3128,#10) 
REPRESENTATION_RELATIONSHIP_WITH_TRANSFORMATION(#3780) 
SHAPE_REPRESENTATION_RELATIONSHIP() );
#3780 = ITEM_DEFINED_TRANSFORMATION('','',#11,#31);
#3781 = PRODUCT_DEFINITION_SHAPE('Placement','Placement of an item',
  #3782);
#3782 = NEXT_ASSEMBLY_USAGE_OCCURRENCE('5','=>[0:1:1:6]','',#5,#3123,$);
#3783 = PRODUCT_RELATED_PRODUCT_CATEGORY('part',$,(#3125));
#3784 = SHAPE_DEFINITION_REPRESENTATION(#3785,#3791);
#3785 = PRODUCT_DEFINITION_SHAPE('','',#3786);
#3786 = PRODUCT_DEFINITION('design','',#3787,#3790);
#3787 = PRODUCT_DEFINITION_FORMATION('','',#3788);
#3788 = PRODUCT('COMPOUND','COMPOUND','',(#3789));
#3789 = PRODUCT_CONTEXT('',#2,'mechanical');
#3790 = PRODUCT_DEFINITION_CONTEXT('part definition',#2,'design');
#3791 = ADVANCED_BREP_SHAPE_REPRESENTATION('',(#11,#3792),#5378);
#3792 = MANIFOLD_SOLID_BREP('',#3793);
#3793 = CLOSED_SHELL('',(#3794,#3914,#4414,#4463,#4512,#4539,#4546,#4622
    ,#4671,#4720,#4747,#4823,#4872,#4921,#4948,#5024,#5073,#5122,#5149,
    #5225,#5274,#5323,#5350,#5357,#5364,#5371));
#3794 = ADVANCED_FACE('',(#3795),#3809,.F.);
#3795 = FACE_BOUND('',#3796,.F.);
#3796 = EDGE_LOOP('',(#3797,#3832,#3860,#3888));
#3797 = ORIENTED_EDGE('',*,*,#3798,.F.);
#3798 = EDGE_CURVE('',#3799,#3801,#3803,.T.);
#3799 = VERTEX_POINT('',#3800);
#3800 = CARTESIAN_POINT('',(3.212E+03,-9.5,1.24E+03));
#3801 = VERTEX_POINT('',#3802);
#3802 = CARTESIAN_POINT('',(3.212E+03,-9.5,1.46E+03));
#3803 = SURFACE_CURVE('',#3804,(#3808,#3820),.PCURVE_S1.);
#3804 = LINE('',#3805,#3806);
#3805 = CARTESIAN_POINT('',(3.212E+03,-9.5,1.24E+03));
#3806 = VECTOR('',#3807,1.);
#3807 = DIRECTION('',(0.,0.,1.));
#3808 = PCURVE('',#3809,#3814);
#3809 = PLANE('',#3810);
#3810 = AXIS2_PLACEMENT_3D('',#3811,#3812,#3813);
#3811 = CARTESIAN_POINT('',(3.212E+03,-9.5,1.24E+03));
#3812 = DIRECTION('',(1.,0.,-0.));
#3813 = DIRECTION('',(0.,0.,1.));
#3814 = DEFINITIONAL_REPRESENTATION('',(#3815),#3819);
#3815 = LINE('',#3816,#3817);
#3816 = CARTESIAN_POINT('',(0.,0.));
#3817 = VECTOR('',#3818,1.);
#3818 = DIRECTION('',(1.,0.));
#3819 = ( GEOMETRIC_REPRESENTATION_CONTEXT(2) 
PARAMETRIC_REPRESENTATION_CONTEXT() REPRESENTATION_CONTEXT('2D SPACE',''
  ) );
#3820 = PCURVE('',#3821,#3826);
#3821 = PLANE('',#3822);
#3822 = AXIS2_PLACEMENT_3D('',#3823,#3824,#3825);
#3823 = CARTESIAN_POINT('',(3.212E+03,-9.5,1.24E+03));
#3824 = DIRECTION('',(-0.,1.,0.));
#3825 = DIRECTION('',(0.,0.,1.));
#3826 = DEFINITIONAL_REPRESENTATION('',(#3827),#3831);
#3827 = LINE('',#3828,#3829);
#3828 = CARTESIAN_POINT('',(0.,0.));
#3829 = VECTOR('',#3830,1.);
#3830 = DIRECTION('',(1.,0.));
#3831 = ( GEOMETRIC_REPRESENTATION_CONTEXT(2) 
PARAMETRIC_REPRESENTATION_CONTEXT() REPRESENTATION_CONTEXT('2D SPACE',''
  ) );
#3832 = ORIENTED_EDGE('',*,*,#3833,.T.);
#3833 = EDGE_CURVE('',#3799,#3834,#3836,.T.);
#3834 = VERTEX_POINT('',#3835);
#3835 = CARTESIAN_POINT('',(3.212E+03,-6.5,1.24E+03));
#3836 = SURFACE_CURVE('',#3837,(#3841,#3848),.PCURVE_S1.);
#3837 = LINE('',#3838,#3839);
#3838 = CARTESIAN_POINT('',(3.212E+03,-9.5,1.24E+03));
#3839 = VECTOR('',#3840,1.);
#3840 = DIRECTION('',(-0.,1.,0.));
#3841 = PCURVE('',#3809,#3842);
#3842 = DEFINITIONAL_REPRESENTATION('',(#3843),#3847);
#3843 = LINE('',#3844,#3845);
#3844 = CARTESIAN_POINT('',(0.,0.));
#3845 = VECTOR('',#3846,1.);
#3846 = DIRECTION('',(0.,-1.));
#3847 = ( GEOMETRIC_REPRESENTATION_CONTEXT(2) 
PARAMETRIC_REPRESENTATION_CONTEXT() REPRESENTATION_CONTEXT('2D SPACE',''
  ) );
#3848 = PCURVE('',#3849,#3854);
#3849 = PLANE('',#3850);
#3850 = AXIS2_PLACEMENT_3D('',#3851,#3852,#3853);
#3851 = CARTESIAN_POINT('',(3.212E+03,-9.5,1.24E+03));
#3852 = DIRECTION('',(0.,0.,1.));
#3853 = DIRECTION('',(1.,0.,-0.));
#3854 = DEFINITIONAL_REPRESENTATION('',(#3855),#3859);
#3855 = LINE('',#3856,#3857);
#3856 = CARTESIAN_POINT('',(0.,0.));
#3857 = VECTOR('',#3858,1.);
#3858 = DIRECTION('',(0.,1.));
#3859 = ( GEOMETRIC_REPRESENTATION_CONTEXT(2) 
PARAMETRIC_REPRESENTATION_CONTEXT() REPRESENTATION_CONTEXT('2D SPACE',''
  ) );
#3860 = ORIENTED_EDGE('',*,*,#3861,.T.);
#3861 = EDGE_CURVE('',#3834,#3862,#3864,.T.);
#3862 = VERTEX_POINT('',#3863);
#3863 = CARTESIAN_POINT('',(3.212E+03,-6.5,1.46E+03));
#3864 = SURFACE_CURVE('',#3865,(#3869,#3876),.PCURVE_S1.);
#3865 = LINE('',#3866,#3867);
#3866 = CARTESIAN_POINT('',(3.212E+03,-6.5,1.24E+03));
#3867 = VECTOR('',#3868,1.);
#3868 = DIRECTION('',(0.,0.,1.));
#3869 = PCURVE('',#3809,#3870);
#3870 = DEFINITIONAL_REPRESENTATION('',(#3871),#3875);
#3871 = LINE('',#3872,#3873);
#3872 = CARTESIAN_POINT('',(0.,-3.));
#3873 = VECTOR('',#3874,1.);
#3874 = DIRECTION('',(1.,0.));
#3875 = ( GEOMETRIC_REPRESENTATION_CONTEXT(2) 
PARAMETRIC_REPRESENTATION_CONTEXT() REPRESENTATION_CONTEXT('2D SPACE',''
  ) );
#3876 = PCURVE('',#3877,#3882);
#3877 = PLANE('',#3878);
#3878 = AXIS2_PLACEMENT_3D('',#3879,#3880,#3881);
#3879 = CARTESIAN_POINT('',(3.212E+03,-6.5,1.24E+03));
#3880 = DIRECTION('',(-0.,1.,0.));
#3881 = DIRECTION('',(0.,0.,1.));
#3882 = DEFINITIONAL_REPRESENTATION('',(#3883),#3887);
#3883 = LINE('',#3884,#3885);
#3884 = CARTESIAN_POINT('',(0.,0.));
#3885 = VECTOR('',#3886,1.);
#3886 = DIRECTION('',(1.,0.));
#3887 = ( GEOMETRIC_REPRESENTATION_CONTEXT(2) 
PARAMETRIC_REPRESENTATION_CONTEXT() REPRESENTATION_CONTEXT('2D SPACE',''
  ) );
#3888 = ORIENTED_EDGE('',*,*,#3889,.F.);
#3889 = EDGE_CURVE('',#3801,#3862,#3890,.T.);
#3890 = SURFACE_CURVE('',#3891,(#3895,#3902),.PCURVE_S1.);
#3891 = LINE('',#3892,#3893);
#3892 = CARTESIAN_POINT('',(3.212E+03,-9.5,1.46E+03));
#3893 = VECTOR('',#3894,1.);
#3894 = DIRECTION('',(-0.,1.,0.));
#3895 = PCURVE('',#3809,#3896);
#3896 = DEFINITIONAL_REPRESENTATION('',(#3897),#3901);
#3897 = LINE('',#3898,#3899);
#3898 = CARTESIAN_POINT('',(220.,0.));
#3899 = VECTOR('',#3900,1.);
#3900 = DIRECTION('',(0.,-1.));
#3901 = ( GEOMETRIC_REPRESENTATION_CONTEXT(2) 
PARAMETRIC_REPRESENTATION_CONTEXT() REPRESENTATION_CONTEXT('2D SPACE',''
  ) );
#3902 = PCURVE('',#3903,#3908);
#3903 = PLANE('',#3904);
#3904 = AXIS2_PLACEMENT_3D('',#3905,#3906,#3907);
#3905 = CARTESIAN_POINT('',(3.212E+03,-9.5,1.46E+03));
#3906 = DIRECTION('',(0.,0.,1.));
#3907 = DIRECTION('',(1.,0.,-0.));
#3908 = DEFINITIONAL_REPRESENTATION('',(#3909),#3913);
#3909 = LINE('',#3910,#3911);
#3910 = CARTESIAN_POINT('',(0.,0.));
#3911 = VECTOR('',#3912,1.);
#3912 = DIRECTION('',(0.,1.));
#3913 = ( GEOMETRIC_REPRESENTATION_CONTEXT(2) 
PARAMETRIC_REPRESENTATION_CONTEXT() REPRESENTATION_CONTEXT('2D SPACE',''
  ) );
#3914 = ADVANCED_FACE('',(#3915,#3990,#4096,#4202,#4308),#3821,.F.);
#3915 = FACE_BOUND('',#3916,.F.);
#3916 = EDGE_LOOP('',(#3917,#3940,#3941,#3964));
#3917 = ORIENTED_EDGE('',*,*,#3918,.F.);
#3918 = EDGE_CURVE('',#3799,#3919,#3921,.T.);
#3919 = VERTEX_POINT('',#3920);
#3920 = CARTESIAN_POINT('',(3.388E+03,-9.5,1.24E+03));
#3921 = SURFACE_CURVE('',#3922,(#3926,#3933),.PCURVE_S1.);
#3922 = LINE('',#3923,#3924);
#3923 = CARTESIAN_POINT('',(3.212E+03,-9.5,1.24E+03));
#3924 = VECTOR('',#3925,1.);
#3925 = DIRECTION('',(1.,0.,-0.));
#3926 = PCURVE('',#3821,#3927);
#3927 = DEFINITIONAL_REPRESENTATION('',(#3928),#3932);
#3928 = LINE('',#3929,#3930);
#3929 = CARTESIAN_POINT('',(0.,0.));
#3930 = VECTOR('',#3931,1.);
#3931 = DIRECTION('',(0.,1.));
#3932 = ( GEOMETRIC_REPRESENTATION_CONTEXT(2) 
PARAMETRIC_REPRESENTATION_CONTEXT() REPRESENTATION_CONTEXT('2D SPACE',''
  ) );
#3933 = PCURVE('',#3849,#3934);
#3934 = DEFINITIONAL_REPRESENTATION('',(#3935),#3939);
#3935 = LINE('',#3936,#3937);
#3936 = CARTESIAN_POINT('',(0.,0.));
#3937 = VECTOR('',#3938,1.);
#3938 = DIRECTION('',(1.,0.));
#3939 = ( GEOMETRIC_REPRESENTATION_CONTEXT(2) 
PARAMETRIC_REPRESENTATION_CONTEXT() REPRESENTATION_CONTEXT('2D SPACE',''
  ) );
#3940 = ORIENTED_EDGE('',*,*,#3798,.T.);
#3941 = ORIENTED_EDGE('',*,*,#3942,.T.);
#3942 = EDGE_CURVE('',#3801,#3943,#3945,.T.);
#3943 = VERTEX_POINT('',#3944);
#3944 = CARTESIAN_POINT('',(3.388E+03,-9.5,1.46E+03));
#3945 = SURFACE_CURVE('',#3946,(#3950,#3957),.PCURVE_S1.);
#3946 = LINE('',#3947,#3948);
#3947 = CARTESIAN_POINT('',(3.212E+03,-9.5,1.46E+03));
#3948 = VECTOR('',#3949,1.);
#3949 = DIRECTION('',(1.,0.,-0.));
#3950 = PCURVE('',#3821,#3951);
#3951 = DEFINITIONAL_REPRESENTATION('',(#3952),#3956);
#3952 = LINE('',#3953,#3954);
#3953 = CARTESIAN_POINT('',(220.,0.));
#3954 = VECTOR('',#3955,1.);
#3955 = DIRECTION('',(0.,1.));
#3956 = ( GEOMETRIC_REPRESENTATION_CONTEXT(2) 
PARAMETRIC_REPRESENTATION_CONTEXT() REPRESENTATION_CONTEXT('2D SPACE',''
  ) );
#3957 = PCURVE('',#3903,#3958);
#3958 = DEFINITIONAL_REPRESENTATION('',(#3959),#3963);
#3959 = LINE('',#3960,#3961);
#3960 = CARTESIAN_POINT('',(0.,0.));
#3961 = VECTOR('',#3962,1.);
#3962 = DIRECTION('',(1.,0.));
#3963 = ( GEOMETRIC_REPRESENTATION_CONTEXT(2) 
PARAMETRIC_REPRESENTATION_CONTEXT() REPRESENTATION_CONTEXT('2D SPACE',''
  ) );
#3964 = ORIENTED_EDGE('',*,*,#3965,.F.);
#3965 = EDGE_CURVE('',#3919,#3943,#3966,.T.);
#3966 = SURFACE_CURVE('',#3967,(#3971,#3978),.PCURVE_S1.);
#3967 = LINE('',#3968,#3969);
#3968 = CARTESIAN_POINT('',(3.388E+03,-9.5,1.24E+03));
#3969 = VECTOR('',#3970,1.);
#3970 = DIRECTION('',(0.,0.,1.));
#3971 = PCURVE('',#3821,#3972);
#3972 = DEFINITIONAL_REPRESENTATION('',(#3973),#3977);
#3973 = LINE('',#3974,#3975);
#3974 = CARTESIAN_POINT('',(0.,176.));
#3975 = VECTOR('',#3976,1.);
#3976 = DIRECTION('',(1.,0.));
#3977 = ( GEOMETRIC_REPRESENTATION_CONTEXT(2) 
PARAMETRIC_REPRESENTATION_CONTEXT() REPRESENTATION_CONTEXT('2D SPACE',''
  ) );
#3978 = PCURVE('',#3979,#3984);
#3979 = PLANE('',#3980);
#3980 = AXIS2_PLACEMENT_3D('',#3981,#3982,#3983);
#3981 = CARTESIAN_POINT('',(3.388E+03,-9.5,1.24E+03));
#3982 = DIRECTION('',(1.,0.,-0.));
#3983 = DIRECTION('',(0.,0.,1.));
#3984 = DEFINITIONAL_REPRESENTATION('',(#3985),#3989);
#3985 = LINE('',#3986,#3987);
#3986 = CARTESIAN_POINT('',(0.,0.));
#3987 = VECTOR('',#3988,1.);
#3988 = DIRECTION('',(1.,0.));
#3989 = ( GEOMETRIC_REPRESENTATION_CONTEXT(2) 
PARAMETRIC_REPRESENTATION_CONTEXT() REPRESENTATION_CONTEXT('2D SPACE',''
  ) );
#3990 = FACE_BOUND('',#3991,.F.);
#3991 = EDGE_LOOP('',(#3992,#4020,#4046,#4072));
#3992 = ORIENTED_EDGE('',*,*,#3993,.F.);
#3993 = EDGE_CURVE('',#3994,#3996,#3998,.T.);
#3994 = VERTEX_POINT('',#3995);
#3995 = CARTESIAN_POINT('',(3.23E+03,-9.5,1.43E+03));
#3996 = VERTEX_POINT('',#3997);
#3997 = CARTESIAN_POINT('',(3.27E+03,-9.5,1.43E+03));
#3998 = SURFACE_CURVE('',#3999,(#4003,#4009),.PCURVE_S1.);
#3999 = LINE('',#4000,#4001);
#4000 = CARTESIAN_POINT('',(3.221E+03,-9.5,1.43E+03));
#4001 = VECTOR('',#4002,1.);
#4002 = DIRECTION('',(1.,0.,-0.));
#4003 = PCURVE('',#3821,#4004);
#4004 = DEFINITIONAL_REPRESENTATION('',(#4005),#4008);
#4005 = B_SPLINE_CURVE_WITH_KNOTS('',1,(#4006,#4007),.UNSPECIFIED.,.F.,
  .F.,(2,2),(9.,49.),.PIECEWISE_BEZIER_KNOTS.);
#4006 = CARTESIAN_POINT('',(190.,18.));
#4007 = CARTESIAN_POINT('',(190.,58.));
#4008 = ( GEOMETRIC_REPRESENTATION_CONTEXT(2) 
PARAMETRIC_REPRESENTATION_CONTEXT() REPRESENTATION_CONTEXT('2D SPACE',''
  ) );
#4009 = PCURVE('',#4010,#4015);
#4010 = PLANE('',#4011);
#4011 = AXIS2_PLACEMENT_3D('',#4012,#4013,#4014);
#4012 = CARTESIAN_POINT('',(3.23E+03,-27.,1.43E+03));
#4013 = DIRECTION('',(0.,0.,1.));
#4014 = DIRECTION('',(1.,0.,-0.));
#4015 = DEFINITIONAL_REPRESENTATION('',(#4016),#4019);
#4016 = B_SPLINE_CURVE_WITH_KNOTS('',1,(#4017,#4018),.UNSPECIFIED.,.F.,
  .F.,(2,2),(9.,49.),.PIECEWISE_BEZIER_KNOTS.);
#4017 = CARTESIAN_POINT('',(0.,17.5));
#4018 = CARTESIAN_POINT('',(40.,17.5));
#4019 = ( GEOMETRIC_REPRESENTATION_CONTEXT(2) 
PARAMETRIC_REPRESENTATION_CONTEXT() REPRESENTATION_CONTEXT('2D SPACE',''
  ) );
#4020 = ORIENTED_EDGE('',*,*,#4021,.T.);
#4021 = EDGE_CURVE('',#3994,#4022,#4024,.T.);
#4022 = VERTEX_POINT('',#4023);
#4023 = CARTESIAN_POINT('',(3.23E+03,-9.5,1.39E+03));
#4024 = SURFACE_CURVE('',#4025,(#4029,#4035),.PCURVE_S1.);
#4025 = LINE('',#4026,#4027);
#4026 = CARTESIAN_POINT('',(3.23E+03,-9.5,1.315E+03));
#4027 = VECTOR('',#4028,1.);
#4028 = DIRECTION('',(-0.,0.,-1.));
#4029 = PCURVE('',#3821,#4030);
#4030 = DEFINITIONAL_REPRESENTATION('',(#4031),#4034);
#4031 = B_SPLINE_CURVE_WITH_KNOTS('',1,(#4032,#4033),.UNSPECIFIED.,.F.,
  .F.,(2,2),(-115.,-75.),.PIECEWISE_BEZIER_KNOTS.);
#4032 = CARTESIAN_POINT('',(190.,18.));
#4033 = CARTESIAN_POINT('',(150.,18.));
#4034 = ( GEOMETRIC_REPRESENTATION_CONTEXT(2) 
PARAMETRIC_REPRESENTATION_CONTEXT() REPRESENTATION_CONTEXT('2D SPACE',''
  ) );
#4035 = PCURVE('',#4036,#4041);
#4036 = PLANE('',#4037);
#4037 = AXIS2_PLACEMENT_3D('',#4038,#4039,#4040);
#4038 = CARTESIAN_POINT('',(3.23E+03,-27.,1.39E+03));
#4039 = DIRECTION('',(1.,0.,-0.));
#4040 = DIRECTION('',(0.,0.,1.));
#4041 = DEFINITIONAL_REPRESENTATION('',(#4042),#4045);
#4042 = B_SPLINE_CURVE_WITH_KNOTS('',1,(#4043,#4044),.UNSPECIFIED.,.F.,
  .F.,(2,2),(-115.,-75.),.PIECEWISE_BEZIER_KNOTS.);
#4043 = CARTESIAN_POINT('',(40.,-17.5));
#4044 = CARTESIAN_POINT('',(0.,-17.5));
#4045 = ( GEOMETRIC_REPRESENTATION_CONTEXT(2) 
PARAMETRIC_REPRESENTATION_CONTEXT() REPRESENTATION_CONTEXT('2D SPACE',''
  ) );
#4046 = ORIENTED_EDGE('',*,*,#4047,.T.);
#4047 = EDGE_CURVE('',#4022,#4048,#4050,.T.);
#4048 = VERTEX_POINT('',#4049);
#4049 = CARTESIAN_POINT('',(3.27E+03,-9.5,1.39E+03));
#4050 = SURFACE_CURVE('',#4051,(#4055,#4061),.PCURVE_S1.);
#4051 = LINE('',#4052,#4053);
#4052 = CARTESIAN_POINT('',(3.221E+03,-9.5,1.39E+03));
#4053 = VECTOR('',#4054,1.);
#4054 = DIRECTION('',(1.,0.,-0.));
#4055 = PCURVE('',#3821,#4056);
#4056 = DEFINITIONAL_REPRESENTATION('',(#4057),#4060);
#4057 = B_SPLINE_CURVE_WITH_KNOTS('',1,(#4058,#4059),.UNSPECIFIED.,.F.,
  .F.,(2,2),(9.,49.),.PIECEWISE_BEZIER_KNOTS.);
#4058 = CARTESIAN_POINT('',(150.,18.));
#4059 = CARTESIAN_POINT('',(150.,58.));
#4060 = ( GEOMETRIC_REPRESENTATION_CONTEXT(2) 
PARAMETRIC_REPRESENTATION_CONTEXT() REPRESENTATION_CONTEXT('2D SPACE',''
  ) );
#4061 = PCURVE('',#4062,#4067);
#4062 = PLANE('',#4063);
#4063 = AXIS2_PLACEMENT_3D('',#4064,#4065,#4066);
#4064 = CARTESIAN_POINT('',(3.23E+03,-27.,1.39E+03));
#4065 = DIRECTION('',(0.,0.,1.));
#4066 = DIRECTION('',(1.,0.,-0.));
#4067 = DEFINITIONAL_REPRESENTATION('',(#4068),#4071);
#4068 = B_SPLINE_CURVE_WITH_KNOTS('',1,(#4069,#4070),.UNSPECIFIED.,.F.,
  .F.,(2,2),(9.,49.),.PIECEWISE_BEZIER_KNOTS.);
#4069 = CARTESIAN_POINT('',(0.,17.5));
#4070 = CARTESIAN_POINT('',(40.,17.5));
#4071 = ( GEOMETRIC_REPRESENTATION_CONTEXT(2) 
PARAMETRIC_REPRESENTATION_CONTEXT() REPRESENTATION_CONTEXT('2D SPACE',''
  ) );
#4072 = ORIENTED_EDGE('',*,*,#4073,.F.);
#4073 = EDGE_CURVE('',#3996,#4048,#4074,.T.);
#4074 = SURFACE_CURVE('',#4075,(#4079,#4085),.PCURVE_S1.);
#4075 = LINE('',#4076,#4077);
#4076 = CARTESIAN_POINT('',(3.27E+03,-9.5,1.315E+03));
#4077 = VECTOR('',#4078,1.);
#4078 = DIRECTION('',(-0.,0.,-1.));
#4079 = PCURVE('',#3821,#4080);
#4080 = DEFINITIONAL_REPRESENTATION('',(#4081),#4084);
#4081 = B_SPLINE_CURVE_WITH_KNOTS('',1,(#4082,#4083),.UNSPECIFIED.,.F.,
  .F.,(2,2),(-115.,-75.),.PIECEWISE_BEZIER_KNOTS.);
#4082 = CARTESIAN_POINT('',(190.,58.));
#4083 = CARTESIAN_POINT('',(150.,58.));
#4084 = ( GEOMETRIC_REPRESENTATION_CONTEXT(2) 
PARAMETRIC_REPRESENTATION_CONTEXT() REPRESENTATION_CONTEXT('2D SPACE',''
  ) );
#4085 = PCURVE('',#4086,#4091);
#4086 = PLANE('',#4087);
#4087 = AXIS2_PLACEMENT_3D('',#4088,#4089,#4090);
#4088 = CARTESIAN_POINT('',(3.27E+03,-27.,1.39E+03));
#4089 = DIRECTION('',(1.,0.,-0.));
#4090 = DIRECTION('',(0.,0.,1.));
#4091 = DEFINITIONAL_REPRESENTATION('',(#4092),#4095);
#4092 = B_SPLINE_CURVE_WITH_KNOTS('',1,(#4093,#4094),.UNSPECIFIED.,.F.,
  .F.,(2,2),(-115.,-75.),.PIECEWISE_BEZIER_KNOTS.);
#4093 = CARTESIAN_POINT('',(40.,-17.5));
#4094 = CARTESIAN_POINT('',(0.,-17.5));
#4095 = ( GEOMETRIC_REPRESENTATION_CONTEXT(2) 
PARAMETRIC_REPRESENTATION_CONTEXT() REPRESENTATION_CONTEXT('2D SPACE',''
  ) );
#4096 = FACE_BOUND('',#4097,.F.);
#4097 = EDGE_LOOP('',(#4098,#4126,#4152,#4178));
#4098 = ORIENTED_EDGE('',*,*,#4099,.F.);
#4099 = EDGE_CURVE('',#4100,#4102,#4104,.T.);
#4100 = VERTEX_POINT('',#4101);
#4101 = CARTESIAN_POINT('',(3.225E+03,-9.5,1.269E+03));
#4102 = VERTEX_POINT('',#4103);
#4103 = CARTESIAN_POINT('',(3.375E+03,-9.5,1.269E+03));
#4104 = SURFACE_CURVE('',#4105,(#4109,#4115),.PCURVE_S1.);
#4105 = LINE('',#4106,#4107);
#4106 = CARTESIAN_POINT('',(3.2185E+03,-9.5,1.269E+03));
#4107 = VECTOR('',#4108,1.);
#4108 = DIRECTION('',(1.,0.,-0.));
#4109 = PCURVE('',#3821,#4110);
#4110 = DEFINITIONAL_REPRESENTATION('',(#4111),#4114);
#4111 = B_SPLINE_CURVE_WITH_KNOTS('',1,(#4112,#4113),.UNSPECIFIED.,.F.,
  .F.,(2,2),(6.5,156.5),.PIECEWISE_BEZIER_KNOTS.);
#4112 = CARTESIAN_POINT('',(29.,13.));
#4113 = CARTESIAN_POINT('',(29.,163.));
#4114 = ( GEOMETRIC_REPRESENTATION_CONTEXT(2) 
PARAMETRIC_REPRESENTATION_CONTEXT() REPRESENTATION_CONTEXT('2D SPACE',''
  ) );
#4115 = PCURVE('',#4116,#4121);
#4116 = PLANE('',#4117);
#4117 = AXIS2_PLACEMENT_3D('',#4118,#4119,#4120);
#4118 = CARTESIAN_POINT('',(3.225E+03,-23.,1.269E+03));
#4119 = DIRECTION('',(0.,0.,1.));
#4120 = DIRECTION('',(1.,0.,-0.));
#4121 = DEFINITIONAL_REPRESENTATION('',(#4122),#4125);
#4122 = B_SPLINE_CURVE_WITH_KNOTS('',1,(#4123,#4124),.UNSPECIFIED.,.F.,
  .F.,(2,2),(6.5,156.5),.PIECEWISE_BEZIER_KNOTS.);
#4123 = CARTESIAN_POINT('',(0.,13.5));
#4124 = CARTESIAN_POINT('',(150.,13.5));
#4125 = ( GEOMETRIC_REPRESENTATION_CONTEXT(2) 
PARAMETRIC_REPRESENTATION_CONTEXT() REPRESENTATION_CONTEXT('2D SPACE',''
  ) );
#4126 = ORIENTED_EDGE('',*,*,#4127,.T.);
#4127 = EDGE_CURVE('',#4100,#4128,#4130,.T.);
#4128 = VERTEX_POINT('',#4129);
#4129 = CARTESIAN_POINT('',(3.225E+03,-9.5,1.251E+03));
#4130 = SURFACE_CURVE('',#4131,(#4135,#4141),.PCURVE_S1.);
#4131 = LINE('',#4132,#4133);
#4132 = CARTESIAN_POINT('',(3.225E+03,-9.5,1.2455E+03));
#4133 = VECTOR('',#4134,1.);
#4134 = DIRECTION('',(-0.,0.,-1.));
#4135 = PCURVE('',#3821,#4136);
#4136 = DEFINITIONAL_REPRESENTATION('',(#4137),#4140);
#4137 = B_SPLINE_CURVE_WITH_KNOTS('',1,(#4138,#4139),.UNSPECIFIED.,.F.,
  .F.,(2,2),(-23.5,-5.5),.PIECEWISE_BEZIER_KNOTS.);
#4138 = CARTESIAN_POINT('',(29.,13.));
#4139 = CARTESIAN_POINT('',(11.,13.));
#4140 = ( GEOMETRIC_REPRESENTATION_CONTEXT(2) 
PARAMETRIC_REPRESENTATION_CONTEXT() REPRESENTATION_CONTEXT('2D SPACE',''
  ) );
#4141 = PCURVE('',#4142,#4147);
#4142 = PLANE('',#4143);
#4143 = AXIS2_PLACEMENT_3D('',#4144,#4145,#4146);
#4144 = CARTESIAN_POINT('',(3.225E+03,-23.,1.251E+03));
#4145 = DIRECTION('',(1.,0.,-0.));
#4146 = DIRECTION('',(0.,0.,1.));
#4147 = DEFINITIONAL_REPRESENTATION('',(#4148),#4151);
#4148 = B_SPLINE_CURVE_WITH_KNOTS('',1,(#4149,#4150),.UNSPECIFIED.,.F.,
  .F.,(2,2),(-23.5,-5.5),.PIECEWISE_BEZIER_KNOTS.);
#4149 = CARTESIAN_POINT('',(18.,-13.5));
#4150 = CARTESIAN_POINT('',(0.,-13.5));
#4151 = ( GEOMETRIC_REPRESENTATION_CONTEXT(2) 
PARAMETRIC_REPRESENTATION_CONTEXT() REPRESENTATION_CONTEXT('2D SPACE',''
  ) );
#4152 = ORIENTED_EDGE('',*,*,#4153,.T.);
#4153 = EDGE_CURVE('',#4128,#4154,#4156,.T.);
#4154 = VERTEX_POINT('',#4155);
#4155 = CARTESIAN_POINT('',(3.375E+03,-9.5,1.251E+03));
#4156 = SURFACE_CURVE('',#4157,(#4161,#4167),.PCURVE_S1.);
#4157 = LINE('',#4158,#4159);
#4158 = CARTESIAN_POINT('',(3.2185E+03,-9.5,1.251E+03));
#4159 = VECTOR('',#4160,1.);
#4160 = DIRECTION('',(1.,0.,-0.));
#4161 = PCURVE('',#3821,#4162);
#4162 = DEFINITIONAL_REPRESENTATION('',(#4163),#4166);
#4163 = B_SPLINE_CURVE_WITH_KNOTS('',1,(#4164,#4165),.UNSPECIFIED.,.F.,
  .F.,(2,2),(6.5,156.5),.PIECEWISE_BEZIER_KNOTS.);
#4164 = CARTESIAN_POINT('',(11.,13.));
#4165 = CARTESIAN_POINT('',(11.,163.));
#4166 = ( GEOMETRIC_REPRESENTATION_CONTEXT(2) 
PARAMETRIC_REPRESENTATION_CONTEXT() REPRESENTATION_CONTEXT('2D SPACE',''
  ) );
#4167 = PCURVE('',#4168,#4173);
#4168 = PLANE('',#4169);
#4169 = AXIS2_PLACEMENT_3D('',#4170,#4171,#4172);
#4170 = CARTESIAN_POINT('',(3.225E+03,-23.,1.251E+03));
#4171 = DIRECTION('',(0.,0.,1.));
#4172 = DIRECTION('',(1.,0.,-0.));
#4173 = DEFINITIONAL_REPRESENTATION('',(#4174),#4177);
#4174 = B_SPLINE_CURVE_WITH_KNOTS('',1,(#4175,#4176),.UNSPECIFIED.,.F.,
  .F.,(2,2),(6.5,156.5),.PIECEWISE_BEZIER_KNOTS.);
#4175 = CARTESIAN_POINT('',(0.,13.5));
#4176 = CARTESIAN_POINT('',(150.,13.5));
#4177 = ( GEOMETRIC_REPRESENTATION_CONTEXT(2) 
PARAMETRIC_REPRESENTATION_CONTEXT() REPRESENTATION_CONTEXT('2D SPACE',''
  ) );
#4178 = ORIENTED_EDGE('',*,*,#4179,.F.);
#4179 = EDGE_CURVE('',#4102,#4154,#4180,.T.);
#4180 = SURFACE_CURVE('',#4181,(#4185,#4191),.PCURVE_S1.);
#4181 = LINE('',#4182,#4183);
#4182 = CARTESIAN_POINT('',(3.375E+03,-9.5,1.2455E+03));
#4183 = VECTOR('',#4184,1.);
#4184 = DIRECTION('',(-0.,0.,-1.));
#4185 = PCURVE('',#3821,#4186);
#4186 = DEFINITIONAL_REPRESENTATION('',(#4187),#4190);
#4187 = B_SPLINE_CURVE_WITH_KNOTS('',1,(#4188,#4189),.UNSPECIFIED.,.F.,
  .F.,(2,2),(-23.5,-5.5),.PIECEWISE_BEZIER_KNOTS.);
#4188 = CARTESIAN_POINT('',(29.,163.));
#4189 = CARTESIAN_POINT('',(11.,163.));
#4190 = ( GEOMETRIC_REPRESENTATION_CONTEXT(2) 
PARAMETRIC_REPRESENTATION_CONTEXT() REPRESENTATION_CONTEXT('2D SPACE',''
  ) );
#4191 = PCURVE('',#4192,#4197);
#4192 = PLANE('',#4193);
#4193 = AXIS2_PLACEMENT_3D('',#4194,#4195,#4196);
#4194 = CARTESIAN_POINT('',(3.375E+03,-23.,1.251E+03));
#4195 = DIRECTION('',(1.,0.,-0.));
#4196 = DIRECTION('',(0.,0.,1.));
#4197 = DEFINITIONAL_REPRESENTATION('',(#4198),#4201);
#4198 = B_SPLINE_CURVE_WITH_KNOTS('',1,(#4199,#4200),.UNSPECIFIED.,.F.,
  .F.,(2,2),(-23.5,-5.5),.PIECEWISE_BEZIER_KNOTS.);
#4199 = CARTESIAN_POINT('',(18.,-13.5));
#4200 = CARTESIAN_POINT('',(0.,-13.5));
#4201 = ( GEOMETRIC_REPRESENTATION_CONTEXT(2) 
PARAMETRIC_REPRESENTATION_CONTEXT() REPRESENTATION_CONTEXT('2D SPACE',''
  ) );
#4202 = FACE_BOUND('',#4203,.F.);
#4203 = EDGE_LOOP('',(#4204,#4232,#4258,#4284));
#4204 = ORIENTED_EDGE('',*,*,#4205,.F.);
#4205 = EDGE_CURVE('',#4206,#4208,#4210,.T.);
#4206 = VERTEX_POINT('',#4207);
#4207 = CARTESIAN_POINT('',(3.326E+03,-9.5,1.37E+03));
#4208 = VERTEX_POINT('',#4209);
#4209 = CARTESIAN_POINT('',(3.354E+03,-9.5,1.37E+03));
#4210 = SURFACE_CURVE('',#4211,(#4215,#4221),.PCURVE_S1.);
#4211 = LINE('',#4212,#4213);
#4212 = CARTESIAN_POINT('',(3.269E+03,-9.5,1.37E+03));
#4213 = VECTOR('',#4214,1.);
#4214 = DIRECTION('',(1.,0.,-0.));
#4215 = PCURVE('',#3821,#4216);
#4216 = DEFINITIONAL_REPRESENTATION('',(#4217),#4220);
#4217 = B_SPLINE_CURVE_WITH_KNOTS('',1,(#4218,#4219),.UNSPECIFIED.,.F.,
  .F.,(2,2),(57.,85.),.PIECEWISE_BEZIER_KNOTS.);
#4218 = CARTESIAN_POINT('',(130.,114.));
#4219 = CARTESIAN_POINT('',(130.,142.));
#4220 = ( GEOMETRIC_REPRESENTATION_CONTEXT(2) 
PARAMETRIC_REPRESENTATION_CONTEXT() REPRESENTATION_CONTEXT('2D SPACE',''
  ) );
#4221 = PCURVE('',#4222,#4227);
#4222 = PLANE('',#4223);
#4223 = AXIS2_PLACEMENT_3D('',#4224,#4225,#4226);
#4224 = CARTESIAN_POINT('',(3.326E+03,-39.,1.37E+03));
#4225 = DIRECTION('',(0.,0.,1.));
#4226 = DIRECTION('',(1.,0.,-0.));
#4227 = DEFINITIONAL_REPRESENTATION('',(#4228),#4231);
#4228 = B_SPLINE_CURVE_WITH_KNOTS('',1,(#4229,#4230),.UNSPECIFIED.,.F.,
  .F.,(2,2),(57.,85.),.PIECEWISE_BEZIER_KNOTS.);
#4229 = CARTESIAN_POINT('',(0.,29.5));
#4230 = CARTESIAN_POINT('',(28.,29.5));
#4231 = ( GEOMETRIC_REPRESENTATION_CONTEXT(2) 
PARAMETRIC_REPRESENTATION_CONTEXT() REPRESENTATION_CONTEXT('2D SPACE',''
  ) );
#4232 = ORIENTED_EDGE('',*,*,#4233,.T.);
#4233 = EDGE_CURVE('',#4206,#4234,#4236,.T.);
#4234 = VERTEX_POINT('',#4235);
#4235 = CARTESIAN_POINT('',(3.326E+03,-9.5,1.35E+03));
#4236 = SURFACE_CURVE('',#4237,(#4241,#4247),.PCURVE_S1.);
#4237 = LINE('',#4238,#4239);
#4238 = CARTESIAN_POINT('',(3.326E+03,-9.5,1.295E+03));
#4239 = VECTOR('',#4240,1.);
#4240 = DIRECTION('',(-0.,0.,-1.));
#4241 = PCURVE('',#3821,#4242);
#4242 = DEFINITIONAL_REPRESENTATION('',(#4243),#4246);
#4243 = B_SPLINE_CURVE_WITH_KNOTS('',1,(#4244,#4245),.UNSPECIFIED.,.F.,
  .F.,(2,2),(-75.,-55.),.PIECEWISE_BEZIER_KNOTS.);
#4244 = CARTESIAN_POINT('',(130.,114.));
#4245 = CARTESIAN_POINT('',(110.,114.));
#4246 = ( GEOMETRIC_REPRESENTATION_CONTEXT(2) 
PARAMETRIC_REPRESENTATION_CONTEXT() REPRESENTATION_CONTEXT('2D SPACE',''
  ) );
#4247 = PCURVE('',#4248,#4253);
#4248 = PLANE('',#4249);
#4249 = AXIS2_PLACEMENT_3D('',#4250,#4251,#4252);
#4250 = CARTESIAN_POINT('',(3.326E+03,-39.,1.35E+03));
#4251 = DIRECTION('',(1.,0.,-0.));
#4252 = DIRECTION('',(0.,0.,1.));
#4253 = DEFINITIONAL_REPRESENTATION('',(#4254),#4257);
#4254 = B_SPLINE_CURVE_WITH_KNOTS('',1,(#4255,#4256),.UNSPECIFIED.,.F.,
  .F.,(2,2),(-75.,-55.),.PIECEWISE_BEZIER_KNOTS.);
#4255 = CARTESIAN_POINT('',(20.,-29.5));
#4256 = CARTESIAN_POINT('',(0.,-29.5));
#4257 = ( GEOMETRIC_REPRESENTATION_CONTEXT(2) 
PARAMETRIC_REPRESENTATION_CONTEXT() REPRESENTATION_CONTEXT('2D SPACE',''
  ) );
#4258 = ORIENTED_EDGE('',*,*,#4259,.T.);
#4259 = EDGE_CURVE('',#4234,#4260,#4262,.T.);
#4260 = VERTEX_POINT('',#4261);
#4261 = CARTESIAN_POINT('',(3.354E+03,-9.5,1.35E+03));
#4262 = SURFACE_CURVE('',#4263,(#4267,#4273),.PCURVE_S1.);
#4263 = LINE('',#4264,#4265);
#4264 = CARTESIAN_POINT('',(3.269E+03,-9.5,1.35E+03));
#4265 = VECTOR('',#4266,1.);
#4266 = DIRECTION('',(1.,0.,-0.));
#4267 = PCURVE('',#3821,#4268);
#4268 = DEFINITIONAL_REPRESENTATION('',(#4269),#4272);
#4269 = B_SPLINE_CURVE_WITH_KNOTS('',1,(#4270,#4271),.UNSPECIFIED.,.F.,
  .F.,(2,2),(57.,85.),.PIECEWISE_BEZIER_KNOTS.);
#4270 = CARTESIAN_POINT('',(110.,114.));
#4271 = CARTESIAN_POINT('',(110.,142.));
#4272 = ( GEOMETRIC_REPRESENTATION_CONTEXT(2) 
PARAMETRIC_REPRESENTATION_CONTEXT() REPRESENTATION_CONTEXT('2D SPACE',''
  ) );
#4273 = PCURVE('',#4274,#4279);
#4274 = PLANE('',#4275);
#4275 = AXIS2_PLACEMENT_3D('',#4276,#4277,#4278);
#4276 = CARTESIAN_POINT('',(3.326E+03,-39.,1.35E+03));
#4277 = DIRECTION('',(0.,0.,1.));
#4278 = DIRECTION('',(1.,0.,-0.));
#4279 = DEFINITIONAL_REPRESENTATION('',(#4280),#4283);
#4280 = B_SPLINE_CURVE_WITH_KNOTS('',1,(#4281,#4282),.UNSPECIFIED.,.F.,
  .F.,(2,2),(57.,85.),.PIECEWISE_BEZIER_KNOTS.);
#4281 = CARTESIAN_POINT('',(0.,29.5));
#4282 = CARTESIAN_POINT('',(28.,29.5));
#4283 = ( GEOMETRIC_REPRESENTATION_CONTEXT(2) 
PARAMETRIC_REPRESENTATION_CONTEXT() REPRESENTATION_CONTEXT('2D SPACE',''
  ) );
#4284 = ORIENTED_EDGE('',*,*,#4285,.F.);
#4285 = EDGE_CURVE('',#4208,#4260,#4286,.T.);
#4286 = SURFACE_CURVE('',#4287,(#4291,#4297),.PCURVE_S1.);
#4287 = LINE('',#4288,#4289);
#4288 = CARTESIAN_POINT('',(3.354E+03,-9.5,1.295E+03));
#4289 = VECTOR('',#4290,1.);
#4290 = DIRECTION('',(-0.,0.,-1.));
#4291 = PCURVE('',#3821,#4292);
#4292 = DEFINITIONAL_REPRESENTATION('',(#4293),#4296);
#4293 = B_SPLINE_CURVE_WITH_KNOTS('',1,(#4294,#4295),.UNSPECIFIED.,.F.,
  .F.,(2,2),(-75.,-55.),.PIECEWISE_BEZIER_KNOTS.);
#4294 = CARTESIAN_POINT('',(130.,142.));
#4295 = CARTESIAN_POINT('',(110.,142.));
#4296 = ( GEOMETRIC_REPRESENTATION_CONTEXT(2) 
PARAMETRIC_REPRESENTATION_CONTEXT() REPRESENTATION_CONTEXT('2D SPACE',''
  ) );
#4297 = PCURVE('',#4298,#4303);
#4298 = PLANE('',#4299);
#4299 = AXIS2_PLACEMENT_3D('',#4300,#4301,#4302);
#4300 = CARTESIAN_POINT('',(3.354E+03,-39.,1.35E+03));
#4301 = DIRECTION('',(1.,0.,-0.));
#4302 = DIRECTION('',(0.,0.,1.));
#4303 = DEFINITIONAL_REPRESENTATION('',(#4304),#4307);
#4304 = B_SPLINE_CURVE_WITH_KNOTS('',1,(#4305,#4306),.UNSPECIFIED.,.F.,
  .F.,(2,2),(-75.,-55.),.PIECEWISE_BEZIER_KNOTS.);
#4305 = CARTESIAN_POINT('',(20.,-29.5));
#4306 = CARTESIAN_POINT('',(0.,-29.5));
#4307 = ( GEOMETRIC_REPRESENTATION_CONTEXT(2) 
PARAMETRIC_REPRESENTATION_CONTEXT() REPRESENTATION_CONTEXT('2D SPACE',''
  ) );
#4308 = FACE_BOUND('',#4309,.F.);
#4309 = EDGE_LOOP('',(#4310,#4338,#4364,#4390));
#4310 = ORIENTED_EDGE('',*,*,#4311,.F.);
#4311 = EDGE_CURVE('',#4312,#4314,#4316,.T.);
#4312 = VERTEX_POINT('',#4313);
#4313 = CARTESIAN_POINT('',(3.326E+03,-9.5,1.41E+03));
#4314 = VERTEX_POINT('',#4315);
#4315 = CARTESIAN_POINT('',(3.354E+03,-9.5,1.41E+03));
#4316 = SURFACE_CURVE('',#4317,(#4321,#4327),.PCURVE_S1.);
#4317 = LINE('',#4318,#4319);
#4318 = CARTESIAN_POINT('',(3.269E+03,-9.5,1.41E+03));
#4319 = VECTOR('',#4320,1.);
#4320 = DIRECTION('',(1.,0.,-0.));
#4321 = PCURVE('',#3821,#4322);
#4322 = DEFINITIONAL_REPRESENTATION('',(#4323),#4326);
#4323 = B_SPLINE_CURVE_WITH_KNOTS('',1,(#4324,#4325),.UNSPECIFIED.,.F.,
  .F.,(2,2),(57.,85.),.PIECEWISE_BEZIER_KNOTS.);
#4324 = CARTESIAN_POINT('',(170.,114.));
#4325 = CARTESIAN_POINT('',(170.,142.));
#4326 = ( GEOMETRIC_REPRESENTATION_CONTEXT(2) 
PARAMETRIC_REPRESENTATION_CONTEXT() REPRESENTATION_CONTEXT('2D SPACE',''
  ) );
#4327 = PCURVE('',#4328,#4333);
#4328 = PLANE('',#4329);
#4329 = AXIS2_PLACEMENT_3D('',#4330,#4331,#4332);
#4330 = CARTESIAN_POINT('',(3.326E+03,-39.,1.41E+03));
#4331 = DIRECTION('',(0.,0.,1.));
#4332 = DIRECTION('',(1.,0.,-0.));
#4333 = DEFINITIONAL_REPRESENTATION('',(#4334),#4337);
#4334 = B_SPLINE_CURVE_WITH_KNOTS('',1,(#4335,#4336),.UNSPECIFIED.,.F.,
  .F.,(2,2),(57.,85.),.PIECEWISE_BEZIER_KNOTS.);
#4335 = CARTESIAN_POINT('',(0.,29.5));
#4336 = CARTESIAN_POINT('',(28.,29.5));
#4337 = ( GEOMETRIC_REPRESENTATION_CONTEXT(2) 
PARAMETRIC_REPRESENTATION_CONTEXT() REPRESENTATION_CONTEXT('2D SPACE',''
  ) );
#4338 = ORIENTED_EDGE('',*,*,#4339,.T.);
#4339 = EDGE_CURVE('',#4312,#4340,#4342,.T.);
#4340 = VERTEX_POINT('',#4341);
#4341 = CARTESIAN_POINT('',(3.326E+03,-9.5,1.39E+03));
#4342 = SURFACE_CURVE('',#4343,(#4347,#4353),.PCURVE_S1.);
#4343 = LINE('',#4344,#4345);
#4344 = CARTESIAN_POINT('',(3.326E+03,-9.5,1.315E+03));
#4345 = VECTOR('',#4346,1.);
#4346 = DIRECTION('',(-0.,0.,-1.));
#4347 = PCURVE('',#3821,#4348);
#4348 = DEFINITIONAL_REPRESENTATION('',(#4349),#4352);
#4349 = B_SPLINE_CURVE_WITH_KNOTS('',1,(#4350,#4351),.UNSPECIFIED.,.F.,
  .F.,(2,2),(-95.,-75.),.PIECEWISE_BEZIER_KNOTS.);
#4350 = CARTESIAN_POINT('',(170.,114.));
#4351 = CARTESIAN_POINT('',(150.,114.));
#4352 = ( GEOMETRIC_REPRESENTATION_CONTEXT(2) 
PARAMETRIC_REPRESENTATION_CONTEXT() REPRESENTATION_CONTEXT('2D SPACE',''
  ) );
#4353 = PCURVE('',#4354,#4359);
#4354 = PLANE('',#4355);
#4355 = AXIS2_PLACEMENT_3D('',#4356,#4357,#4358);
#4356 = CARTESIAN_POINT('',(3.326E+03,-39.,1.39E+03));
#4357 = DIRECTION('',(1.,0.,-0.));
#4358 = DIRECTION('',(0.,0.,1.));
#4359 = DEFINITIONAL_REPRESENTATION('',(#4360),#4363);
#4360 = B_SPLINE_CURVE_WITH_KNOTS('',1,(#4361,#4362),.UNSPECIFIED.,.F.,
  .F.,(2,2),(-95.,-75.),.PIECEWISE_BEZIER_KNOTS.);
#4361 = CARTESIAN_POINT('',(20.,-29.5));
#4362 = CARTESIAN_POINT('',(0.,-29.5));
#4363 = ( GEOMETRIC_REPRESENTATION_CONTEXT(2) 
PARAMETRIC_REPRESENTATION_CONTEXT() REPRESENTATION_CONTEXT('2D SPACE',''
  ) );
#4364 = ORIENTED_EDGE('',*,*,#4365,.T.);
#4365 = EDGE_CURVE('',#4340,#4366,#4368,.T.);
#4366 = VERTEX_POINT('',#4367);
#4367 = CARTESIAN_POINT('',(3.354E+03,-9.5,1.39E+03));
#4368 = SURFACE_CURVE('',#4369,(#4373,#4379),.PCURVE_S1.);
#4369 = LINE('',#4370,#4371);
#4370 = CARTESIAN_POINT('',(3.269E+03,-9.5,1.39E+03));
#4371 = VECTOR('',#4372,1.);
#4372 = DIRECTION('',(1.,0.,-0.));
#4373 = PCURVE('',#3821,#4374);
#4374 = DEFINITIONAL_REPRESENTATION('',(#4375),#4378);
#4375 = B_SPLINE_CURVE_WITH_KNOTS('',1,(#4376,#4377),.UNSPECIFIED.,.F.,
  .F.,(2,2),(57.,85.),.PIECEWISE_BEZIER_KNOTS.);
#4376 = CARTESIAN_POINT('',(150.,114.));
#4377 = CARTESIAN_POINT('',(150.,142.));
#4378 = ( GEOMETRIC_REPRESENTATION_CONTEXT(2) 
PARAMETRIC_REPRESENTATION_CONTEXT() REPRESENTATION_CONTEXT('2D SPACE',''
  ) );
#4379 = PCURVE('',#4380,#4385);
#4380 = PLANE('',#4381);
#4381 = AXIS2_PLACEMENT_3D('',#4382,#4383,#4384);
#4382 = CARTESIAN_POINT('',(3.326E+03,-39.,1.39E+03));
#4383 = DIRECTION('',(0.,0.,1.));
#4384 = DIRECTION('',(1.,0.,-0.));
#4385 = DEFINITIONAL_REPRESENTATION('',(#4386),#4389);
#4386 = B_SPLINE_CURVE_WITH_KNOTS('',1,(#4387,#4388),.UNSPECIFIED.,.F.,
  .F.,(2,2),(57.,85.),.PIECEWISE_BEZIER_KNOTS.);
#4387 = CARTESIAN_POINT('',(0.,29.5));
#4388 = CARTESIAN_POINT('',(28.,29.5));
#4389 = ( GEOMETRIC_REPRESENTATION_CONTEXT(2) 
PARAMETRIC_REPRESENTATION_CONTEXT() REPRESENTATION_CONTEXT('2D SPACE',''
  ) );
#4390 = ORIENTED_EDGE('',*,*,#4391,.F.);
#4391 = EDGE_CURVE('',#4314,#4366,#4392,.T.);
#4392 = SURFACE_CURVE('',#4393,(#4397,#4403),.PCURVE_S1.);
#4393 = LINE('',#4394,#4395);
#4394 = CARTESIAN_POINT('',(3.354E+03,-9.5,1.315E+03));
#4395 = VECTOR('',#4396,1.);
#4396 = DIRECTION('',(-0.,0.,-1.));
#4397 = PCURVE('',#3821,#4398);
#4398 = DEFINITIONAL_REPRESENTATION('',(#4399),#4402);
#4399 = B_SPLINE_CURVE_WITH_KNOTS('',1,(#4400,#4401),.UNSPECIFIED.,.F.,
  .F.,(2,2),(-95.,-75.),.PIECEWISE_BEZIER_KNOTS.);
#4400 = CARTESIAN_POINT('',(170.,142.));
#4401 = CARTESIAN_POINT('',(150.,142.));
#4402 = ( GEOMETRIC_REPRESENTATION_CONTEXT(2) 
PARAMETRIC_REPRESENTATION_CONTEXT() REPRESENTATION_CONTEXT('2D SPACE',''
  ) );
#4403 = PCURVE('',#4404,#4409);
#4404 = PLANE('',#4405);
#4405 = AXIS2_PLACEMENT_3D('',#4406,#4407,#4408);
#4406 = CARTESIAN_POINT('',(3.354E+03,-39.,1.39E+03));
#4407 = DIRECTION('',(1.,0.,-0.));
#4408 = DIRECTION('',(0.,0.,1.));
#4409 = DEFINITIONAL_REPRESENTATION('',(#4410),#4413);
#4410 = B_SPLINE_CURVE_WITH_KNOTS('',1,(#4411,#4412),.UNSPECIFIED.,.F.,
  .F.,(2,2),(-95.,-75.),.PIECEWISE_BEZIER_KNOTS.);
#4411 = CARTESIAN_POINT('',(20.,-29.5));
#4412 = CARTESIAN_POINT('',(0.,-29.5));
#4413 = ( GEOMETRIC_REPRESENTATION_CONTEXT(2) 
PARAMETRIC_REPRESENTATION_CONTEXT() REPRESENTATION_CONTEXT('2D SPACE',''
  ) );
#4414 = ADVANCED_FACE('',(#4415),#3903,.T.);
#4415 = FACE_BOUND('',#4416,.T.);
#4416 = EDGE_LOOP('',(#4417,#4418,#4419,#4442));
#4417 = ORIENTED_EDGE('',*,*,#3889,.F.);
#4418 = ORIENTED_EDGE('',*,*,#3942,.T.);
#4419 = ORIENTED_EDGE('',*,*,#4420,.T.);
#4420 = EDGE_CURVE('',#3943,#4421,#4423,.T.);
#4421 = VERTEX_POINT('',#4422);
#4422 = CARTESIAN_POINT('',(3.388E+03,-6.5,1.46E+03));
#4423 = SURFACE_CURVE('',#4424,(#4428,#4435),.PCURVE_S1.);
#4424 = LINE('',#4425,#4426);
#4425 = CARTESIAN_POINT('',(3.388E+03,-9.5,1.46E+03));
#4426 = VECTOR('',#4427,1.);
#4427 = DIRECTION('',(-0.,1.,0.));
#4428 = PCURVE('',#3903,#4429);
#4429 = DEFINITIONAL_REPRESENTATION('',(#4430),#4434);
#4430 = LINE('',#4431,#4432);
#4431 = CARTESIAN_POINT('',(176.,0.));
#4432 = VECTOR('',#4433,1.);
#4433 = DIRECTION('',(0.,1.));
#4434 = ( GEOMETRIC_REPRESENTATION_CONTEXT(2) 
PARAMETRIC_REPRESENTATION_CONTEXT() REPRESENTATION_CONTEXT('2D SPACE',''
  ) );
#4435 = PCURVE('',#3979,#4436);
#4436 = DEFINITIONAL_REPRESENTATION('',(#4437),#4441);
#4437 = LINE('',#4438,#4439);
#4438 = CARTESIAN_POINT('',(220.,0.));
#4439 = VECTOR('',#4440,1.);
#4440 = DIRECTION('',(0.,-1.));
#4441 = ( GEOMETRIC_REPRESENTATION_CONTEXT(2) 
PARAMETRIC_REPRESENTATION_CONTEXT() REPRESENTATION_CONTEXT('2D SPACE',''
  ) );
#4442 = ORIENTED_EDGE('',*,*,#4443,.F.);
#4443 = EDGE_CURVE('',#3862,#4421,#4444,.T.);
#4444 = SURFACE_CURVE('',#4445,(#4449,#4456),.PCURVE_S1.);
#4445 = LINE('',#4446,#4447);
#4446 = CARTESIAN_POINT('',(3.212E+03,-6.5,1.46E+03));
#4447 = VECTOR('',#4448,1.);
#4448 = DIRECTION('',(1.,0.,-0.));
#4449 = PCURVE('',#3903,#4450);
#4450 = DEFINITIONAL_REPRESENTATION('',(#4451),#4455);
#4451 = LINE('',#4452,#4453);
#4452 = CARTESIAN_POINT('',(0.,3.));
#4453 = VECTOR('',#4454,1.);
#4454 = DIRECTION('',(1.,0.));
#4455 = ( GEOMETRIC_REPRESENTATION_CONTEXT(2) 
PARAMETRIC_REPRESENTATION_CONTEXT() REPRESENTATION_CONTEXT('2D SPACE',''
  ) );
#4456 = PCURVE('',#3877,#4457);
#4457 = DEFINITIONAL_REPRESENTATION('',(#4458),#4462);
#4458 = LINE('',#4459,#4460);
#4459 = CARTESIAN_POINT('',(220.,0.));
#4460 = VECTOR('',#4461,1.);
#4461 = DIRECTION('',(0.,1.));
#4462 = ( GEOMETRIC_REPRESENTATION_CONTEXT(2) 
PARAMETRIC_REPRESENTATION_CONTEXT() REPRESENTATION_CONTEXT('2D SPACE',''
  ) );
#4463 = ADVANCED_FACE('',(#4464),#3877,.T.);
#4464 = FACE_BOUND('',#4465,.T.);
#4465 = EDGE_LOOP('',(#4466,#4489,#4490,#4491));
#4466 = ORIENTED_EDGE('',*,*,#4467,.F.);
#4467 = EDGE_CURVE('',#3834,#4468,#4470,.T.);
#4468 = VERTEX_POINT('',#4469);
#4469 = CARTESIAN_POINT('',(3.388E+03,-6.5,1.24E+03));
#4470 = SURFACE_CURVE('',#4471,(#4475,#4482),.PCURVE_S1.);
#4471 = LINE('',#4472,#4473);
#4472 = CARTESIAN_POINT('',(3.212E+03,-6.5,1.24E+03));
#4473 = VECTOR('',#4474,1.);
#4474 = DIRECTION('',(1.,0.,-0.));
#4475 = PCURVE('',#3877,#4476);
#4476 = DEFINITIONAL_REPRESENTATION('',(#4477),#4481);
#4477 = LINE('',#4478,#4479);
#4478 = CARTESIAN_POINT('',(0.,0.));
#4479 = VECTOR('',#4480,1.);
#4480 = DIRECTION('',(0.,1.));
#4481 = ( GEOMETRIC_REPRESENTATION_CONTEXT(2) 
PARAMETRIC_REPRESENTATION_CONTEXT() REPRESENTATION_CONTEXT('2D SPACE',''
  ) );
#4482 = PCURVE('',#3849,#4483);
#4483 = DEFINITIONAL_REPRESENTATION('',(#4484),#4488);
#4484 = LINE('',#4485,#4486);
#4485 = CARTESIAN_POINT('',(0.,3.));
#4486 = VECTOR('',#4487,1.);
#4487 = DIRECTION('',(1.,0.));
#4488 = ( GEOMETRIC_REPRESENTATION_CONTEXT(2) 
PARAMETRIC_REPRESENTATION_CONTEXT() REPRESENTATION_CONTEXT('2D SPACE',''
  ) );
#4489 = ORIENTED_EDGE('',*,*,#3861,.T.);
#4490 = ORIENTED_EDGE('',*,*,#4443,.T.);
#4491 = ORIENTED_EDGE('',*,*,#4492,.F.);
#4492 = EDGE_CURVE('',#4468,#4421,#4493,.T.);
#4493 = SURFACE_CURVE('',#4494,(#4498,#4505),.PCURVE_S1.);
#4494 = LINE('',#4495,#4496);
#4495 = CARTESIAN_POINT('',(3.388E+03,-6.5,1.24E+03));
#4496 = VECTOR('',#4497,1.);
#4497 = DIRECTION('',(0.,0.,1.));
#4498 = PCURVE('',#3877,#4499);
#4499 = DEFINITIONAL_REPRESENTATION('',(#4500),#4504);
#4500 = LINE('',#4501,#4502);
#4501 = CARTESIAN_POINT('',(0.,176.));
#4502 = VECTOR('',#4503,1.);
#4503 = DIRECTION('',(1.,0.));
#4504 = ( GEOMETRIC_REPRESENTATION_CONTEXT(2) 
PARAMETRIC_REPRESENTATION_CONTEXT() REPRESENTATION_CONTEXT('2D SPACE',''
  ) );
#4505 = PCURVE('',#3979,#4506);
#4506 = DEFINITIONAL_REPRESENTATION('',(#4507),#4511);
#4507 = LINE('',#4508,#4509);
#4508 = CARTESIAN_POINT('',(0.,-3.));
#4509 = VECTOR('',#4510,1.);
#4510 = DIRECTION('',(1.,0.));
#4511 = ( GEOMETRIC_REPRESENTATION_CONTEXT(2) 
PARAMETRIC_REPRESENTATION_CONTEXT() REPRESENTATION_CONTEXT('2D SPACE',''
  ) );
#4512 = ADVANCED_FACE('',(#4513),#3849,.F.);
#4513 = FACE_BOUND('',#4514,.F.);
#4514 = EDGE_LOOP('',(#4515,#4516,#4517,#4538));
#4515 = ORIENTED_EDGE('',*,*,#3833,.F.);
#4516 = ORIENTED_EDGE('',*,*,#3918,.T.);
#4517 = ORIENTED_EDGE('',*,*,#4518,.T.);
#4518 = EDGE_CURVE('',#3919,#4468,#4519,.T.);
#4519 = SURFACE_CURVE('',#4520,(#4524,#4531),.PCURVE_S1.);
#4520 = LINE('',#4521,#4522);
#4521 = CARTESIAN_POINT('',(3.388E+03,-9.5,1.24E+03));
#4522 = VECTOR('',#4523,1.);
#4523 = DIRECTION('',(-0.,1.,0.));
#4524 = PCURVE('',#3849,#4525);
#4525 = DEFINITIONAL_REPRESENTATION('',(#4526),#4530);
#4526 = LINE('',#4527,#4528);
#4527 = CARTESIAN_POINT('',(176.,0.));
#4528 = VECTOR('',#4529,1.);
#4529 = DIRECTION('',(0.,1.));
#4530 = ( GEOMETRIC_REPRESENTATION_CONTEXT(2) 
PARAMETRIC_REPRESENTATION_CONTEXT() REPRESENTATION_CONTEXT('2D SPACE',''
  ) );
#4531 = PCURVE('',#3979,#4532);
#4532 = DEFINITIONAL_REPRESENTATION('',(#4533),#4537);
#4533 = LINE('',#4534,#4535);
#4534 = CARTESIAN_POINT('',(0.,0.));
#4535 = VECTOR('',#4536,1.);
#4536 = DIRECTION('',(0.,-1.));
#4537 = ( GEOMETRIC_REPRESENTATION_CONTEXT(2) 
PARAMETRIC_REPRESENTATION_CONTEXT() REPRESENTATION_CONTEXT('2D SPACE',''
  ) );
#4538 = ORIENTED_EDGE('',*,*,#4467,.F.);
#4539 = ADVANCED_FACE('',(#4540),#3979,.T.);
#4540 = FACE_BOUND('',#4541,.T.);
#4541 = EDGE_LOOP('',(#4542,#4543,#4544,#4545));
#4542 = ORIENTED_EDGE('',*,*,#3965,.F.);
#4543 = ORIENTED_EDGE('',*,*,#4518,.T.);
#4544 = ORIENTED_EDGE('',*,*,#4492,.T.);
#4545 = ORIENTED_EDGE('',*,*,#4420,.F.);
#4546 = ADVANCED_FACE('',(#4547),#4010,.T.);
#4547 = FACE_BOUND('',#4548,.T.);
#4548 = EDGE_LOOP('',(#4549,#4572,#4600,#4621));
#4549 = ORIENTED_EDGE('',*,*,#4550,.F.);
#4550 = EDGE_CURVE('',#4551,#3994,#4553,.T.);
#4551 = VERTEX_POINT('',#4552);
#4552 = CARTESIAN_POINT('',(3.23E+03,-27.,1.43E+03));
#4553 = SURFACE_CURVE('',#4554,(#4558,#4565),.PCURVE_S1.);
#4554 = LINE('',#4555,#4556);
#4555 = CARTESIAN_POINT('',(3.23E+03,-27.,1.43E+03));
#4556 = VECTOR('',#4557,1.);
#4557 = DIRECTION('',(-0.,1.,0.));
#4558 = PCURVE('',#4010,#4559);
#4559 = DEFINITIONAL_REPRESENTATION('',(#4560),#4564);
#4560 = LINE('',#4561,#4562);
#4561 = CARTESIAN_POINT('',(0.,0.));
#4562 = VECTOR('',#4563,1.);
#4563 = DIRECTION('',(0.,1.));
#4564 = ( GEOMETRIC_REPRESENTATION_CONTEXT(2) 
PARAMETRIC_REPRESENTATION_CONTEXT() REPRESENTATION_CONTEXT('2D SPACE',''
  ) );
#4565 = PCURVE('',#4036,#4566);
#4566 = DEFINITIONAL_REPRESENTATION('',(#4567),#4571);
#4567 = LINE('',#4568,#4569);
#4568 = CARTESIAN_POINT('',(40.,0.));
#4569 = VECTOR('',#4570,1.);
#4570 = DIRECTION('',(0.,-1.));
#4571 = ( GEOMETRIC_REPRESENTATION_CONTEXT(2) 
PARAMETRIC_REPRESENTATION_CONTEXT() REPRESENTATION_CONTEXT('2D SPACE',''
  ) );
#4572 = ORIENTED_EDGE('',*,*,#4573,.T.);
#4573 = EDGE_CURVE('',#4551,#4574,#4576,.T.);
#4574 = VERTEX_POINT('',#4575);
#4575 = CARTESIAN_POINT('',(3.27E+03,-27.,1.43E+03));
#4576 = SURFACE_CURVE('',#4577,(#4581,#4588),.PCURVE_S1.);
#4577 = LINE('',#4578,#4579);
#4578 = CARTESIAN_POINT('',(3.23E+03,-27.,1.43E+03));
#4579 = VECTOR('',#4580,1.);
#4580 = DIRECTION('',(1.,0.,-0.));
#4581 = PCURVE('',#4010,#4582);
#4582 = DEFINITIONAL_REPRESENTATION('',(#4583),#4587);
#4583 = LINE('',#4584,#4585);
#4584 = CARTESIAN_POINT('',(0.,0.));
#4585 = VECTOR('',#4586,1.);
#4586 = DIRECTION('',(1.,0.));
#4587 = ( GEOMETRIC_REPRESENTATION_CONTEXT(2) 
PARAMETRIC_REPRESENTATION_CONTEXT() REPRESENTATION_CONTEXT('2D SPACE',''
  ) );
#4588 = PCURVE('',#4589,#4594);
#4589 = PLANE('',#4590);
#4590 = AXIS2_PLACEMENT_3D('',#4591,#4592,#4593);
#4591 = CARTESIAN_POINT('',(3.23E+03,-27.,1.39E+03));
#4592 = DIRECTION('',(-0.,1.,0.));
#4593 = DIRECTION('',(0.,0.,1.));
#4594 = DEFINITIONAL_REPRESENTATION('',(#4595),#4599);
#4595 = LINE('',#4596,#4597);
#4596 = CARTESIAN_POINT('',(40.,0.));
#4597 = VECTOR('',#4598,1.);
#4598 = DIRECTION('',(0.,1.));
#4599 = ( GEOMETRIC_REPRESENTATION_CONTEXT(2) 
PARAMETRIC_REPRESENTATION_CONTEXT() REPRESENTATION_CONTEXT('2D SPACE',''
  ) );
#4600 = ORIENTED_EDGE('',*,*,#4601,.T.);
#4601 = EDGE_CURVE('',#4574,#3996,#4602,.T.);
#4602 = SURFACE_CURVE('',#4603,(#4607,#4614),.PCURVE_S1.);
#4603 = LINE('',#4604,#4605);
#4604 = CARTESIAN_POINT('',(3.27E+03,-27.,1.43E+03));
#4605 = VECTOR('',#4606,1.);
#4606 = DIRECTION('',(-0.,1.,0.));
#4607 = PCURVE('',#4010,#4608);
#4608 = DEFINITIONAL_REPRESENTATION('',(#4609),#4613);
#4609 = LINE('',#4610,#4611);
#4610 = CARTESIAN_POINT('',(40.,0.));
#4611 = VECTOR('',#4612,1.);
#4612 = DIRECTION('',(0.,1.));
#4613 = ( GEOMETRIC_REPRESENTATION_CONTEXT(2) 
PARAMETRIC_REPRESENTATION_CONTEXT() REPRESENTATION_CONTEXT('2D SPACE',''
  ) );
#4614 = PCURVE('',#4086,#4615);
#4615 = DEFINITIONAL_REPRESENTATION('',(#4616),#4620);
#4616 = LINE('',#4617,#4618);
#4617 = CARTESIAN_POINT('',(40.,0.));
#4618 = VECTOR('',#4619,1.);
#4619 = DIRECTION('',(0.,-1.));
#4620 = ( GEOMETRIC_REPRESENTATION_CONTEXT(2) 
PARAMETRIC_REPRESENTATION_CONTEXT() REPRESENTATION_CONTEXT('2D SPACE',''
  ) );
#4621 = ORIENTED_EDGE('',*,*,#3993,.F.);
#4622 = ADVANCED_FACE('',(#4623),#4036,.F.);
#4623 = FACE_BOUND('',#4624,.F.);
#4624 = EDGE_LOOP('',(#4625,#4626,#4649,#4670));
#4625 = ORIENTED_EDGE('',*,*,#4550,.F.);
#4626 = ORIENTED_EDGE('',*,*,#4627,.F.);
#4627 = EDGE_CURVE('',#4628,#4551,#4630,.T.);
#4628 = VERTEX_POINT('',#4629);
#4629 = CARTESIAN_POINT('',(3.23E+03,-27.,1.39E+03));
#4630 = SURFACE_CURVE('',#4631,(#4635,#4642),.PCURVE_S1.);
#4631 = LINE('',#4632,#4633);
#4632 = CARTESIAN_POINT('',(3.23E+03,-27.,1.39E+03));
#4633 = VECTOR('',#4634,1.);
#4634 = DIRECTION('',(0.,0.,1.));
#4635 = PCURVE('',#4036,#4636);
#4636 = DEFINITIONAL_REPRESENTATION('',(#4637),#4641);
#4637 = LINE('',#4638,#4639);
#4638 = CARTESIAN_POINT('',(0.,0.));
#4639 = VECTOR('',#4640,1.);
#4640 = DIRECTION('',(1.,0.));
#4641 = ( GEOMETRIC_REPRESENTATION_CONTEXT(2) 
PARAMETRIC_REPRESENTATION_CONTEXT() REPRESENTATION_CONTEXT('2D SPACE',''
  ) );
#4642 = PCURVE('',#4589,#4643);
#4643 = DEFINITIONAL_REPRESENTATION('',(#4644),#4648);
#4644 = LINE('',#4645,#4646);
#4645 = CARTESIAN_POINT('',(0.,0.));
#4646 = VECTOR('',#4647,1.);
#4647 = DIRECTION('',(1.,0.));
#4648 = ( GEOMETRIC_REPRESENTATION_CONTEXT(2) 
PARAMETRIC_REPRESENTATION_CONTEXT() REPRESENTATION_CONTEXT('2D SPACE',''
  ) );
#4649 = ORIENTED_EDGE('',*,*,#4650,.T.);
#4650 = EDGE_CURVE('',#4628,#4022,#4651,.T.);
#4651 = SURFACE_CURVE('',#4652,(#4656,#4663),.PCURVE_S1.);
#4652 = LINE('',#4653,#4654);
#4653 = CARTESIAN_POINT('',(3.23E+03,-27.,1.39E+03));
#4654 = VECTOR('',#4655,1.);
#4655 = DIRECTION('',(-0.,1.,0.));
#4656 = PCURVE('',#4036,#4657);
#4657 = DEFINITIONAL_REPRESENTATION('',(#4658),#4662);
#4658 = LINE('',#4659,#4660);
#4659 = CARTESIAN_POINT('',(0.,0.));
#4660 = VECTOR('',#4661,1.);
#4661 = DIRECTION('',(0.,-1.));
#4662 = ( GEOMETRIC_REPRESENTATION_CONTEXT(2) 
PARAMETRIC_REPRESENTATION_CONTEXT() REPRESENTATION_CONTEXT('2D SPACE',''
  ) );
#4663 = PCURVE('',#4062,#4664);
#4664 = DEFINITIONAL_REPRESENTATION('',(#4665),#4669);
#4665 = LINE('',#4666,#4667);
#4666 = CARTESIAN_POINT('',(0.,0.));
#4667 = VECTOR('',#4668,1.);
#4668 = DIRECTION('',(0.,1.));
#4669 = ( GEOMETRIC_REPRESENTATION_CONTEXT(2) 
PARAMETRIC_REPRESENTATION_CONTEXT() REPRESENTATION_CONTEXT('2D SPACE',''
  ) );
#4670 = ORIENTED_EDGE('',*,*,#4021,.F.);
#4671 = ADVANCED_FACE('',(#4672),#4086,.T.);
#4672 = FACE_BOUND('',#4673,.T.);
#4673 = EDGE_LOOP('',(#4674,#4675,#4698,#4719));
#4674 = ORIENTED_EDGE('',*,*,#4601,.F.);
#4675 = ORIENTED_EDGE('',*,*,#4676,.F.);
#4676 = EDGE_CURVE('',#4677,#4574,#4679,.T.);
#4677 = VERTEX_POINT('',#4678);
#4678 = CARTESIAN_POINT('',(3.27E+03,-27.,1.39E+03));
#4679 = SURFACE_CURVE('',#4680,(#4684,#4691),.PCURVE_S1.);
#4680 = LINE('',#4681,#4682);
#4681 = CARTESIAN_POINT('',(3.27E+03,-27.,1.39E+03));
#4682 = VECTOR('',#4683,1.);
#4683 = DIRECTION('',(0.,0.,1.));
#4684 = PCURVE('',#4086,#4685);
#4685 = DEFINITIONAL_REPRESENTATION('',(#4686),#4690);
#4686 = LINE('',#4687,#4688);
#4687 = CARTESIAN_POINT('',(0.,0.));
#4688 = VECTOR('',#4689,1.);
#4689 = DIRECTION('',(1.,0.));
#4690 = ( GEOMETRIC_REPRESENTATION_CONTEXT(2) 
PARAMETRIC_REPRESENTATION_CONTEXT() REPRESENTATION_CONTEXT('2D SPACE',''
  ) );
#4691 = PCURVE('',#4589,#4692);
#4692 = DEFINITIONAL_REPRESENTATION('',(#4693),#4697);
#4693 = LINE('',#4694,#4695);
#4694 = CARTESIAN_POINT('',(0.,40.));
#4695 = VECTOR('',#4696,1.);
#4696 = DIRECTION('',(1.,0.));
#4697 = ( GEOMETRIC_REPRESENTATION_CONTEXT(2) 
PARAMETRIC_REPRESENTATION_CONTEXT() REPRESENTATION_CONTEXT('2D SPACE',''
  ) );
#4698 = ORIENTED_EDGE('',*,*,#4699,.T.);
#4699 = EDGE_CURVE('',#4677,#4048,#4700,.T.);
#4700 = SURFACE_CURVE('',#4701,(#4705,#4712),.PCURVE_S1.);
#4701 = LINE('',#4702,#4703);
#4702 = CARTESIAN_POINT('',(3.27E+03,-27.,1.39E+03));
#4703 = VECTOR('',#4704,1.);
#4704 = DIRECTION('',(-0.,1.,0.));
#4705 = PCURVE('',#4086,#4706);
#4706 = DEFINITIONAL_REPRESENTATION('',(#4707),#4711);
#4707 = LINE('',#4708,#4709);
#4708 = CARTESIAN_POINT('',(0.,0.));
#4709 = VECTOR('',#4710,1.);
#4710 = DIRECTION('',(0.,-1.));
#4711 = ( GEOMETRIC_REPRESENTATION_CONTEXT(2) 
PARAMETRIC_REPRESENTATION_CONTEXT() REPRESENTATION_CONTEXT('2D SPACE',''
  ) );
#4712 = PCURVE('',#4062,#4713);
#4713 = DEFINITIONAL_REPRESENTATION('',(#4714),#4718);
#4714 = LINE('',#4715,#4716);
#4715 = CARTESIAN_POINT('',(40.,0.));
#4716 = VECTOR('',#4717,1.);
#4717 = DIRECTION('',(0.,1.));
#4718 = ( GEOMETRIC_REPRESENTATION_CONTEXT(2) 
PARAMETRIC_REPRESENTATION_CONTEXT() REPRESENTATION_CONTEXT('2D SPACE',''
  ) );
#4719 = ORIENTED_EDGE('',*,*,#4073,.F.);
#4720 = ADVANCED_FACE('',(#4721),#4062,.F.);
#4721 = FACE_BOUND('',#4722,.F.);
#4722 = EDGE_LOOP('',(#4723,#4724,#4745,#4746));
#4723 = ORIENTED_EDGE('',*,*,#4650,.F.);
#4724 = ORIENTED_EDGE('',*,*,#4725,.T.);
#4725 = EDGE_CURVE('',#4628,#4677,#4726,.T.);
#4726 = SURFACE_CURVE('',#4727,(#4731,#4738),.PCURVE_S1.);
#4727 = LINE('',#4728,#4729);
#4728 = CARTESIAN_POINT('',(3.23E+03,-27.,1.39E+03));
#4729 = VECTOR('',#4730,1.);
#4730 = DIRECTION('',(1.,0.,-0.));
#4731 = PCURVE('',#4062,#4732);
#4732 = DEFINITIONAL_REPRESENTATION('',(#4733),#4737);
#4733 = LINE('',#4734,#4735);
#4734 = CARTESIAN_POINT('',(0.,0.));
#4735 = VECTOR('',#4736,1.);
#4736 = DIRECTION('',(1.,0.));
#4737 = ( GEOMETRIC_REPRESENTATION_CONTEXT(2) 
PARAMETRIC_REPRESENTATION_CONTEXT() REPRESENTATION_CONTEXT('2D SPACE',''
  ) );
#4738 = PCURVE('',#4589,#4739);
#4739 = DEFINITIONAL_REPRESENTATION('',(#4740),#4744);
#4740 = LINE('',#4741,#4742);
#4741 = CARTESIAN_POINT('',(0.,0.));
#4742 = VECTOR('',#4743,1.);
#4743 = DIRECTION('',(0.,1.));
#4744 = ( GEOMETRIC_REPRESENTATION_CONTEXT(2) 
PARAMETRIC_REPRESENTATION_CONTEXT() REPRESENTATION_CONTEXT('2D SPACE',''
  ) );
#4745 = ORIENTED_EDGE('',*,*,#4699,.T.);
#4746 = ORIENTED_EDGE('',*,*,#4047,.F.);
#4747 = ADVANCED_FACE('',(#4748),#4116,.T.);
#4748 = FACE_BOUND('',#4749,.T.);
#4749 = EDGE_LOOP('',(#4750,#4773,#4801,#4822));
#4750 = ORIENTED_EDGE('',*,*,#4751,.F.);
#4751 = EDGE_CURVE('',#4752,#4100,#4754,.T.);
#4752 = VERTEX_POINT('',#4753);
#4753 = CARTESIAN_POINT('',(3.225E+03,-23.,1.269E+03));
#4754 = SURFACE_CURVE('',#4755,(#4759,#4766),.PCURVE_S1.);
#4755 = LINE('',#4756,#4757);
#4756 = CARTESIAN_POINT('',(3.225E+03,-23.,1.269E+03));
#4757 = VECTOR('',#4758,1.);
#4758 = DIRECTION('',(-0.,1.,0.));
#4759 = PCURVE('',#4116,#4760);
#4760 = DEFINITIONAL_REPRESENTATION('',(#4761),#4765);
#4761 = LINE('',#4762,#4763);
#4762 = CARTESIAN_POINT('',(0.,0.));
#4763 = VECTOR('',#4764,1.);
#4764 = DIRECTION('',(0.,1.));
#4765 = ( GEOMETRIC_REPRESENTATION_CONTEXT(2) 
PARAMETRIC_REPRESENTATION_CONTEXT() REPRESENTATION_CONTEXT('2D SPACE',''
  ) );
#4766 = PCURVE('',#4142,#4767);
#4767 = DEFINITIONAL_REPRESENTATION('',(#4768),#4772);
#4768 = LINE('',#4769,#4770);
#4769 = CARTESIAN_POINT('',(18.,0.));
#4770 = VECTOR('',#4771,1.);
#4771 = DIRECTION('',(0.,-1.));
#4772 = ( GEOMETRIC_REPRESENTATION_CONTEXT(2) 
PARAMETRIC_REPRESENTATION_CONTEXT() REPRESENTATION_CONTEXT('2D SPACE',''
  ) );
#4773 = ORIENTED_EDGE('',*,*,#4774,.T.);
#4774 = EDGE_CURVE('',#4752,#4775,#4777,.T.);
#4775 = VERTEX_POINT('',#4776);
#4776 = CARTESIAN_POINT('',(3.375E+03,-23.,1.269E+03));
#4777 = SURFACE_CURVE('',#4778,(#4782,#4789),.PCURVE_S1.);
#4778 = LINE('',#4779,#4780);
#4779 = CARTESIAN_POINT('',(3.225E+03,-23.,1.269E+03));
#4780 = VECTOR('',#4781,1.);
#4781 = DIRECTION('',(1.,0.,-0.));
#4782 = PCURVE('',#4116,#4783);
#4783 = DEFINITIONAL_REPRESENTATION('',(#4784),#4788);
#4784 = LINE('',#4785,#4786);
#4785 = CARTESIAN_POINT('',(0.,0.));
#4786 = VECTOR('',#4787,1.);
#4787 = DIRECTION('',(1.,0.));
#4788 = ( GEOMETRIC_REPRESENTATION_CONTEXT(2) 
PARAMETRIC_REPRESENTATION_CONTEXT() REPRESENTATION_CONTEXT('2D SPACE',''
  ) );
#4789 = PCURVE('',#4790,#4795);
#4790 = PLANE('',#4791);
#4791 = AXIS2_PLACEMENT_3D('',#4792,#4793,#4794);
#4792 = CARTESIAN_POINT('',(3.225E+03,-23.,1.251E+03));
#4793 = DIRECTION('',(-0.,1.,0.));
#4794 = DIRECTION('',(0.,0.,1.));
#4795 = DEFINITIONAL_REPRESENTATION('',(#4796),#4800);
#4796 = LINE('',#4797,#4798);
#4797 = CARTESIAN_POINT('',(18.,0.));
#4798 = VECTOR('',#4799,1.);
#4799 = DIRECTION('',(0.,1.));
#4800 = ( GEOMETRIC_REPRESENTATION_CONTEXT(2) 
PARAMETRIC_REPRESENTATION_CONTEXT() REPRESENTATION_CONTEXT('2D SPACE',''
  ) );
#4801 = ORIENTED_EDGE('',*,*,#4802,.T.);
#4802 = EDGE_CURVE('',#4775,#4102,#4803,.T.);
#4803 = SURFACE_CURVE('',#4804,(#4808,#4815),.PCURVE_S1.);
#4804 = LINE('',#4805,#4806);
#4805 = CARTESIAN_POINT('',(3.375E+03,-23.,1.269E+03));
#4806 = VECTOR('',#4807,1.);
#4807 = DIRECTION('',(-0.,1.,0.));
#4808 = PCURVE('',#4116,#4809);
#4809 = DEFINITIONAL_REPRESENTATION('',(#4810),#4814);
#4810 = LINE('',#4811,#4812);
#4811 = CARTESIAN_POINT('',(150.,0.));
#4812 = VECTOR('',#4813,1.);
#4813 = DIRECTION('',(0.,1.));
#4814 = ( GEOMETRIC_REPRESENTATION_CONTEXT(2) 
PARAMETRIC_REPRESENTATION_CONTEXT() REPRESENTATION_CONTEXT('2D SPACE',''
  ) );
#4815 = PCURVE('',#4192,#4816);
#4816 = DEFINITIONAL_REPRESENTATION('',(#4817),#4821);
#4817 = LINE('',#4818,#4819);
#4818 = CARTESIAN_POINT('',(18.,0.));
#4819 = VECTOR('',#4820,1.);
#4820 = DIRECTION('',(0.,-1.));
#4821 = ( GEOMETRIC_REPRESENTATION_CONTEXT(2) 
PARAMETRIC_REPRESENTATION_CONTEXT() REPRESENTATION_CONTEXT('2D SPACE',''
  ) );
#4822 = ORIENTED_EDGE('',*,*,#4099,.F.);
#4823 = ADVANCED_FACE('',(#4824),#4192,.T.);
#4824 = FACE_BOUND('',#4825,.T.);
#4825 = EDGE_LOOP('',(#4826,#4827,#4850,#4871));
#4826 = ORIENTED_EDGE('',*,*,#4802,.F.);
#4827 = ORIENTED_EDGE('',*,*,#4828,.F.);
#4828 = EDGE_CURVE('',#4829,#4775,#4831,.T.);
#4829 = VERTEX_POINT('',#4830);
#4830 = CARTESIAN_POINT('',(3.375E+03,-23.,1.251E+03));
#4831 = SURFACE_CURVE('',#4832,(#4836,#4843),.PCURVE_S1.);
#4832 = LINE('',#4833,#4834);
#4833 = CARTESIAN_POINT('',(3.375E+03,-23.,1.251E+03));
#4834 = VECTOR('',#4835,1.);
#4835 = DIRECTION('',(0.,0.,1.));
#4836 = PCURVE('',#4192,#4837);
#4837 = DEFINITIONAL_REPRESENTATION('',(#4838),#4842);
#4838 = LINE('',#4839,#4840);
#4839 = CARTESIAN_POINT('',(0.,0.));
#4840 = VECTOR('',#4841,1.);
#4841 = DIRECTION('',(1.,0.));
#4842 = ( GEOMETRIC_REPRESENTATION_CONTEXT(2) 
PARAMETRIC_REPRESENTATION_CONTEXT() REPRESENTATION_CONTEXT('2D SPACE',''
  ) );
#4843 = PCURVE('',#4790,#4844);
#4844 = DEFINITIONAL_REPRESENTATION('',(#4845),#4849);
#4845 = LINE('',#4846,#4847);
#4846 = CARTESIAN_POINT('',(0.,150.));
#4847 = VECTOR('',#4848,1.);
#4848 = DIRECTION('',(1.,0.));
#4849 = ( GEOMETRIC_REPRESENTATION_CONTEXT(2) 
PARAMETRIC_REPRESENTATION_CONTEXT() REPRESENTATION_CONTEXT('2D SPACE',''
  ) );
#4850 = ORIENTED_EDGE('',*,*,#4851,.T.);
#4851 = EDGE_CURVE('',#4829,#4154,#4852,.T.);
#4852 = SURFACE_CURVE('',#4853,(#4857,#4864),.PCURVE_S1.);
#4853 = LINE('',#4854,#4855);
#4854 = CARTESIAN_POINT('',(3.375E+03,-23.,1.251E+03));
#4855 = VECTOR('',#4856,1.);
#4856 = DIRECTION('',(-0.,1.,0.));
#4857 = PCURVE('',#4192,#4858);
#4858 = DEFINITIONAL_REPRESENTATION('',(#4859),#4863);
#4859 = LINE('',#4860,#4861);
#4860 = CARTESIAN_POINT('',(0.,0.));
#4861 = VECTOR('',#4862,1.);
#4862 = DIRECTION('',(0.,-1.));
#4863 = ( GEOMETRIC_REPRESENTATION_CONTEXT(2) 
PARAMETRIC_REPRESENTATION_CONTEXT() REPRESENTATION_CONTEXT('2D SPACE',''
  ) );
#4864 = PCURVE('',#4168,#4865);
#4865 = DEFINITIONAL_REPRESENTATION('',(#4866),#4870);
#4866 = LINE('',#4867,#4868);
#4867 = CARTESIAN_POINT('',(150.,0.));
#4868 = VECTOR('',#4869,1.);
#4869 = DIRECTION('',(0.,1.));
#4870 = ( GEOMETRIC_REPRESENTATION_CONTEXT(2) 
PARAMETRIC_REPRESENTATION_CONTEXT() REPRESENTATION_CONTEXT('2D SPACE',''
  ) );
#4871 = ORIENTED_EDGE('',*,*,#4179,.F.);
#4872 = ADVANCED_FACE('',(#4873),#4168,.F.);
#4873 = FACE_BOUND('',#4874,.F.);
#4874 = EDGE_LOOP('',(#4875,#4898,#4919,#4920));
#4875 = ORIENTED_EDGE('',*,*,#4876,.F.);
#4876 = EDGE_CURVE('',#4877,#4128,#4879,.T.);
#4877 = VERTEX_POINT('',#4878);
#4878 = CARTESIAN_POINT('',(3.225E+03,-23.,1.251E+03));
#4879 = SURFACE_CURVE('',#4880,(#4884,#4891),.PCURVE_S1.);
#4880 = LINE('',#4881,#4882);
#4881 = CARTESIAN_POINT('',(3.225E+03,-23.,1.251E+03));
#4882 = VECTOR('',#4883,1.);
#4883 = DIRECTION('',(-0.,1.,0.));
#4884 = PCURVE('',#4168,#4885);
#4885 = DEFINITIONAL_REPRESENTATION('',(#4886),#4890);
#4886 = LINE('',#4887,#4888);
#4887 = CARTESIAN_POINT('',(0.,0.));
#4888 = VECTOR('',#4889,1.);
#4889 = DIRECTION('',(0.,1.));
#4890 = ( GEOMETRIC_REPRESENTATION_CONTEXT(2) 
PARAMETRIC_REPRESENTATION_CONTEXT() REPRESENTATION_CONTEXT('2D SPACE',''
  ) );
#4891 = PCURVE('',#4142,#4892);
#4892 = DEFINITIONAL_REPRESENTATION('',(#4893),#4897);
#4893 = LINE('',#4894,#4895);
#4894 = CARTESIAN_POINT('',(0.,0.));
#4895 = VECTOR('',#4896,1.);
#4896 = DIRECTION('',(0.,-1.));
#4897 = ( GEOMETRIC_REPRESENTATION_CONTEXT(2) 
PARAMETRIC_REPRESENTATION_CONTEXT() REPRESENTATION_CONTEXT('2D SPACE',''
  ) );
#4898 = ORIENTED_EDGE('',*,*,#4899,.T.);
#4899 = EDGE_CURVE('',#4877,#4829,#4900,.T.);
#4900 = SURFACE_CURVE('',#4901,(#4905,#4912),.PCURVE_S1.);
#4901 = LINE('',#4902,#4903);
#4902 = CARTESIAN_POINT('',(3.225E+03,-23.,1.251E+03));
#4903 = VECTOR('',#4904,1.);
#4904 = DIRECTION('',(1.,0.,-0.));
#4905 = PCURVE('',#4168,#4906);
#4906 = DEFINITIONAL_REPRESENTATION('',(#4907),#4911);
#4907 = LINE('',#4908,#4909);
#4908 = CARTESIAN_POINT('',(0.,0.));
#4909 = VECTOR('',#4910,1.);
#4910 = DIRECTION('',(1.,0.));
#4911 = ( GEOMETRIC_REPRESENTATION_CONTEXT(2) 
PARAMETRIC_REPRESENTATION_CONTEXT() REPRESENTATION_CONTEXT('2D SPACE',''
  ) );
#4912 = PCURVE('',#4790,#4913);
#4913 = DEFINITIONAL_REPRESENTATION('',(#4914),#4918);
#4914 = LINE('',#4915,#4916);
#4915 = CARTESIAN_POINT('',(0.,0.));
#4916 = VECTOR('',#4917,1.);
#4917 = DIRECTION('',(0.,1.));
#4918 = ( GEOMETRIC_REPRESENTATION_CONTEXT(2) 
PARAMETRIC_REPRESENTATION_CONTEXT() REPRESENTATION_CONTEXT('2D SPACE',''
  ) );
#4919 = ORIENTED_EDGE('',*,*,#4851,.T.);
#4920 = ORIENTED_EDGE('',*,*,#4153,.F.);
#4921 = ADVANCED_FACE('',(#4922),#4142,.F.);
#4922 = FACE_BOUND('',#4923,.F.);
#4923 = EDGE_LOOP('',(#4924,#4925,#4946,#4947));
#4924 = ORIENTED_EDGE('',*,*,#4751,.F.);
#4925 = ORIENTED_EDGE('',*,*,#4926,.F.);
#4926 = EDGE_CURVE('',#4877,#4752,#4927,.T.);
#4927 = SURFACE_CURVE('',#4928,(#4932,#4939),.PCURVE_S1.);
#4928 = LINE('',#4929,#4930);
#4929 = CARTESIAN_POINT('',(3.225E+03,-23.,1.251E+03));
#4930 = VECTOR('',#4931,1.);
#4931 = DIRECTION('',(0.,0.,1.));
#4932 = PCURVE('',#4142,#4933);
#4933 = DEFINITIONAL_REPRESENTATION('',(#4934),#4938);
#4934 = LINE('',#4935,#4936);
#4935 = CARTESIAN_POINT('',(0.,0.));
#4936 = VECTOR('',#4937,1.);
#4937 = DIRECTION('',(1.,0.));
#4938 = ( GEOMETRIC_REPRESENTATION_CONTEXT(2) 
PARAMETRIC_REPRESENTATION_CONTEXT() REPRESENTATION_CONTEXT('2D SPACE',''
  ) );
#4939 = PCURVE('',#4790,#4940);
#4940 = DEFINITIONAL_REPRESENTATION('',(#4941),#4945);
#4941 = LINE('',#4942,#4943);
#4942 = CARTESIAN_POINT('',(0.,0.));
#4943 = VECTOR('',#4944,1.);
#4944 = DIRECTION('',(1.,0.));
#4945 = ( GEOMETRIC_REPRESENTATION_CONTEXT(2) 
PARAMETRIC_REPRESENTATION_CONTEXT() REPRESENTATION_CONTEXT('2D SPACE',''
  ) );
#4946 = ORIENTED_EDGE('',*,*,#4876,.T.);
#4947 = ORIENTED_EDGE('',*,*,#4127,.F.);
#4948 = ADVANCED_FACE('',(#4949),#4222,.T.);
#4949 = FACE_BOUND('',#4950,.T.);
#4950 = EDGE_LOOP('',(#4951,#4974,#5002,#5023));
#4951 = ORIENTED_EDGE('',*,*,#4952,.F.);
#4952 = EDGE_CURVE('',#4953,#4206,#4955,.T.);
#4953 = VERTEX_POINT('',#4954);
#4954 = CARTESIAN_POINT('',(3.326E+03,-39.,1.37E+03));
#4955 = SURFACE_CURVE('',#4956,(#4960,#4967),.PCURVE_S1.);
#4956 = LINE('',#4957,#4958);
#4957 = CARTESIAN_POINT('',(3.326E+03,-39.,1.37E+03));
#4958 = VECTOR('',#4959,1.);
#4959 = DIRECTION('',(-0.,1.,0.));
#4960 = PCURVE('',#4222,#4961);
#4961 = DEFINITIONAL_REPRESENTATION('',(#4962),#4966);
#4962 = LINE('',#4963,#4964);
#4963 = CARTESIAN_POINT('',(0.,0.));
#4964 = VECTOR('',#4965,1.);
#4965 = DIRECTION('',(0.,1.));
#4966 = ( GEOMETRIC_REPRESENTATION_CONTEXT(2) 
PARAMETRIC_REPRESENTATION_CONTEXT() REPRESENTATION_CONTEXT('2D SPACE',''
  ) );
#4967 = PCURVE('',#4248,#4968);
#4968 = DEFINITIONAL_REPRESENTATION('',(#4969),#4973);
#4969 = LINE('',#4970,#4971);
#4970 = CARTESIAN_POINT('',(20.,0.));
#4971 = VECTOR('',#4972,1.);
#4972 = DIRECTION('',(0.,-1.));
#4973 = ( GEOMETRIC_REPRESENTATION_CONTEXT(2) 
PARAMETRIC_REPRESENTATION_CONTEXT() REPRESENTATION_CONTEXT('2D SPACE',''
  ) );
#4974 = ORIENTED_EDGE('',*,*,#4975,.T.);
#4975 = EDGE_CURVE('',#4953,#4976,#4978,.T.);
#4976 = VERTEX_POINT('',#4977);
#4977 = CARTESIAN_POINT('',(3.354E+03,-39.,1.37E+03));
#4978 = SURFACE_CURVE('',#4979,(#4983,#4990),.PCURVE_S1.);
#4979 = LINE('',#4980,#4981);
#4980 = CARTESIAN_POINT('',(3.326E+03,-39.,1.37E+03));
#4981 = VECTOR('',#4982,1.);
#4982 = DIRECTION('',(1.,0.,-0.));
#4983 = PCURVE('',#4222,#4984);
#4984 = DEFINITIONAL_REPRESENTATION('',(#4985),#4989);
#4985 = LINE('',#4986,#4987);
#4986 = CARTESIAN_POINT('',(0.,0.));
#4987 = VECTOR('',#4988,1.);
#4988 = DIRECTION('',(1.,0.));
#4989 = ( GEOMETRIC_REPRESENTATION_CONTEXT(2) 
PARAMETRIC_REPRESENTATION_CONTEXT() REPRESENTATION_CONTEXT('2D SPACE',''
  ) );
#4990 = PCURVE('',#4991,#4996);
#4991 = PLANE('',#4992);
#4992 = AXIS2_PLACEMENT_3D('',#4993,#4994,#4995);
#4993 = CARTESIAN_POINT('',(3.326E+03,-39.,1.35E+03));
#4994 = DIRECTION('',(-0.,1.,0.));
#4995 = DIRECTION('',(0.,0.,1.));
#4996 = DEFINITIONAL_REPRESENTATION('',(#4997),#5001);
#4997 = LINE('',#4998,#4999);
#4998 = CARTESIAN_POINT('',(20.,0.));
#4999 = VECTOR('',#5000,1.);
#5000 = DIRECTION('',(0.,1.));
#5001 = ( GEOMETRIC_REPRESENTATION_CONTEXT(2) 
PARAMETRIC_REPRESENTATION_CONTEXT() REPRESENTATION_CONTEXT('2D SPACE',''
  ) );
#5002 = ORIENTED_EDGE('',*,*,#5003,.T.);
#5003 = EDGE_CURVE('',#4976,#4208,#5004,.T.);
#5004 = SURFACE_CURVE('',#5005,(#5009,#5016),.PCURVE_S1.);
#5005 = LINE('',#5006,#5007);
#5006 = CARTESIAN_POINT('',(3.354E+03,-39.,1.37E+03));
#5007 = VECTOR('',#5008,1.);
#5008 = DIRECTION('',(-0.,1.,0.));
#5009 = PCURVE('',#4222,#5010);
#5010 = DEFINITIONAL_REPRESENTATION('',(#5011),#5015);
#5011 = LINE('',#5012,#5013);
#5012 = CARTESIAN_POINT('',(28.,0.));
#5013 = VECTOR('',#5014,1.);
#5014 = DIRECTION('',(0.,1.));
#5015 = ( GEOMETRIC_REPRESENTATION_CONTEXT(2) 
PARAMETRIC_REPRESENTATION_CONTEXT() REPRESENTATION_CONTEXT('2D SPACE',''
  ) );
#5016 = PCURVE('',#4298,#5017);
#5017 = DEFINITIONAL_REPRESENTATION('',(#5018),#5022);
#5018 = LINE('',#5019,#5020);
#5019 = CARTESIAN_POINT('',(20.,0.));
#5020 = VECTOR('',#5021,1.);
#5021 = DIRECTION('',(0.,-1.));
#5022 = ( GEOMETRIC_REPRESENTATION_CONTEXT(2) 
PARAMETRIC_REPRESENTATION_CONTEXT() REPRESENTATION_CONTEXT('2D SPACE',''
  ) );
#5023 = ORIENTED_EDGE('',*,*,#4205,.F.);
#5024 = ADVANCED_FACE('',(#5025),#4248,.F.);
#5025 = FACE_BOUND('',#5026,.F.);
#5026 = EDGE_LOOP('',(#5027,#5028,#5051,#5072));
#5027 = ORIENTED_EDGE('',*,*,#4952,.F.);
#5028 = ORIENTED_EDGE('',*,*,#5029,.F.);
#5029 = EDGE_CURVE('',#5030,#4953,#5032,.T.);
#5030 = VERTEX_POINT('',#5031);
#5031 = CARTESIAN_POINT('',(3.326E+03,-39.,1.35E+03));
#5032 = SURFACE_CURVE('',#5033,(#5037,#5044),.PCURVE_S1.);
#5033 = LINE('',#5034,#5035);
#5034 = CARTESIAN_POINT('',(3.326E+03,-39.,1.35E+03));
#5035 = VECTOR('',#5036,1.);
#5036 = DIRECTION('',(0.,0.,1.));
#5037 = PCURVE('',#4248,#5038);
#5038 = DEFINITIONAL_REPRESENTATION('',(#5039),#5043);
#5039 = LINE('',#5040,#5041);
#5040 = CARTESIAN_POINT('',(0.,0.));
#5041 = VECTOR('',#5042,1.);
#5042 = DIRECTION('',(1.,0.));
#5043 = ( GEOMETRIC_REPRESENTATION_CONTEXT(2) 
PARAMETRIC_REPRESENTATION_CONTEXT() REPRESENTATION_CONTEXT('2D SPACE',''
  ) );
#5044 = PCURVE('',#4991,#5045);
#5045 = DEFINITIONAL_REPRESENTATION('',(#5046),#5050);
#5046 = LINE('',#5047,#5048);
#5047 = CARTESIAN_POINT('',(0.,0.));
#5048 = VECTOR('',#5049,1.);
#5049 = DIRECTION('',(1.,0.));
#5050 = ( GEOMETRIC_REPRESENTATION_CONTEXT(2) 
PARAMETRIC_REPRESENTATION_CONTEXT() REPRESENTATION_CONTEXT('2D SPACE',''
  ) );
#5051 = ORIENTED_EDGE('',*,*,#5052,.T.);
#5052 = EDGE_CURVE('',#5030,#4234,#5053,.T.);
#5053 = SURFACE_CURVE('',#5054,(#5058,#5065),.PCURVE_S1.);
#5054 = LINE('',#5055,#5056);
#5055 = CARTESIAN_POINT('',(3.326E+03,-39.,1.35E+03));
#5056 = VECTOR('',#5057,1.);
#5057 = DIRECTION('',(-0.,1.,0.));
#5058 = PCURVE('',#4248,#5059);
#5059 = DEFINITIONAL_REPRESENTATION('',(#5060),#5064);
#5060 = LINE('',#5061,#5062);
#5061 = CARTESIAN_POINT('',(0.,0.));
#5062 = VECTOR('',#5063,1.);
#5063 = DIRECTION('',(0.,-1.));
#5064 = ( GEOMETRIC_REPRESENTATION_CONTEXT(2) 
PARAMETRIC_REPRESENTATION_CONTEXT() REPRESENTATION_CONTEXT('2D SPACE',''
  ) );
#5065 = PCURVE('',#4274,#5066);
#5066 = DEFINITIONAL_REPRESENTATION('',(#5067),#5071);
#5067 = LINE('',#5068,#5069);
#5068 = CARTESIAN_POINT('',(0.,0.));
#5069 = VECTOR('',#5070,1.);
#5070 = DIRECTION('',(0.,1.));
#5071 = ( GEOMETRIC_REPRESENTATION_CONTEXT(2) 
PARAMETRIC_REPRESENTATION_CONTEXT() REPRESENTATION_CONTEXT('2D SPACE',''
  ) );
#5072 = ORIENTED_EDGE('',*,*,#4233,.F.);
#5073 = ADVANCED_FACE('',(#5074),#4298,.T.);
#5074 = FACE_BOUND('',#5075,.T.);
#5075 = EDGE_LOOP('',(#5076,#5077,#5100,#5121));
#5076 = ORIENTED_EDGE('',*,*,#5003,.F.);
#5077 = ORIENTED_EDGE('',*,*,#5078,.F.);
#5078 = EDGE_CURVE('',#5079,#4976,#5081,.T.);
#5079 = VERTEX_POINT('',#5080);
#5080 = CARTESIAN_POINT('',(3.354E+03,-39.,1.35E+03));
#5081 = SURFACE_CURVE('',#5082,(#5086,#5093),.PCURVE_S1.);
#5082 = LINE('',#5083,#5084);
#5083 = CARTESIAN_POINT('',(3.354E+03,-39.,1.35E+03));
#5084 = VECTOR('',#5085,1.);
#5085 = DIRECTION('',(0.,0.,1.));
#5086 = PCURVE('',#4298,#5087);
#5087 = DEFINITIONAL_REPRESENTATION('',(#5088),#5092);
#5088 = LINE('',#5089,#5090);
#5089 = CARTESIAN_POINT('',(0.,0.));
#5090 = VECTOR('',#5091,1.);
#5091 = DIRECTION('',(1.,0.));
#5092 = ( GEOMETRIC_REPRESENTATION_CONTEXT(2) 
PARAMETRIC_REPRESENTATION_CONTEXT() REPRESENTATION_CONTEXT('2D SPACE',''
  ) );
#5093 = PCURVE('',#4991,#5094);
#5094 = DEFINITIONAL_REPRESENTATION('',(#5095),#5099);
#5095 = LINE('',#5096,#5097);
#5096 = CARTESIAN_POINT('',(0.,28.));
#5097 = VECTOR('',#5098,1.);
#5098 = DIRECTION('',(1.,0.));
#5099 = ( GEOMETRIC_REPRESENTATION_CONTEXT(2) 
PARAMETRIC_REPRESENTATION_CONTEXT() REPRESENTATION_CONTEXT('2D SPACE',''
  ) );
#5100 = ORIENTED_EDGE('',*,*,#5101,.T.);
#5101 = EDGE_CURVE('',#5079,#4260,#5102,.T.);
#5102 = SURFACE_CURVE('',#5103,(#5107,#5114),.PCURVE_S1.);
#5103 = LINE('',#5104,#5105);
#5104 = CARTESIAN_POINT('',(3.354E+03,-39.,1.35E+03));
#5105 = VECTOR('',#5106,1.);
#5106 = DIRECTION('',(-0.,1.,0.));
#5107 = PCURVE('',#4298,#5108);
#5108 = DEFINITIONAL_REPRESENTATION('',(#5109),#5113);
#5109 = LINE('',#5110,#5111);
#5110 = CARTESIAN_POINT('',(0.,0.));
#5111 = VECTOR('',#5112,1.);
#5112 = DIRECTION('',(0.,-1.));
#5113 = ( GEOMETRIC_REPRESENTATION_CONTEXT(2) 
PARAMETRIC_REPRESENTATION_CONTEXT() REPRESENTATION_CONTEXT('2D SPACE',''
  ) );
#5114 = PCURVE('',#4274,#5115);
#5115 = DEFINITIONAL_REPRESENTATION('',(#5116),#5120);
#5116 = LINE('',#5117,#5118);
#5117 = CARTESIAN_POINT('',(28.,0.));
#5118 = VECTOR('',#5119,1.);
#5119 = DIRECTION('',(0.,1.));
#5120 = ( GEOMETRIC_REPRESENTATION_CONTEXT(2) 
PARAMETRIC_REPRESENTATION_CONTEXT() REPRESENTATION_CONTEXT('2D SPACE',''
  ) );
#5121 = ORIENTED_EDGE('',*,*,#4285,.F.);
#5122 = ADVANCED_FACE('',(#5123),#4274,.F.);
#5123 = FACE_BOUND('',#5124,.F.);
#5124 = EDGE_LOOP('',(#5125,#5126,#5147,#5148));
#5125 = ORIENTED_EDGE('',*,*,#5052,.F.);
#5126 = ORIENTED_EDGE('',*,*,#5127,.T.);
#5127 = EDGE_CURVE('',#5030,#5079,#5128,.T.);
#5128 = SURFACE_CURVE('',#5129,(#5133,#5140),.PCURVE_S1.);
#5129 = LINE('',#5130,#5131);
#5130 = CARTESIAN_POINT('',(3.326E+03,-39.,1.35E+03));
#5131 = VECTOR('',#5132,1.);
#5132 = DIRECTION('',(1.,0.,-0.));
#5133 = PCURVE('',#4274,#5134);
#5134 = DEFINITIONAL_REPRESENTATION('',(#5135),#5139);
#5135 = LINE('',#5136,#5137);
#5136 = CARTESIAN_POINT('',(0.,0.));
#5137 = VECTOR('',#5138,1.);
#5138 = DIRECTION('',(1.,0.));
#5139 = ( GEOMETRIC_REPRESENTATION_CONTEXT(2) 
PARAMETRIC_REPRESENTATION_CONTEXT() REPRESENTATION_CONTEXT('2D SPACE',''
  ) );
#5140 = PCURVE('',#4991,#5141);
#5141 = DEFINITIONAL_REPRESENTATION('',(#5142),#5146);
#5142 = LINE('',#5143,#5144);
#5143 = CARTESIAN_POINT('',(0.,0.));
#5144 = VECTOR('',#5145,1.);
#5145 = DIRECTION('',(0.,1.));
#5146 = ( GEOMETRIC_REPRESENTATION_CONTEXT(2) 
PARAMETRIC_REPRESENTATION_CONTEXT() REPRESENTATION_CONTEXT('2D SPACE',''
  ) );
#5147 = ORIENTED_EDGE('',*,*,#5101,.T.);
#5148 = ORIENTED_EDGE('',*,*,#4259,.F.);
#5149 = ADVANCED_FACE('',(#5150),#4328,.T.);
#5150 = FACE_BOUND('',#5151,.T.);
#5151 = EDGE_LOOP('',(#5152,#5175,#5203,#5224));
#5152 = ORIENTED_EDGE('',*,*,#5153,.F.);
#5153 = EDGE_CURVE('',#5154,#4312,#5156,.T.);
#5154 = VERTEX_POINT('',#5155);
#5155 = CARTESIAN_POINT('',(3.326E+03,-39.,1.41E+03));
#5156 = SURFACE_CURVE('',#5157,(#5161,#5168),.PCURVE_S1.);
#5157 = LINE('',#5158,#5159);
#5158 = CARTESIAN_POINT('',(3.326E+03,-39.,1.41E+03));
#5159 = VECTOR('',#5160,1.);
#5160 = DIRECTION('',(-0.,1.,0.));
#5161 = PCURVE('',#4328,#5162);
#5162 = DEFINITIONAL_REPRESENTATION('',(#5163),#5167);
#5163 = LINE('',#5164,#5165);
#5164 = CARTESIAN_POINT('',(0.,0.));
#5165 = VECTOR('',#5166,1.);
#5166 = DIRECTION('',(0.,1.));
#5167 = ( GEOMETRIC_REPRESENTATION_CONTEXT(2) 
PARAMETRIC_REPRESENTATION_CONTEXT() REPRESENTATION_CONTEXT('2D SPACE',''
  ) );
#5168 = PCURVE('',#4354,#5169);
#5169 = DEFINITIONAL_REPRESENTATION('',(#5170),#5174);
#5170 = LINE('',#5171,#5172);
#5171 = CARTESIAN_POINT('',(20.,0.));
#5172 = VECTOR('',#5173,1.);
#5173 = DIRECTION('',(0.,-1.));
#5174 = ( GEOMETRIC_REPRESENTATION_CONTEXT(2) 
PARAMETRIC_REPRESENTATION_CONTEXT() REPRESENTATION_CONTEXT('2D SPACE',''
  ) );
#5175 = ORIENTED_EDGE('',*,*,#5176,.T.);
#5176 = EDGE_CURVE('',#5154,#5177,#5179,.T.);
#5177 = VERTEX_POINT('',#5178);
#5178 = CARTESIAN_POINT('',(3.354E+03,-39.,1.41E+03));
#5179 = SURFACE_CURVE('',#5180,(#5184,#5191),.PCURVE_S1.);
#5180 = LINE('',#5181,#5182);
#5181 = CARTESIAN_POINT('',(3.326E+03,-39.,1.41E+03));
#5182 = VECTOR('',#5183,1.);
#5183 = DIRECTION('',(1.,0.,-0.));
#5184 = PCURVE('',#4328,#5185);
#5185 = DEFINITIONAL_REPRESENTATION('',(#5186),#5190);
#5186 = LINE('',#5187,#5188);
#5187 = CARTESIAN_POINT('',(0.,0.));
#5188 = VECTOR('',#5189,1.);
#5189 = DIRECTION('',(1.,0.));
#5190 = ( GEOMETRIC_REPRESENTATION_CONTEXT(2) 
PARAMETRIC_REPRESENTATION_CONTEXT() REPRESENTATION_CONTEXT('2D SPACE',''
  ) );
#5191 = PCURVE('',#5192,#5197);
#5192 = PLANE('',#5193);
#5193 = AXIS2_PLACEMENT_3D('',#5194,#5195,#5196);
#5194 = CARTESIAN_POINT('',(3.326E+03,-39.,1.39E+03));
#5195 = DIRECTION('',(-0.,1.,0.));
#5196 = DIRECTION('',(0.,0.,1.));
#5197 = DEFINITIONAL_REPRESENTATION('',(#5198),#5202);
#5198 = LINE('',#5199,#5200);
#5199 = CARTESIAN_POINT('',(20.,0.));
#5200 = VECTOR('',#5201,1.);
#5201 = DIRECTION('',(0.,1.));
#5202 = ( GEOMETRIC_REPRESENTATION_CONTEXT(2) 
PARAMETRIC_REPRESENTATION_CONTEXT() REPRESENTATION_CONTEXT('2D SPACE',''
  ) );
#5203 = ORIENTED_EDGE('',*,*,#5204,.T.);
#5204 = EDGE_CURVE('',#5177,#4314,#5205,.T.);
#5205 = SURFACE_CURVE('',#5206,(#5210,#5217),.PCURVE_S1.);
#5206 = LINE('',#5207,#5208);
#5207 = CARTESIAN_POINT('',(3.354E+03,-39.,1.41E+03));
#5208 = VECTOR('',#5209,1.);
#5209 = DIRECTION('',(-0.,1.,0.));
#5210 = PCURVE('',#4328,#5211);
#5211 = DEFINITIONAL_REPRESENTATION('',(#5212),#5216);
#5212 = LINE('',#5213,#5214);
#5213 = CARTESIAN_POINT('',(28.,0.));
#5214 = VECTOR('',#5215,1.);
#5215 = DIRECTION('',(0.,1.));
#5216 = ( GEOMETRIC_REPRESENTATION_CONTEXT(2) 
PARAMETRIC_REPRESENTATION_CONTEXT() REPRESENTATION_CONTEXT('2D SPACE',''
  ) );
#5217 = PCURVE('',#4404,#5218);
#5218 = DEFINITIONAL_REPRESENTATION('',(#5219),#5223);
#5219 = LINE('',#5220,#5221);
#5220 = CARTESIAN_POINT('',(20.,0.));
#5221 = VECTOR('',#5222,1.);
#5222 = DIRECTION('',(0.,-1.));
#5223 = ( GEOMETRIC_REPRESENTATION_CONTEXT(2) 
PARAMETRIC_REPRESENTATION_CONTEXT() REPRESENTATION_CONTEXT('2D SPACE',''
  ) );
#5224 = ORIENTED_EDGE('',*,*,#4311,.F.);
#5225 = ADVANCED_FACE('',(#5226),#4354,.F.);
#5226 = FACE_BOUND('',#5227,.F.);
#5227 = EDGE_LOOP('',(#5228,#5229,#5252,#5273));
#5228 = ORIENTED_EDGE('',*,*,#5153,.F.);
#5229 = ORIENTED_EDGE('',*,*,#5230,.F.);
#5230 = EDGE_CURVE('',#5231,#5154,#5233,.T.);
#5231 = VERTEX_POINT('',#5232);
#5232 = CARTESIAN_POINT('',(3.326E+03,-39.,1.39E+03));
#5233 = SURFACE_CURVE('',#5234,(#5238,#5245),.PCURVE_S1.);
#5234 = LINE('',#5235,#5236);
#5235 = CARTESIAN_POINT('',(3.326E+03,-39.,1.39E+03));
#5236 = VECTOR('',#5237,1.);
#5237 = DIRECTION('',(0.,0.,1.));
#5238 = PCURVE('',#4354,#5239);
#5239 = DEFINITIONAL_REPRESENTATION('',(#5240),#5244);
#5240 = LINE('',#5241,#5242);
#5241 = CARTESIAN_POINT('',(0.,0.));
#5242 = VECTOR('',#5243,1.);
#5243 = DIRECTION('',(1.,0.));
#5244 = ( GEOMETRIC_REPRESENTATION_CONTEXT(2) 
PARAMETRIC_REPRESENTATION_CONTEXT() REPRESENTATION_CONTEXT('2D SPACE',''
  ) );
#5245 = PCURVE('',#5192,#5246);
#5246 = DEFINITIONAL_REPRESENTATION('',(#5247),#5251);
#5247 = LINE('',#5248,#5249);
#5248 = CARTESIAN_POINT('',(0.,0.));
#5249 = VECTOR('',#5250,1.);
#5250 = DIRECTION('',(1.,0.));
#5251 = ( GEOMETRIC_REPRESENTATION_CONTEXT(2) 
PARAMETRIC_REPRESENTATION_CONTEXT() REPRESENTATION_CONTEXT('2D SPACE',''
  ) );
#5252 = ORIENTED_EDGE('',*,*,#5253,.T.);
#5253 = EDGE_CURVE('',#5231,#4340,#5254,.T.);
#5254 = SURFACE_CURVE('',#5255,(#5259,#5266),.PCURVE_S1.);
#5255 = LINE('',#5256,#5257);
#5256 = CARTESIAN_POINT('',(3.326E+03,-39.,1.39E+03));
#5257 = VECTOR('',#5258,1.);
#5258 = DIRECTION('',(-0.,1.,0.));
#5259 = PCURVE('',#4354,#5260);
#5260 = DEFINITIONAL_REPRESENTATION('',(#5261),#5265);
#5261 = LINE('',#5262,#5263);
#5262 = CARTESIAN_POINT('',(0.,0.));
#5263 = VECTOR('',#5264,1.);
#5264 = DIRECTION('',(0.,-1.));
#5265 = ( GEOMETRIC_REPRESENTATION_CONTEXT(2) 
PARAMETRIC_REPRESENTATION_CONTEXT() REPRESENTATION_CONTEXT('2D SPACE',''
  ) );
#5266 = PCURVE('',#4380,#5267);
#5267 = DEFINITIONAL_REPRESENTATION('',(#5268),#5272);
#5268 = LINE('',#5269,#5270);
#5269 = CARTESIAN_POINT('',(0.,0.));
#5270 = VECTOR('',#5271,1.);
#5271 = DIRECTION('',(0.,1.));
#5272 = ( GEOMETRIC_REPRESENTATION_CONTEXT(2) 
PARAMETRIC_REPRESENTATION_CONTEXT() REPRESENTATION_CONTEXT('2D SPACE',''
  ) );
#5273 = ORIENTED_EDGE('',*,*,#4339,.F.);
#5274 = ADVANCED_FACE('',(#5275),#4404,.T.);
#5275 = FACE_BOUND('',#5276,.T.);
#5276 = EDGE_LOOP('',(#5277,#5278,#5301,#5322));
#5277 = ORIENTED_EDGE('',*,*,#5204,.F.);
#5278 = ORIENTED_EDGE('',*,*,#5279,.F.);
#5279 = EDGE_CURVE('',#5280,#5177,#5282,.T.);
#5280 = VERTEX_POINT('',#5281);
#5281 = CARTESIAN_POINT('',(3.354E+03,-39.,1.39E+03));
#5282 = SURFACE_CURVE('',#5283,(#5287,#5294),.PCURVE_S1.);
#5283 = LINE('',#5284,#5285);
#5284 = CARTESIAN_POINT('',(3.354E+03,-39.,1.39E+03));
#5285 = VECTOR('',#5286,1.);
#5286 = DIRECTION('',(0.,0.,1.));
#5287 = PCURVE('',#4404,#5288);
#5288 = DEFINITIONAL_REPRESENTATION('',(#5289),#5293);
#5289 = LINE('',#5290,#5291);
#5290 = CARTESIAN_POINT('',(0.,0.));
#5291 = VECTOR('',#5292,1.);
#5292 = DIRECTION('',(1.,0.));
#5293 = ( GEOMETRIC_REPRESENTATION_CONTEXT(2) 
PARAMETRIC_REPRESENTATION_CONTEXT() REPRESENTATION_CONTEXT('2D SPACE',''
  ) );
#5294 = PCURVE('',#5192,#5295);
#5295 = DEFINITIONAL_REPRESENTATION('',(#5296),#5300);
#5296 = LINE('',#5297,#5298);
#5297 = CARTESIAN_POINT('',(0.,28.));
#5298 = VECTOR('',#5299,1.);
#5299 = DIRECTION('',(1.,0.));
#5300 = ( GEOMETRIC_REPRESENTATION_CONTEXT(2) 
PARAMETRIC_REPRESENTATION_CONTEXT() REPRESENTATION_CONTEXT('2D SPACE',''
  ) );
#5301 = ORIENTED_EDGE('',*,*,#5302,.T.);
#5302 = EDGE_CURVE('',#5280,#4366,#5303,.T.);
#5303 = SURFACE_CURVE('',#5304,(#5308,#5315),.PCURVE_S1.);
#5304 = LINE('',#5305,#5306);
#5305 = CARTESIAN_POINT('',(3.354E+03,-39.,1.39E+03));
#5306 = VECTOR('',#5307,1.);
#5307 = DIRECTION('',(-0.,1.,0.));
#5308 = PCURVE('',#4404,#5309);
#5309 = DEFINITIONAL_REPRESENTATION('',(#5310),#5314);
#5310 = LINE('',#5311,#5312);
#5311 = CARTESIAN_POINT('',(0.,0.));
#5312 = VECTOR('',#5313,1.);
#5313 = DIRECTION('',(0.,-1.));
#5314 = ( GEOMETRIC_REPRESENTATION_CONTEXT(2) 
PARAMETRIC_REPRESENTATION_CONTEXT() REPRESENTATION_CONTEXT('2D SPACE',''
  ) );
#5315 = PCURVE('',#4380,#5316);
#5316 = DEFINITIONAL_REPRESENTATION('',(#5317),#5321);
#5317 = LINE('',#5318,#5319);
#5318 = CARTESIAN_POINT('',(28.,0.));
#5319 = VECTOR('',#5320,1.);
#5320 = DIRECTION('',(0.,1.));
#5321 = ( GEOMETRIC_REPRESENTATION_CONTEXT(2) 
PARAMETRIC_REPRESENTATION_CONTEXT() REPRESENTATION_CONTEXT('2D SPACE',''
  ) );
#5322 = ORIENTED_EDGE('',*,*,#4391,.F.);
#5323 = ADVANCED_FACE('',(#5324),#4380,.F.);
#5324 = FACE_BOUND('',#5325,.F.);
#5325 = EDGE_LOOP('',(#5326,#5327,#5348,#5349));
#5326 = ORIENTED_EDGE('',*,*,#5253,.F.);
#5327 = ORIENTED_EDGE('',*,*,#5328,.T.);
#5328 = EDGE_CURVE('',#5231,#5280,#5329,.T.);
#5329 = SURFACE_CURVE('',#5330,(#5334,#5341),.PCURVE_S1.);
#5330 = LINE('',#5331,#5332);
#5331 = CARTESIAN_POINT('',(3.326E+03,-39.,1.39E+03));
#5332 = VECTOR('',#5333,1.);
#5333 = DIRECTION('',(1.,0.,-0.));
#5334 = PCURVE('',#4380,#5335);
#5335 = DEFINITIONAL_REPRESENTATION('',(#5336),#5340);
#5336 = LINE('',#5337,#5338);
#5337 = CARTESIAN_POINT('',(0.,0.));
#5338 = VECTOR('',#5339,1.);
#5339 = DIRECTION('',(1.,0.));
#5340 = ( GEOMETRIC_REPRESENTATION_CONTEXT(2) 
PARAMETRIC_REPRESENTATION_CONTEXT() REPRESENTATION_CONTEXT('2D SPACE',''
  ) );
#5341 = PCURVE('',#5192,#5342);
#5342 = DEFINITIONAL_REPRESENTATION('',(#5343),#5347);
#5343 = LINE('',#5344,#5345);
#5344 = CARTESIAN_POINT('',(0.,0.));
#5345 = VECTOR('',#5346,1.);
#5346 = DIRECTION('',(0.,1.));
#5347 = ( GEOMETRIC_REPRESENTATION_CONTEXT(2) 
PARAMETRIC_REPRESENTATION_CONTEXT() REPRESENTATION_CONTEXT('2D SPACE',''
  ) );
#5348 = ORIENTED_EDGE('',*,*,#5302,.T.);
#5349 = ORIENTED_EDGE('',*,*,#4365,.F.);
#5350 = ADVANCED_FACE('',(#5351),#4589,.F.);
#5351 = FACE_BOUND('',#5352,.F.);
#5352 = EDGE_LOOP('',(#5353,#5354,#5355,#5356));
#5353 = ORIENTED_EDGE('',*,*,#4725,.F.);
#5354 = ORIENTED_EDGE('',*,*,#4627,.T.);
#5355 = ORIENTED_EDGE('',*,*,#4573,.T.);
#5356 = ORIENTED_EDGE('',*,*,#4676,.F.);
#5357 = ADVANCED_FACE('',(#5358),#4790,.F.);
#5358 = FACE_BOUND('',#5359,.F.);
#5359 = EDGE_LOOP('',(#5360,#5361,#5362,#5363));
#5360 = ORIENTED_EDGE('',*,*,#4899,.F.);
#5361 = ORIENTED_EDGE('',*,*,#4926,.T.);
#5362 = ORIENTED_EDGE('',*,*,#4774,.T.);
#5363 = ORIENTED_EDGE('',*,*,#4828,.F.);
#5364 = ADVANCED_FACE('',(#5365),#4991,.F.);
#5365 = FACE_BOUND('',#5366,.F.);
#5366 = EDGE_LOOP('',(#5367,#5368,#5369,#5370));
#5367 = ORIENTED_EDGE('',*,*,#5127,.F.);
#5368 = ORIENTED_EDGE('',*,*,#5029,.T.);
#5369 = ORIENTED_EDGE('',*,*,#4975,.T.);
#5370 = ORIENTED_EDGE('',*,*,#5078,.F.);
#5371 = ADVANCED_FACE('',(#5372),#5192,.F.);
#5372 = FACE_BOUND('',#5373,.F.);
#5373 = EDGE_LOOP('',(#5374,#5375,#5376,#5377));
#5374 = ORIENTED_EDGE('',*,*,#5328,.F.);
#5375 = ORIENTED_EDGE('',*,*,#5230,.T.);
#5376 = ORIENTED_EDGE('',*,*,#5176,.T.);
#5377 = ORIENTED_EDGE('',*,*,#5279,.F.);
#5378 = ( GEOMETRIC_REPRESENTATION_CONTEXT(3) 
GLOBAL_UNCERTAINTY_ASSIGNED_CONTEXT((#5382)) 
GLOBAL_UNIT_ASSIGNED_CONTEXT((#5379,#5380,#5381)) REPRESENTATION_CONTEXT
('Context #1','3D Context with UNIT and UNCERTAINTY') );
#5379 = ( LENGTH_UNIT() NAMED_UNIT(*) SI_UNIT(.MILLI.,.METRE.) );
#5380 = ( NAMED_UNIT(*) PLANE_ANGLE_UNIT() SI_UNIT($,.RADIAN.) );
#5381 = ( NAMED_UNIT(*) SI_UNIT($,.STERADIAN.) SOLID_ANGLE_UNIT() );
#5382 = UNCERTAINTY_MEASURE_WITH_UNIT(LENGTH_MEASURE(2.E-07),#5379,
  'distance_accuracy_value','confusion accuracy');
#5383 = CONTEXT_DEPENDENT_SHAPE_REPRESENTATION(#5384,#5386);
#5384 = ( REPRESENTATION_RELATIONSHIP('','',#3791,#10) 
REPRESENTATION_RELATIONSHIP_WITH_TRANSFORMATION(#5385) 
SHAPE_REPRESENTATION_RELATIONSHIP() );
#5385 = ITEM_DEFINED_TRANSFORMATION('','',#11,#35);
#5386 = PRODUCT_DEFINITION_SHAPE('Placement','Placement of an item',
  #5387);
#5387 = NEXT_ASSEMBLY_USAGE_OCCURRENCE('6','=>[0:1:1:7]','',#5,#3786,$);
#5388 = PRODUCT_RELATED_PRODUCT_CATEGORY('part',$,(#3788));
#5389 = SHAPE_DEFINITION_REPRESENTATION(#5390,#5396);
#5390 = PRODUCT_DEFINITION_SHAPE('','',#5391);
#5391 = PRODUCT_DEFINITION('design','',#5392,#5395);
#5392 = PRODUCT_DEFINITION_FORMATION('','',#5393);
#5393 = PRODUCT('COMPOUND','COMPOUND','',(#5394));
#5394 = PRODUCT_CONTEXT('',#2,'mechanical');
#5395 = PRODUCT_DEFINITION_CONTEXT('part definition',#2,'design');
#5396 = ADVANCED_BREP_SHAPE_REPRESENTATION('',(#11,#5397),#6559);
#5397 = MANIFOLD_SOLID_BREP('',#5398);
#5398 = CLOSED_SHELL('',(#5399,#5519,#5893,#5942,#5991,#6018,#6025,#6080
    ,#6156,#6205,#6254,#6281,#6336,#6412,#6461,#6510,#6537,#6541,#6548,
    #6552));
#5399 = ADVANCED_FACE('',(#5400),#5414,.F.);
#5400 = FACE_BOUND('',#5401,.F.);
#5401 = EDGE_LOOP('',(#5402,#5437,#5465,#5493));
#5402 = ORIENTED_EDGE('',*,*,#5403,.F.);
#5403 = EDGE_CURVE('',#5404,#5406,#5408,.T.);
#5404 = VERTEX_POINT('',#5405);
#5405 = CARTESIAN_POINT('',(3.2E+03,-94.,1.225E+03));
#5406 = VERTEX_POINT('',#5407);
#5407 = CARTESIAN_POINT('',(3.2E+03,-94.,1.475E+03));
#5408 = SURFACE_CURVE('',#5409,(#5413,#5425),.PCURVE_S1.);
#5409 = LINE('',#5410,#5411);
#5410 = CARTESIAN_POINT('',(3.2E+03,-94.,1.225E+03));
#5411 = VECTOR('',#5412,1.);
#5412 = DIRECTION('',(0.,0.,1.));
#5413 = PCURVE('',#5414,#5419);
#5414 = PLANE('',#5415);
#5415 = AXIS2_PLACEMENT_3D('',#5416,#5417,#5418);
#5416 = CARTESIAN_POINT('',(3.2E+03,-94.,1.225E+03));
#5417 = DIRECTION('',(1.,0.,-0.));
#5418 = DIRECTION('',(0.,0.,1.));
#5419 = DEFINITIONAL_REPRESENTATION('',(#5420),#5424);
#5420 = LINE('',#5421,#5422);
#5421 = CARTESIAN_POINT('',(0.,0.));
#5422 = VECTOR('',#5423,1.);
#5423 = DIRECTION('',(1.,0.));
#5424 = ( GEOMETRIC_REPRESENTATION_CONTEXT(2) 
PARAMETRIC_REPRESENTATION_CONTEXT() REPRESENTATION_CONTEXT('2D SPACE',''
  ) );
#5425 = PCURVE('',#5426,#5431);
#5426 = PLANE('',#5427);
#5427 = AXIS2_PLACEMENT_3D('',#5428,#5429,#5430);
#5428 = CARTESIAN_POINT('',(3.2E+03,-94.,1.225E+03));
#5429 = DIRECTION('',(-0.,1.,0.));
#5430 = DIRECTION('',(0.,0.,1.));
#5431 = DEFINITIONAL_REPRESENTATION('',(#5432),#5436);
#5432 = LINE('',#5433,#5434);
#5433 = CARTESIAN_POINT('',(0.,0.));
#5434 = VECTOR('',#5435,1.);
#5435 = DIRECTION('',(1.,0.));
#5436 = ( GEOMETRIC_REPRESENTATION_CONTEXT(2) 
PARAMETRIC_REPRESENTATION_CONTEXT() REPRESENTATION_CONTEXT('2D SPACE',''
  ) );
#5437 = ORIENTED_EDGE('',*,*,#5438,.T.);
#5438 = EDGE_CURVE('',#5404,#5439,#5441,.T.);
#5439 = VERTEX_POINT('',#5440);
#5440 = CARTESIAN_POINT('',(3.2E+03,-90.,1.225E+03));
#5441 = SURFACE_CURVE('',#5442,(#5446,#5453),.PCURVE_S1.);
#5442 = LINE('',#5443,#5444);
#5443 = CARTESIAN_POINT('',(3.2E+03,-94.,1.225E+03));
#5444 = VECTOR('',#5445,1.);
#5445 = DIRECTION('',(-0.,1.,0.));
#5446 = PCURVE('',#5414,#5447);
#5447 = DEFINITIONAL_REPRESENTATION('',(#5448),#5452);
#5448 = LINE('',#5449,#5450);
#5449 = CARTESIAN_POINT('',(0.,0.));
#5450 = VECTOR('',#5451,1.);
#5451 = DIRECTION('',(0.,-1.));
#5452 = ( GEOMETRIC_REPRESENTATION_CONTEXT(2) 
PARAMETRIC_REPRESENTATION_CONTEXT() REPRESENTATION_CONTEXT('2D SPACE',''
  ) );
#5453 = PCURVE('',#5454,#5459);
#5454 = PLANE('',#5455);
#5455 = AXIS2_PLACEMENT_3D('',#5456,#5457,#5458);
#5456 = CARTESIAN_POINT('',(3.2E+03,-94.,1.225E+03));
#5457 = DIRECTION('',(0.,0.,1.));
#5458 = DIRECTION('',(1.,0.,-0.));
#5459 = DEFINITIONAL_REPRESENTATION('',(#5460),#5464);
#5460 = LINE('',#5461,#5462);
#5461 = CARTESIAN_POINT('',(0.,0.));
#5462 = VECTOR('',#5463,1.);
#5463 = DIRECTION('',(0.,1.));
#5464 = ( GEOMETRIC_REPRESENTATION_CONTEXT(2) 
PARAMETRIC_REPRESENTATION_CONTEXT() REPRESENTATION_CONTEXT('2D SPACE',''
  ) );
#5465 = ORIENTED_EDGE('',*,*,#5466,.T.);
#5466 = EDGE_CURVE('',#5439,#5467,#5469,.T.);
#5467 = VERTEX_POINT('',#5468);
#5468 = CARTESIAN_POINT('',(3.2E+03,-90.,1.475E+03));
#5469 = SURFACE_CURVE('',#5470,(#5474,#5481),.PCURVE_S1.);
#5470 = LINE('',#5471,#5472);
#5471 = CARTESIAN_POINT('',(3.2E+03,-90.,1.225E+03));
#5472 = VECTOR('',#5473,1.);
#5473 = DIRECTION('',(0.,0.,1.));
#5474 = PCURVE('',#5414,#5475);
#5475 = DEFINITIONAL_REPRESENTATION('',(#5476),#5480);
#5476 = LINE('',#5477,#5478);
#5477 = CARTESIAN_POINT('',(0.,-4.));
#5478 = VECTOR('',#5479,1.);
#5479 = DIRECTION('',(1.,0.));
#5480 = ( GEOMETRIC_REPRESENTATION_CONTEXT(2) 
PARAMETRIC_REPRESENTATION_CONTEXT() REPRESENTATION_CONTEXT('2D SPACE',''
  ) );
#5481 = PCURVE('',#5482,#5487);
#5482 = PLANE('',#5483);
#5483 = AXIS2_PLACEMENT_3D('',#5484,#5485,#5486);
#5484 = CARTESIAN_POINT('',(3.2E+03,-90.,1.225E+03));
#5485 = DIRECTION('',(-0.,1.,0.));
#5486 = DIRECTION('',(0.,0.,1.));
#5487 = DEFINITIONAL_REPRESENTATION('',(#5488),#5492);
#5488 = LINE('',#5489,#5490);
#5489 = CARTESIAN_POINT('',(0.,0.));
#5490 = VECTOR('',#5491,1.);
#5491 = DIRECTION('',(1.,0.));
#5492 = ( GEOMETRIC_REPRESENTATION_CONTEXT(2) 
PARAMETRIC_REPRESENTATION_CONTEXT() REPRESENTATION_CONTEXT('2D SPACE',''
  ) );
#5493 = ORIENTED_EDGE('',*,*,#5494,.F.);
#5494 = EDGE_CURVE('',#5406,#5467,#5495,.T.);
#5495 = SURFACE_CURVE('',#5496,(#5500,#5507),.PCURVE_S1.);
#5496 = LINE('',#5497,#5498);
#5497 = CARTESIAN_POINT('',(3.2E+03,-94.,1.475E+03));
#5498 = VECTOR('',#5499,1.);
#5499 = DIRECTION('',(-0.,1.,0.));
#5500 = PCURVE('',#5414,#5501);
#5501 = DEFINITIONAL_REPRESENTATION('',(#5502),#5506);
#5502 = LINE('',#5503,#5504);
#5503 = CARTESIAN_POINT('',(250.,0.));
#5504 = VECTOR('',#5505,1.);
#5505 = DIRECTION('',(0.,-1.));
#5506 = ( GEOMETRIC_REPRESENTATION_CONTEXT(2) 
PARAMETRIC_REPRESENTATION_CONTEXT() REPRESENTATION_CONTEXT('2D SPACE',''
  ) );
#5507 = PCURVE('',#5508,#5513);
#5508 = PLANE('',#5509);
#5509 = AXIS2_PLACEMENT_3D('',#5510,#5511,#5512);
#5510 = CARTESIAN_POINT('',(3.2E+03,-94.,1.475E+03));
#5511 = DIRECTION('',(0.,0.,1.));
#5512 = DIRECTION('',(1.,0.,-0.));
#5513 = DEFINITIONAL_REPRESENTATION('',(#5514),#5518);
#5514 = LINE('',#5515,#5516);
#5515 = CARTESIAN_POINT('',(0.,0.));
#5516 = VECTOR('',#5517,1.);
#5517 = DIRECTION('',(0.,1.));
#5518 = ( GEOMETRIC_REPRESENTATION_CONTEXT(2) 
PARAMETRIC_REPRESENTATION_CONTEXT() REPRESENTATION_CONTEXT('2D SPACE',''
  ) );
#5519 = ADVANCED_FACE('',(#5520,#5595,#5630,#5744,#5779),#5426,.F.);
#5520 = FACE_BOUND('',#5521,.F.);
#5521 = EDGE_LOOP('',(#5522,#5545,#5546,#5569));
#5522 = ORIENTED_EDGE('',*,*,#5523,.F.);
#5523 = EDGE_CURVE('',#5404,#5524,#5526,.T.);
#5524 = VERTEX_POINT('',#5525);
#5525 = CARTESIAN_POINT('',(3.4E+03,-94.,1.225E+03));
#5526 = SURFACE_CURVE('',#5527,(#5531,#5538),.PCURVE_S1.);
#5527 = LINE('',#5528,#5529);
#5528 = CARTESIAN_POINT('',(3.2E+03,-94.,1.225E+03));
#5529 = VECTOR('',#5530,1.);
#5530 = DIRECTION('',(1.,0.,-0.));
#5531 = PCURVE('',#5426,#5532);
#5532 = DEFINITIONAL_REPRESENTATION('',(#5533),#5537);
#5533 = LINE('',#5534,#5535);
#5534 = CARTESIAN_POINT('',(0.,0.));
#5535 = VECTOR('',#5536,1.);
#5536 = DIRECTION('',(0.,1.));
#5537 = ( GEOMETRIC_REPRESENTATION_CONTEXT(2) 
PARAMETRIC_REPRESENTATION_CONTEXT() REPRESENTATION_CONTEXT('2D SPACE',''
  ) );
#5538 = PCURVE('',#5454,#5539);
#5539 = DEFINITIONAL_REPRESENTATION('',(#5540),#5544);
#5540 = LINE('',#5541,#5542);
#5541 = CARTESIAN_POINT('',(0.,0.));
#5542 = VECTOR('',#5543,1.);
#5543 = DIRECTION('',(1.,0.));
#5544 = ( GEOMETRIC_REPRESENTATION_CONTEXT(2) 
PARAMETRIC_REPRESENTATION_CONTEXT() REPRESENTATION_CONTEXT('2D SPACE',''
  ) );
#5545 = ORIENTED_EDGE('',*,*,#5403,.T.);
#5546 = ORIENTED_EDGE('',*,*,#5547,.T.);
#5547 = EDGE_CURVE('',#5406,#5548,#5550,.T.);
#5548 = VERTEX_POINT('',#5549);
#5549 = CARTESIAN_POINT('',(3.4E+03,-94.,1.475E+03));
#5550 = SURFACE_CURVE('',#5551,(#5555,#5562),.PCURVE_S1.);
#5551 = LINE('',#5552,#5553);
#5552 = CARTESIAN_POINT('',(3.2E+03,-94.,1.475E+03));
#5553 = VECTOR('',#5554,1.);
#5554 = DIRECTION('',(1.,0.,-0.));
#5555 = PCURVE('',#5426,#5556);
#5556 = DEFINITIONAL_REPRESENTATION('',(#5557),#5561);
#5557 = LINE('',#5558,#5559);
#5558 = CARTESIAN_POINT('',(250.,0.));
#5559 = VECTOR('',#5560,1.);
#5560 = DIRECTION('',(0.,1.));
#5561 = ( GEOMETRIC_REPRESENTATION_CONTEXT(2) 
PARAMETRIC_REPRESENTATION_CONTEXT() REPRESENTATION_CONTEXT('2D SPACE',''
  ) );
#5562 = PCURVE('',#5508,#5563);
#5563 = DEFINITIONAL_REPRESENTATION('',(#5564),#5568);
#5564 = LINE('',#5565,#5566);
#5565 = CARTESIAN_POINT('',(0.,0.));
#5566 = VECTOR('',#5567,1.);
#5567 = DIRECTION('',(1.,0.));
#5568 = ( GEOMETRIC_REPRESENTATION_CONTEXT(2) 
PARAMETRIC_REPRESENTATION_CONTEXT() REPRESENTATION_CONTEXT('2D SPACE',''
  ) );
#5569 = ORIENTED_EDGE('',*,*,#5570,.F.);
#5570 = EDGE_CURVE('',#5524,#5548,#5571,.T.);
#5571 = SURFACE_CURVE('',#5572,(#5576,#5583),.PCURVE_S1.);
#5572 = LINE('',#5573,#5574);
#5573 = CARTESIAN_POINT('',(3.4E+03,-94.,1.225E+03));
#5574 = VECTOR('',#5575,1.);
#5575 = DIRECTION('',(0.,0.,1.));
#5576 = PCURVE('',#5426,#5577);
#5577 = DEFINITIONAL_REPRESENTATION('',(#5578),#5582);
#5578 = LINE('',#5579,#5580);
#5579 = CARTESIAN_POINT('',(0.,200.));
#5580 = VECTOR('',#5581,1.);
#5581 = DIRECTION('',(1.,0.));
#5582 = ( GEOMETRIC_REPRESENTATION_CONTEXT(2) 
PARAMETRIC_REPRESENTATION_CONTEXT() REPRESENTATION_CONTEXT('2D SPACE',''
  ) );
#5583 = PCURVE('',#5584,#5589);
#5584 = PLANE('',#5585);
#5585 = AXIS2_PLACEMENT_3D('',#5586,#5587,#5588);
#5586 = CARTESIAN_POINT('',(3.4E+03,-94.,1.225E+03));
#5587 = DIRECTION('',(1.,0.,-0.));
#5588 = DIRECTION('',(0.,0.,1.));
#5589 = DEFINITIONAL_REPRESENTATION('',(#5590),#5594);
#5590 = LINE('',#5591,#5592);
#5591 = CARTESIAN_POINT('',(0.,0.));
#5592 = VECTOR('',#5593,1.);
#5593 = DIRECTION('',(1.,0.));
#5594 = ( GEOMETRIC_REPRESENTATION_CONTEXT(2) 
PARAMETRIC_REPRESENTATION_CONTEXT() REPRESENTATION_CONTEXT('2D SPACE',''
  ) );
#5595 = FACE_BOUND('',#5596,.F.);
#5596 = EDGE_LOOP('',(#5597));
#5597 = ORIENTED_EDGE('',*,*,#5598,.T.);
#5598 = EDGE_CURVE('',#5599,#5599,#5601,.T.);
#5599 = VERTEX_POINT('',#5600);
#5600 = CARTESIAN_POINT('',(3.262E+03,-94.,1.31E+03));
#5601 = SURFACE_CURVE('',#5602,(#5607,#5618),.PCURVE_S1.);
#5602 = CIRCLE('',#5603,12.);
#5603 = AXIS2_PLACEMENT_3D('',#5604,#5605,#5606);
#5604 = CARTESIAN_POINT('',(3.25E+03,-94.,1.31E+03));
#5605 = DIRECTION('',(0.,-1.,2.22044604925E-16));
#5606 = DIRECTION('',(1.,0.,0.));
#5607 = PCURVE('',#5426,#5608);
#5608 = DEFINITIONAL_REPRESENTATION('',(#5609),#5617);
#5609 = ( BOUNDED_CURVE() B_SPLINE_CURVE(2,(#5610,#5611,#5612,#5613,
#5614,#5615,#5616),.UNSPECIFIED.,.T.,.F.) B_SPLINE_CURVE_WITH_KNOTS((1,2
    ,2,2,2,1),(-2.094395102393,0.,2.094395102393,4.188790204786,
6.28318530718,8.377580409573),.UNSPECIFIED.) CURVE() 
GEOMETRIC_REPRESENTATION_ITEM() RATIONAL_B_SPLINE_CURVE((1.,0.5,1.,0.5,
1.,0.5,1.)) REPRESENTATION_ITEM('') );
#5610 = CARTESIAN_POINT('',(85.,62.));
#5611 = CARTESIAN_POINT('',(105.78460969082,62.));
#5612 = CARTESIAN_POINT('',(95.392304845413,44.));
#5613 = CARTESIAN_POINT('',(85.,26.));
#5614 = CARTESIAN_POINT('',(74.607695154587,44.));
#5615 = CARTESIAN_POINT('',(64.215390309173,62.));
#5616 = CARTESIAN_POINT('',(85.,62.));
#5617 = ( GEOMETRIC_REPRESENTATION_CONTEXT(2) 
PARAMETRIC_REPRESENTATION_CONTEXT() REPRESENTATION_CONTEXT('2D SPACE',''
  ) );
#5618 = PCURVE('',#5619,#5624);
#5619 = CYLINDRICAL_SURFACE('',#5620,12.);
#5620 = AXIS2_PLACEMENT_3D('',#5621,#5622,#5623);
#5621 = CARTESIAN_POINT('',(3.25E+03,-94.,1.31E+03));
#5622 = DIRECTION('',(0.,-1.,2.22044604925E-16));
#5623 = DIRECTION('',(1.,0.,0.));
#5624 = DEFINITIONAL_REPRESENTATION('',(#5625),#5629);
#5625 = LINE('',#5626,#5627);
#5626 = CARTESIAN_POINT('',(0.,0.));
#5627 = VECTOR('',#5628,1.);
#5628 = DIRECTION('',(1.,0.));
#5629 = ( GEOMETRIC_REPRESENTATION_CONTEXT(2) 
PARAMETRIC_REPRESENTATION_CONTEXT() REPRESENTATION_CONTEXT('2D SPACE',''
  ) );
#5630 = FACE_BOUND('',#5631,.F.);
#5631 = EDGE_LOOP('',(#5632,#5662,#5690,#5718));
#5632 = ORIENTED_EDGE('',*,*,#5633,.F.);
#5633 = EDGE_CURVE('',#5634,#5636,#5638,.T.);
#5634 = VERTEX_POINT('',#5635);
#5635 = CARTESIAN_POINT('',(3.255E+03,-94.,1.4325E+03));
#5636 = VERTEX_POINT('',#5637);
#5637 = CARTESIAN_POINT('',(3.345E+03,-94.,1.4325E+03));
#5638 = SURFACE_CURVE('',#5639,(#5643,#5650),.PCURVE_S1.);
#5639 = LINE('',#5640,#5641);
#5640 = CARTESIAN_POINT('',(3.255E+03,-94.,1.4325E+03));
#5641 = VECTOR('',#5642,1.);
#5642 = DIRECTION('',(1.,0.,-0.));
#5643 = PCURVE('',#5426,#5644);
#5644 = DEFINITIONAL_REPRESENTATION('',(#5645),#5649);
#5645 = LINE('',#5646,#5647);
#5646 = CARTESIAN_POINT('',(207.5,55.));
#5647 = VECTOR('',#5648,1.);
#5648 = DIRECTION('',(0.,1.));
#5649 = ( GEOMETRIC_REPRESENTATION_CONTEXT(2) 
PARAMETRIC_REPRESENTATION_CONTEXT() REPRESENTATION_CONTEXT('2D SPACE',''
  ) );
#5650 = PCURVE('',#5651,#5656);
#5651 = PLANE('',#5652);
#5652 = AXIS2_PLACEMENT_3D('',#5653,#5654,#5655);
#5653 = CARTESIAN_POINT('',(3.255E+03,-98.,1.4325E+03));
#5654 = DIRECTION('',(0.,0.,1.));
#5655 = DIRECTION('',(1.,0.,-0.));
#5656 = DEFINITIONAL_REPRESENTATION('',(#5657),#5661);
#5657 = LINE('',#5658,#5659);
#5658 = CARTESIAN_POINT('',(0.,4.));
#5659 = VECTOR('',#5660,1.);
#5660 = DIRECTION('',(1.,0.));
#5661 = ( GEOMETRIC_REPRESENTATION_CONTEXT(2) 
PARAMETRIC_REPRESENTATION_CONTEXT() REPRESENTATION_CONTEXT('2D SPACE',''
  ) );
#5662 = ORIENTED_EDGE('',*,*,#5663,.F.);
#5663 = EDGE_CURVE('',#5664,#5634,#5666,.T.);
#5664 = VERTEX_POINT('',#5665);
#5665 = CARTESIAN_POINT('',(3.255E+03,-94.,1.3875E+03));
#5666 = SURFACE_CURVE('',#5667,(#5671,#5678),.PCURVE_S1.);
#5667 = LINE('',#5668,#5669);
#5668 = CARTESIAN_POINT('',(3.255E+03,-94.,1.3875E+03));
#5669 = VECTOR('',#5670,1.);
#5670 = DIRECTION('',(0.,0.,1.));
#5671 = PCURVE('',#5426,#5672);
#5672 = DEFINITIONAL_REPRESENTATION('',(#5673),#5677);
#5673 = LINE('',#5674,#5675);
#5674 = CARTESIAN_POINT('',(162.5,55.));
#5675 = VECTOR('',#5676,1.);
#5676 = DIRECTION('',(1.,0.));
#5677 = ( GEOMETRIC_REPRESENTATION_CONTEXT(2) 
PARAMETRIC_REPRESENTATION_CONTEXT() REPRESENTATION_CONTEXT('2D SPACE',''
  ) );
#5678 = PCURVE('',#5679,#5684);
#5679 = PLANE('',#5680);
#5680 = AXIS2_PLACEMENT_3D('',#5681,#5682,#5683);
#5681 = CARTESIAN_POINT('',(3.255E+03,-98.,1.3875E+03));
#5682 = DIRECTION('',(1.,0.,-0.));
#5683 = DIRECTION('',(0.,0.,1.));
#5684 = DEFINITIONAL_REPRESENTATION('',(#5685),#5689);
#5685 = LINE('',#5686,#5687);
#5686 = CARTESIAN_POINT('',(0.,-4.));
#5687 = VECTOR('',#5688,1.);
#5688 = DIRECTION('',(1.,0.));
#5689 = ( GEOMETRIC_REPRESENTATION_CONTEXT(2) 
PARAMETRIC_REPRESENTATION_CONTEXT() REPRESENTATION_CONTEXT('2D SPACE',''
  ) );
#5690 = ORIENTED_EDGE('',*,*,#5691,.T.);
#5691 = EDGE_CURVE('',#5664,#5692,#5694,.T.);
#5692 = VERTEX_POINT('',#5693);
#5693 = CARTESIAN_POINT('',(3.345E+03,-94.,1.3875E+03));
#5694 = SURFACE_CURVE('',#5695,(#5699,#5706),.PCURVE_S1.);
#5695 = LINE('',#5696,#5697);
#5696 = CARTESIAN_POINT('',(3.255E+03,-94.,1.3875E+03));
#5697 = VECTOR('',#5698,1.);
#5698 = DIRECTION('',(1.,0.,-0.));
#5699 = PCURVE('',#5426,#5700);
#5700 = DEFINITIONAL_REPRESENTATION('',(#5701),#5705);
#5701 = LINE('',#5702,#5703);
#5702 = CARTESIAN_POINT('',(162.5,55.));
#5703 = VECTOR('',#5704,1.);
#5704 = DIRECTION('',(0.,1.));
#5705 = ( GEOMETRIC_REPRESENTATION_CONTEXT(2) 
PARAMETRIC_REPRESENTATION_CONTEXT() REPRESENTATION_CONTEXT('2D SPACE',''
  ) );
#5706 = PCURVE('',#5707,#5712);
#5707 = PLANE('',#5708);
#5708 = AXIS2_PLACEMENT_3D('',#5709,#5710,#5711);
#5709 = CARTESIAN_POINT('',(3.255E+03,-98.,1.3875E+03));
#5710 = DIRECTION('',(0.,0.,1.));
#5711 = DIRECTION('',(1.,0.,-0.));
#5712 = DEFINITIONAL_REPRESENTATION('',(#5713),#5717);
#5713 = LINE('',#5714,#5715);
#5714 = CARTESIAN_POINT('',(0.,4.));
#5715 = VECTOR('',#5716,1.);
#5716 = DIRECTION('',(1.,0.));
#5717 = ( GEOMETRIC_REPRESENTATION_CONTEXT(2) 
PARAMETRIC_REPRESENTATION_CONTEXT() REPRESENTATION_CONTEXT('2D SPACE',''
  ) );
#5718 = ORIENTED_EDGE('',*,*,#5719,.T.);
#5719 = EDGE_CURVE('',#5692,#5636,#5720,.T.);
#5720 = SURFACE_CURVE('',#5721,(#5725,#5732),.PCURVE_S1.);
#5721 = LINE('',#5722,#5723);
#5722 = CARTESIAN_POINT('',(3.345E+03,-94.,1.3875E+03));
#5723 = VECTOR('',#5724,1.);
#5724 = DIRECTION('',(0.,0.,1.));
#5725 = PCURVE('',#5426,#5726);
#5726 = DEFINITIONAL_REPRESENTATION('',(#5727),#5731);
#5727 = LINE('',#5728,#5729);
#5728 = CARTESIAN_POINT('',(162.5,145.));
#5729 = VECTOR('',#5730,1.);
#5730 = DIRECTION('',(1.,0.));
#5731 = ( GEOMETRIC_REPRESENTATION_CONTEXT(2) 
PARAMETRIC_REPRESENTATION_CONTEXT() REPRESENTATION_CONTEXT('2D SPACE',''
  ) );
#5732 = PCURVE('',#5733,#5738);
#5733 = PLANE('',#5734);
#5734 = AXIS2_PLACEMENT_3D('',#5735,#5736,#5737);
#5735 = CARTESIAN_POINT('',(3.345E+03,-98.,1.3875E+03));
#5736 = DIRECTION('',(1.,0.,-0.));
#5737 = DIRECTION('',(0.,0.,1.));
#5738 = DEFINITIONAL_REPRESENTATION('',(#5739),#5743);
#5739 = LINE('',#5740,#5741);
#5740 = CARTESIAN_POINT('',(0.,-4.));
#5741 = VECTOR('',#5742,1.);
#5742 = DIRECTION('',(1.,0.));
#5743 = ( GEOMETRIC_REPRESENTATION_CONTEXT(2) 
PARAMETRIC_REPRESENTATION_CONTEXT() REPRESENTATION_CONTEXT('2D SPACE',''
  ) );
#5744 = FACE_BOUND('',#5745,.F.);
#5745 = EDGE_LOOP('',(#5746));
#5746 = ORIENTED_EDGE('',*,*,#5747,.T.);
#5747 = EDGE_CURVE('',#5748,#5748,#5750,.T.);
#5748 = VERTEX_POINT('',#5749);
#5749 = CARTESIAN_POINT('',(3.319E+03,-94.,1.31E+03));
#5750 = SURFACE_CURVE('',#5751,(#5756,#5767),.PCURVE_S1.);
#5751 = CIRCLE('',#5752,9.);
#5752 = AXIS2_PLACEMENT_3D('',#5753,#5754,#5755);
#5753 = CARTESIAN_POINT('',(3.31E+03,-94.,1.31E+03));
#5754 = DIRECTION('',(0.,-1.,2.22044604925E-16));
#5755 = DIRECTION('',(1.,0.,0.));
#5756 = PCURVE('',#5426,#5757);
#5757 = DEFINITIONAL_REPRESENTATION('',(#5758),#5766);
#5758 = ( BOUNDED_CURVE() B_SPLINE_CURVE(2,(#5759,#5760,#5761,#5762,
#5763,#5764,#5765),.UNSPECIFIED.,.T.,.F.) B_SPLINE_CURVE_WITH_KNOTS((1,2
    ,2,2,2,1),(-2.094395102393,0.,2.094395102393,4.188790204786,
6.28318530718,8.377580409573),.UNSPECIFIED.) CURVE() 
GEOMETRIC_REPRESENTATION_ITEM() RATIONAL_B_SPLINE_CURVE((1.,0.5,1.,0.5,
1.,0.5,1.)) REPRESENTATION_ITEM('') );
#5759 = CARTESIAN_POINT('',(85.,119.));
#5760 = CARTESIAN_POINT('',(100.58845726812,119.));
#5761 = CARTESIAN_POINT('',(92.79422863406,105.5));
#5762 = CARTESIAN_POINT('',(85.,92.));
#5763 = CARTESIAN_POINT('',(77.20577136594,105.5));
#5764 = CARTESIAN_POINT('',(69.41154273188,119.));
#5765 = CARTESIAN_POINT('',(85.,119.));
#5766 = ( GEOMETRIC_REPRESENTATION_CONTEXT(2) 
PARAMETRIC_REPRESENTATION_CONTEXT() REPRESENTATION_CONTEXT('2D SPACE',''
  ) );
#5767 = PCURVE('',#5768,#5773);
#5768 = CYLINDRICAL_SURFACE('',#5769,9.);
#5769 = AXIS2_PLACEMENT_3D('',#5770,#5771,#5772);
#5770 = CARTESIAN_POINT('',(3.31E+03,-94.,1.31E+03));
#5771 = DIRECTION('',(0.,-1.,2.22044604925E-16));
#5772 = DIRECTION('',(1.,0.,0.));
#5773 = DEFINITIONAL_REPRESENTATION('',(#5774),#5778);
#5774 = LINE('',#5775,#5776);
#5775 = CARTESIAN_POINT('',(0.,0.));
#5776 = VECTOR('',#5777,1.);
#5777 = DIRECTION('',(1.,0.));
#5778 = ( GEOMETRIC_REPRESENTATION_CONTEXT(2) 
PARAMETRIC_REPRESENTATION_CONTEXT() REPRESENTATION_CONTEXT('2D SPACE',''
  ) );
#5779 = FACE_BOUND('',#5780,.F.);
#5780 = EDGE_LOOP('',(#5781,#5811,#5839,#5867));
#5781 = ORIENTED_EDGE('',*,*,#5782,.F.);
#5782 = EDGE_CURVE('',#5783,#5785,#5787,.T.);
#5783 = VERTEX_POINT('',#5784);
#5784 = CARTESIAN_POINT('',(3.335E+03,-94.,1.316E+03));
#5785 = VERTEX_POINT('',#5786);
#5786 = CARTESIAN_POINT('',(3.375E+03,-94.,1.316E+03));
#5787 = SURFACE_CURVE('',#5788,(#5792,#5799),.PCURVE_S1.);
#5788 = LINE('',#5789,#5790);
#5789 = CARTESIAN_POINT('',(3.335E+03,-94.,1.316E+03));
#5790 = VECTOR('',#5791,1.);
#5791 = DIRECTION('',(1.,0.,-0.));
#5792 = PCURVE('',#5426,#5793);
#5793 = DEFINITIONAL_REPRESENTATION('',(#5794),#5798);
#5794 = LINE('',#5795,#5796);
#5795 = CARTESIAN_POINT('',(91.,135.));
#5796 = VECTOR('',#5797,1.);
#5797 = DIRECTION('',(0.,1.));
#5798 = ( GEOMETRIC_REPRESENTATION_CONTEXT(2) 
PARAMETRIC_REPRESENTATION_CONTEXT() REPRESENTATION_CONTEXT('2D SPACE',''
  ) );
#5799 = PCURVE('',#5800,#5805);
#5800 = PLANE('',#5801);
#5801 = AXIS2_PLACEMENT_3D('',#5802,#5803,#5804);
#5802 = CARTESIAN_POINT('',(3.335E+03,-100.,1.316E+03));
#5803 = DIRECTION('',(0.,0.,1.));
#5804 = DIRECTION('',(1.,0.,-0.));
#5805 = DEFINITIONAL_REPRESENTATION('',(#5806),#5810);
#5806 = LINE('',#5807,#5808);
#5807 = CARTESIAN_POINT('',(0.,6.));
#5808 = VECTOR('',#5809,1.);
#5809 = DIRECTION('',(1.,0.));
#5810 = ( GEOMETRIC_REPRESENTATION_CONTEXT(2) 
PARAMETRIC_REPRESENTATION_CONTEXT() REPRESENTATION_CONTEXT('2D SPACE',''
  ) );
#5811 = ORIENTED_EDGE('',*,*,#5812,.F.);
#5812 = EDGE_CURVE('',#5813,#5783,#5815,.T.);
#5813 = VERTEX_POINT('',#5814);
#5814 = CARTESIAN_POINT('',(3.335E+03,-94.,1.304E+03));
#5815 = SURFACE_CURVE('',#5816,(#5820,#5827),.PCURVE_S1.);
#5816 = LINE('',#5817,#5818);
#5817 = CARTESIAN_POINT('',(3.335E+03,-94.,1.304E+03));
#5818 = VECTOR('',#5819,1.);
#5819 = DIRECTION('',(0.,0.,1.));
#5820 = PCURVE('',#5426,#5821);
#5821 = DEFINITIONAL_REPRESENTATION('',(#5822),#5826);
#5822 = LINE('',#5823,#5824);
#5823 = CARTESIAN_POINT('',(79.,135.));
#5824 = VECTOR('',#5825,1.);
#5825 = DIRECTION('',(1.,0.));
#5826 = ( GEOMETRIC_REPRESENTATION_CONTEXT(2) 
PARAMETRIC_REPRESENTATION_CONTEXT() REPRESENTATION_CONTEXT('2D SPACE',''
  ) );
#5827 = PCURVE('',#5828,#5833);
#5828 = PLANE('',#5829);
#5829 = AXIS2_PLACEMENT_3D('',#5830,#5831,#5832);
#5830 = CARTESIAN_POINT('',(3.335E+03,-100.,1.304E+03));
#5831 = DIRECTION('',(1.,0.,-0.));
#5832 = DIRECTION('',(0.,0.,1.));
#5833 = DEFINITIONAL_REPRESENTATION('',(#5834),#5838);
#5834 = LINE('',#5835,#5836);
#5835 = CARTESIAN_POINT('',(0.,-6.));
#5836 = VECTOR('',#5837,1.);
#5837 = DIRECTION('',(1.,0.));
#5838 = ( GEOMETRIC_REPRESENTATION_CONTEXT(2) 
PARAMETRIC_REPRESENTATION_CONTEXT() REPRESENTATION_CONTEXT('2D SPACE',''
  ) );
#5839 = ORIENTED_EDGE('',*,*,#5840,.T.);
#5840 = EDGE_CURVE('',#5813,#5841,#5843,.T.);
#5841 = VERTEX_POINT('',#5842);
#5842 = CARTESIAN_POINT('',(3.375E+03,-94.,1.304E+03));
#5843 = SURFACE_CURVE('',#5844,(#5848,#5855),.PCURVE_S1.);
#5844 = LINE('',#5845,#5846);
#5845 = CARTESIAN_POINT('',(3.335E+03,-94.,1.304E+03));
#5846 = VECTOR('',#5847,1.);
#5847 = DIRECTION('',(1.,0.,-0.));
#5848 = PCURVE('',#5426,#5849);
#5849 = DEFINITIONAL_REPRESENTATION('',(#5850),#5854);
#5850 = LINE('',#5851,#5852);
#5851 = CARTESIAN_POINT('',(79.,135.));
#5852 = VECTOR('',#5853,1.);
#5853 = DIRECTION('',(0.,1.));
#5854 = ( GEOMETRIC_REPRESENTATION_CONTEXT(2) 
PARAMETRIC_REPRESENTATION_CONTEXT() REPRESENTATION_CONTEXT('2D SPACE',''
  ) );
#5855 = PCURVE('',#5856,#5861);
#5856 = PLANE('',#5857);
#5857 = AXIS2_PLACEMENT_3D('',#5858,#5859,#5860);
#5858 = CARTESIAN_POINT('',(3.335E+03,-100.,1.304E+03));
#5859 = DIRECTION('',(0.,0.,1.));
#5860 = DIRECTION('',(1.,0.,-0.));
#5861 = DEFINITIONAL_REPRESENTATION('',(#5862),#5866);
#5862 = LINE('',#5863,#5864);
#5863 = CARTESIAN_POINT('',(0.,6.));
#5864 = VECTOR('',#5865,1.);
#5865 = DIRECTION('',(1.,0.));
#5866 = ( GEOMETRIC_REPRESENTATION_CONTEXT(2) 
PARAMETRIC_REPRESENTATION_CONTEXT() REPRESENTATION_CONTEXT('2D SPACE',''
  ) );
#5867 = ORIENTED_EDGE('',*,*,#5868,.T.);
#5868 = EDGE_CURVE('',#5841,#5785,#5869,.T.);
#5869 = SURFACE_CURVE('',#5870,(#5874,#5881),.PCURVE_S1.);
#5870 = LINE('',#5871,#5872);
#5871 = CARTESIAN_POINT('',(3.375E+03,-94.,1.304E+03));
#5872 = VECTOR('',#5873,1.);
#5873 = DIRECTION('',(0.,0.,1.));
#5874 = PCURVE('',#5426,#5875);
#5875 = DEFINITIONAL_REPRESENTATION('',(#5876),#5880);
#5876 = LINE('',#5877,#5878);
#5877 = CARTESIAN_POINT('',(79.,175.));
#5878 = VECTOR('',#5879,1.);
#5879 = DIRECTION('',(1.,0.));
#5880 = ( GEOMETRIC_REPRESENTATION_CONTEXT(2) 
PARAMETRIC_REPRESENTATION_CONTEXT() REPRESENTATION_CONTEXT('2D SPACE',''
  ) );
#5881 = PCURVE('',#5882,#5887);
#5882 = PLANE('',#5883);
#5883 = AXIS2_PLACEMENT_3D('',#5884,#5885,#5886);
#5884 = CARTESIAN_POINT('',(3.375E+03,-100.,1.304E+03));
#5885 = DIRECTION('',(1.,0.,-0.));
#5886 = DIRECTION('',(0.,0.,1.));
#5887 = DEFINITIONAL_REPRESENTATION('',(#5888),#5892);
#5888 = LINE('',#5889,#5890);
#5889 = CARTESIAN_POINT('',(0.,-6.));
#5890 = VECTOR('',#5891,1.);
#5891 = DIRECTION('',(1.,0.));
#5892 = ( GEOMETRIC_REPRESENTATION_CONTEXT(2) 
PARAMETRIC_REPRESENTATION_CONTEXT() REPRESENTATION_CONTEXT('2D SPACE',''
  ) );
#5893 = ADVANCED_FACE('',(#5894),#5508,.T.);
#5894 = FACE_BOUND('',#5895,.T.);
#5895 = EDGE_LOOP('',(#5896,#5897,#5898,#5921));
#5896 = ORIENTED_EDGE('',*,*,#5494,.F.);
#5897 = ORIENTED_EDGE('',*,*,#5547,.T.);
#5898 = ORIENTED_EDGE('',*,*,#5899,.T.);
#5899 = EDGE_CURVE('',#5548,#5900,#5902,.T.);
#5900 = VERTEX_POINT('',#5901);
#5901 = CARTESIAN_POINT('',(3.4E+03,-90.,1.475E+03));
#5902 = SURFACE_CURVE('',#5903,(#5907,#5914),.PCURVE_S1.);
#5903 = LINE('',#5904,#5905);
#5904 = CARTESIAN_POINT('',(3.4E+03,-94.,1.475E+03));
#5905 = VECTOR('',#5906,1.);
#5906 = DIRECTION('',(-0.,1.,0.));
#5907 = PCURVE('',#5508,#5908);
#5908 = DEFINITIONAL_REPRESENTATION('',(#5909),#5913);
#5909 = LINE('',#5910,#5911);
#5910 = CARTESIAN_POINT('',(200.,0.));
#5911 = VECTOR('',#5912,1.);
#5912 = DIRECTION('',(0.,1.));
#5913 = ( GEOMETRIC_REPRESENTATION_CONTEXT(2) 
PARAMETRIC_REPRESENTATION_CONTEXT() REPRESENTATION_CONTEXT('2D SPACE',''
  ) );
#5914 = PCURVE('',#5584,#5915);
#5915 = DEFINITIONAL_REPRESENTATION('',(#5916),#5920);
#5916 = LINE('',#5917,#5918);
#5917 = CARTESIAN_POINT('',(250.,0.));
#5918 = VECTOR('',#5919,1.);
#5919 = DIRECTION('',(0.,-1.));
#5920 = ( GEOMETRIC_REPRESENTATION_CONTEXT(2) 
PARAMETRIC_REPRESENTATION_CONTEXT() REPRESENTATION_CONTEXT('2D SPACE',''
  ) );
#5921 = ORIENTED_EDGE('',*,*,#5922,.F.);
#5922 = EDGE_CURVE('',#5467,#5900,#5923,.T.);
#5923 = SURFACE_CURVE('',#5924,(#5928,#5935),.PCURVE_S1.);
#5924 = LINE('',#5925,#5926);
#5925 = CARTESIAN_POINT('',(3.2E+03,-90.,1.475E+03));
#5926 = VECTOR('',#5927,1.);
#5927 = DIRECTION('',(1.,0.,-0.));
#5928 = PCURVE('',#5508,#5929);
#5929 = DEFINITIONAL_REPRESENTATION('',(#5930),#5934);
#5930 = LINE('',#5931,#5932);
#5931 = CARTESIAN_POINT('',(0.,4.));
#5932 = VECTOR('',#5933,1.);
#5933 = DIRECTION('',(1.,0.));
#5934 = ( GEOMETRIC_REPRESENTATION_CONTEXT(2) 
PARAMETRIC_REPRESENTATION_CONTEXT() REPRESENTATION_CONTEXT('2D SPACE',''
  ) );
#5935 = PCURVE('',#5482,#5936);
#5936 = DEFINITIONAL_REPRESENTATION('',(#5937),#5941);
#5937 = LINE('',#5938,#5939);
#5938 = CARTESIAN_POINT('',(250.,0.));
#5939 = VECTOR('',#5940,1.);
#5940 = DIRECTION('',(0.,1.));
#5941 = ( GEOMETRIC_REPRESENTATION_CONTEXT(2) 
PARAMETRIC_REPRESENTATION_CONTEXT() REPRESENTATION_CONTEXT('2D SPACE',''
  ) );
#5942 = ADVANCED_FACE('',(#5943),#5482,.T.);
#5943 = FACE_BOUND('',#5944,.T.);
#5944 = EDGE_LOOP('',(#5945,#5968,#5969,#5970));
#5945 = ORIENTED_EDGE('',*,*,#5946,.F.);
#5946 = EDGE_CURVE('',#5439,#5947,#5949,.T.);
#5947 = VERTEX_POINT('',#5948);
#5948 = CARTESIAN_POINT('',(3.4E+03,-90.,1.225E+03));
#5949 = SURFACE_CURVE('',#5950,(#5954,#5961),.PCURVE_S1.);
#5950 = LINE('',#5951,#5952);
#5951 = CARTESIAN_POINT('',(3.2E+03,-90.,1.225E+03));
#5952 = VECTOR('',#5953,1.);
#5953 = DIRECTION('',(1.,0.,-0.));
#5954 = PCURVE('',#5482,#5955);
#5955 = DEFINITIONAL_REPRESENTATION('',(#5956),#5960);
#5956 = LINE('',#5957,#5958);
#5957 = CARTESIAN_POINT('',(0.,0.));
#5958 = VECTOR('',#5959,1.);
#5959 = DIRECTION('',(0.,1.));
#5960 = ( GEOMETRIC_REPRESENTATION_CONTEXT(2) 
PARAMETRIC_REPRESENTATION_CONTEXT() REPRESENTATION_CONTEXT('2D SPACE',''
  ) );
#5961 = PCURVE('',#5454,#5962);
#5962 = DEFINITIONAL_REPRESENTATION('',(#5963),#5967);
#5963 = LINE('',#5964,#5965);
#5964 = CARTESIAN_POINT('',(0.,4.));
#5965 = VECTOR('',#5966,1.);
#5966 = DIRECTION('',(1.,0.));
#5967 = ( GEOMETRIC_REPRESENTATION_CONTEXT(2) 
PARAMETRIC_REPRESENTATION_CONTEXT() REPRESENTATION_CONTEXT('2D SPACE',''
  ) );
#5968 = ORIENTED_EDGE('',*,*,#5466,.T.);
#5969 = ORIENTED_EDGE('',*,*,#5922,.T.);
#5970 = ORIENTED_EDGE('',*,*,#5971,.F.);
#5971 = EDGE_CURVE('',#5947,#5900,#5972,.T.);
#5972 = SURFACE_CURVE('',#5973,(#5977,#5984),.PCURVE_S1.);
#5973 = LINE('',#5974,#5975);
#5974 = CARTESIAN_POINT('',(3.4E+03,-90.,1.225E+03));
#5975 = VECTOR('',#5976,1.);
#5976 = DIRECTION('',(0.,0.,1.));
#5977 = PCURVE('',#5482,#5978);
#5978 = DEFINITIONAL_REPRESENTATION('',(#5979),#5983);
#5979 = LINE('',#5980,#5981);
#5980 = CARTESIAN_POINT('',(0.,200.));
#5981 = VECTOR('',#5982,1.);
#5982 = DIRECTION('',(1.,0.));
#5983 = ( GEOMETRIC_REPRESENTATION_CONTEXT(2) 
PARAMETRIC_REPRESENTATION_CONTEXT() REPRESENTATION_CONTEXT('2D SPACE',''
  ) );
#5984 = PCURVE('',#5584,#5985);
#5985 = DEFINITIONAL_REPRESENTATION('',(#5986),#5990);
#5986 = LINE('',#5987,#5988);
#5987 = CARTESIAN_POINT('',(0.,-4.));
#5988 = VECTOR('',#5989,1.);
#5989 = DIRECTION('',(1.,0.));
#5990 = ( GEOMETRIC_REPRESENTATION_CONTEXT(2) 
PARAMETRIC_REPRESENTATION_CONTEXT() REPRESENTATION_CONTEXT('2D SPACE',''
  ) );
#5991 = ADVANCED_FACE('',(#5992),#5454,.F.);
#5992 = FACE_BOUND('',#5993,.F.);
#5993 = EDGE_LOOP('',(#5994,#5995,#5996,#6017));
#5994 = ORIENTED_EDGE('',*,*,#5438,.F.);
#5995 = ORIENTED_EDGE('',*,*,#5523,.T.);
#5996 = ORIENTED_EDGE('',*,*,#5997,.T.);
#5997 = EDGE_CURVE('',#5524,#5947,#5998,.T.);
#5998 = SURFACE_CURVE('',#5999,(#6003,#6010),.PCURVE_S1.);
#5999 = LINE('',#6000,#6001);
#6000 = CARTESIAN_POINT('',(3.4E+03,-94.,1.225E+03));
#6001 = VECTOR('',#6002,1.);
#6002 = DIRECTION('',(-0.,1.,0.));
#6003 = PCURVE('',#5454,#6004);
#6004 = DEFINITIONAL_REPRESENTATION('',(#6005),#6009);
#6005 = LINE('',#6006,#6007);
#6006 = CARTESIAN_POINT('',(200.,0.));
#6007 = VECTOR('',#6008,1.);
#6008 = DIRECTION('',(0.,1.));
#6009 = ( GEOMETRIC_REPRESENTATION_CONTEXT(2) 
PARAMETRIC_REPRESENTATION_CONTEXT() REPRESENTATION_CONTEXT('2D SPACE',''
  ) );
#6010 = PCURVE('',#5584,#6011);
#6011 = DEFINITIONAL_REPRESENTATION('',(#6012),#6016);
#6012 = LINE('',#6013,#6014);
#6013 = CARTESIAN_POINT('',(0.,0.));
#6014 = VECTOR('',#6015,1.);
#6015 = DIRECTION('',(0.,-1.));
#6016 = ( GEOMETRIC_REPRESENTATION_CONTEXT(2) 
PARAMETRIC_REPRESENTATION_CONTEXT() REPRESENTATION_CONTEXT('2D SPACE',''
  ) );
#6017 = ORIENTED_EDGE('',*,*,#5946,.F.);
#6018 = ADVANCED_FACE('',(#6019),#5584,.T.);
#6019 = FACE_BOUND('',#6020,.T.);
#6020 = EDGE_LOOP('',(#6021,#6022,#6023,#6024));
#6021 = ORIENTED_EDGE('',*,*,#5570,.F.);
#6022 = ORIENTED_EDGE('',*,*,#5997,.T.);
#6023 = ORIENTED_EDGE('',*,*,#5971,.T.);
#6024 = ORIENTED_EDGE('',*,*,#5899,.F.);
#6025 = ADVANCED_FACE('',(#6026),#5619,.T.);
#6026 = FACE_BOUND('',#6027,.T.);
#6027 = EDGE_LOOP('',(#6028,#6057,#6078,#6079));
#6028 = ORIENTED_EDGE('',*,*,#6029,.F.);
#6029 = EDGE_CURVE('',#6030,#6030,#6032,.T.);
#6030 = VERTEX_POINT('',#6031);
#6031 = CARTESIAN_POINT('',(3.262E+03,-110.,1.31E+03));
#6032 = SURFACE_CURVE('',#6033,(#6038,#6045),.PCURVE_S1.);
#6033 = CIRCLE('',#6034,12.);
#6034 = AXIS2_PLACEMENT_3D('',#6035,#6036,#6037);
#6035 = CARTESIAN_POINT('',(3.25E+03,-110.,1.31E+03));
#6036 = DIRECTION('',(0.,-1.,2.22044604925E-16));
#6037 = DIRECTION('',(1.,0.,0.));
#6038 = PCURVE('',#5619,#6039);
#6039 = DEFINITIONAL_REPRESENTATION('',(#6040),#6044);
#6040 = LINE('',#6041,#6042);
#6041 = CARTESIAN_POINT('',(0.,16.));
#6042 = VECTOR('',#6043,1.);
#6043 = DIRECTION('',(1.,0.));
#6044 = ( GEOMETRIC_REPRESENTATION_CONTEXT(2) 
PARAMETRIC_REPRESENTATION_CONTEXT() REPRESENTATION_CONTEXT('2D SPACE',''
  ) );
#6045 = PCURVE('',#6046,#6051);
#6046 = PLANE('',#6047);
#6047 = AXIS2_PLACEMENT_3D('',#6048,#6049,#6050);
#6048 = CARTESIAN_POINT('',(3.25E+03,-110.,1.31E+03));
#6049 = DIRECTION('',(0.,-1.,2.22044604925E-16));
#6050 = DIRECTION('',(1.,0.,0.));
#6051 = DEFINITIONAL_REPRESENTATION('',(#6052),#6056);
#6052 = CIRCLE('',#6053,12.);
#6053 = AXIS2_PLACEMENT_2D('',#6054,#6055);
#6054 = CARTESIAN_POINT('',(0.,0.));
#6055 = DIRECTION('',(1.,0.));
#6056 = ( GEOMETRIC_REPRESENTATION_CONTEXT(2) 
PARAMETRIC_REPRESENTATION_CONTEXT() REPRESENTATION_CONTEXT('2D SPACE',''
  ) );
#6057 = ORIENTED_EDGE('',*,*,#6058,.F.);
#6058 = EDGE_CURVE('',#5599,#6030,#6059,.T.);
#6059 = SEAM_CURVE('',#6060,(#6064,#6071),.PCURVE_S1.);
#6060 = LINE('',#6061,#6062);
#6061 = CARTESIAN_POINT('',(3.262E+03,-94.,1.31E+03));
#6062 = VECTOR('',#6063,1.);
#6063 = DIRECTION('',(0.,-1.,2.22044604925E-16));
#6064 = PCURVE('',#5619,#6065);
#6065 = DEFINITIONAL_REPRESENTATION('',(#6066),#6070);
#6066 = LINE('',#6067,#6068);
#6067 = CARTESIAN_POINT('',(6.28318530718,-0.));
#6068 = VECTOR('',#6069,1.);
#6069 = DIRECTION('',(0.,1.));
#6070 = ( GEOMETRIC_REPRESENTATION_CONTEXT(2) 
PARAMETRIC_REPRESENTATION_CONTEXT() REPRESENTATION_CONTEXT('2D SPACE',''
  ) );
#6071 = PCURVE('',#5619,#6072);
#6072 = DEFINITIONAL_REPRESENTATION('',(#6073),#6077);
#6073 = LINE('',#6074,#6075);
#6074 = CARTESIAN_POINT('',(0.,-0.));
#6075 = VECTOR('',#6076,1.);
#6076 = DIRECTION('',(0.,1.));
#6077 = ( GEOMETRIC_REPRESENTATION_CONTEXT(2) 
PARAMETRIC_REPRESENTATION_CONTEXT() REPRESENTATION_CONTEXT('2D SPACE',''
  ) );
#6078 = ORIENTED_EDGE('',*,*,#5598,.T.);
#6079 = ORIENTED_EDGE('',*,*,#6058,.T.);
#6080 = ADVANCED_FACE('',(#6081),#5651,.T.);
#6081 = FACE_BOUND('',#6082,.T.);
#6082 = EDGE_LOOP('',(#6083,#6106,#6134,#6155));
#6083 = ORIENTED_EDGE('',*,*,#6084,.F.);
#6084 = EDGE_CURVE('',#6085,#5634,#6087,.T.);
#6085 = VERTEX_POINT('',#6086);
#6086 = CARTESIAN_POINT('',(3.255E+03,-98.,1.4325E+03));
#6087 = SURFACE_CURVE('',#6088,(#6092,#6099),.PCURVE_S1.);
#6088 = LINE('',#6089,#6090);
#6089 = CARTESIAN_POINT('',(3.255E+03,-98.,1.4325E+03));
#6090 = VECTOR('',#6091,1.);
#6091 = DIRECTION('',(-0.,1.,0.));
#6092 = PCURVE('',#5651,#6093);
#6093 = DEFINITIONAL_REPRESENTATION('',(#6094),#6098);
#6094 = LINE('',#6095,#6096);
#6095 = CARTESIAN_POINT('',(0.,0.));
#6096 = VECTOR('',#6097,1.);
#6097 = DIRECTION('',(0.,1.));
#6098 = ( GEOMETRIC_REPRESENTATION_CONTEXT(2) 
PARAMETRIC_REPRESENTATION_CONTEXT() REPRESENTATION_CONTEXT('2D SPACE',''
  ) );
#6099 = PCURVE('',#5679,#6100);
#6100 = DEFINITIONAL_REPRESENTATION('',(#6101),#6105);
#6101 = LINE('',#6102,#6103);
#6102 = CARTESIAN_POINT('',(45.,0.));
#6103 = VECTOR('',#6104,1.);
#6104 = DIRECTION('',(0.,-1.));
#6105 = ( GEOMETRIC_REPRESENTATION_CONTEXT(2) 
PARAMETRIC_REPRESENTATION_CONTEXT() REPRESENTATION_CONTEXT('2D SPACE',''
  ) );
#6106 = ORIENTED_EDGE('',*,*,#6107,.T.);
#6107 = EDGE_CURVE('',#6085,#6108,#6110,.T.);
#6108 = VERTEX_POINT('',#6109);
#6109 = CARTESIAN_POINT('',(3.345E+03,-98.,1.4325E+03));
#6110 = SURFACE_CURVE('',#6111,(#6115,#6122),.PCURVE_S1.);
#6111 = LINE('',#6112,#6113);
#6112 = CARTESIAN_POINT('',(3.255E+03,-98.,1.4325E+03));
#6113 = VECTOR('',#6114,1.);
#6114 = DIRECTION('',(1.,0.,-0.));
#6115 = PCURVE('',#5651,#6116);
#6116 = DEFINITIONAL_REPRESENTATION('',(#6117),#6121);
#6117 = LINE('',#6118,#6119);
#6118 = CARTESIAN_POINT('',(0.,0.));
#6119 = VECTOR('',#6120,1.);
#6120 = DIRECTION('',(1.,0.));
#6121 = ( GEOMETRIC_REPRESENTATION_CONTEXT(2) 
PARAMETRIC_REPRESENTATION_CONTEXT() REPRESENTATION_CONTEXT('2D SPACE',''
  ) );
#6122 = PCURVE('',#6123,#6128);
#6123 = PLANE('',#6124);
#6124 = AXIS2_PLACEMENT_3D('',#6125,#6126,#6127);
#6125 = CARTESIAN_POINT('',(3.255E+03,-98.,1.3875E+03));
#6126 = DIRECTION('',(-0.,1.,0.));
#6127 = DIRECTION('',(0.,0.,1.));
#6128 = DEFINITIONAL_REPRESENTATION('',(#6129),#6133);
#6129 = LINE('',#6130,#6131);
#6130 = CARTESIAN_POINT('',(45.,0.));
#6131 = VECTOR('',#6132,1.);
#6132 = DIRECTION('',(0.,1.));
#6133 = ( GEOMETRIC_REPRESENTATION_CONTEXT(2) 
PARAMETRIC_REPRESENTATION_CONTEXT() REPRESENTATION_CONTEXT('2D SPACE',''
  ) );
#6134 = ORIENTED_EDGE('',*,*,#6135,.T.);
#6135 = EDGE_CURVE('',#6108,#5636,#6136,.T.);
#6136 = SURFACE_CURVE('',#6137,(#6141,#6148),.PCURVE_S1.);
#6137 = LINE('',#6138,#6139);
#6138 = CARTESIAN_POINT('',(3.345E+03,-98.,1.4325E+03));
#6139 = VECTOR('',#6140,1.);
#6140 = DIRECTION('',(-0.,1.,0.));
#6141 = PCURVE('',#5651,#6142);
#6142 = DEFINITIONAL_REPRESENTATION('',(#6143),#6147);
#6143 = LINE('',#6144,#6145);
#6144 = CARTESIAN_POINT('',(90.,0.));
#6145 = VECTOR('',#6146,1.);
#6146 = DIRECTION('',(0.,1.));
#6147 = ( GEOMETRIC_REPRESENTATION_CONTEXT(2) 
PARAMETRIC_REPRESENTATION_CONTEXT() REPRESENTATION_CONTEXT('2D SPACE',''
  ) );
#6148 = PCURVE('',#5733,#6149);
#6149 = DEFINITIONAL_REPRESENTATION('',(#6150),#6154);
#6150 = LINE('',#6151,#6152);
#6151 = CARTESIAN_POINT('',(45.,0.));
#6152 = VECTOR('',#6153,1.);
#6153 = DIRECTION('',(0.,-1.));
#6154 = ( GEOMETRIC_REPRESENTATION_CONTEXT(2) 
PARAMETRIC_REPRESENTATION_CONTEXT() REPRESENTATION_CONTEXT('2D SPACE',''
  ) );
#6155 = ORIENTED_EDGE('',*,*,#5633,.F.);
#6156 = ADVANCED_FACE('',(#6157),#5733,.T.);
#6157 = FACE_BOUND('',#6158,.T.);
#6158 = EDGE_LOOP('',(#6159,#6182,#6203,#6204));
#6159 = ORIENTED_EDGE('',*,*,#6160,.F.);
#6160 = EDGE_CURVE('',#6161,#6108,#6163,.T.);
#6161 = VERTEX_POINT('',#6162);
#6162 = CARTESIAN_POINT('',(3.345E+03,-98.,1.3875E+03));
#6163 = SURFACE_CURVE('',#6164,(#6168,#6175),.PCURVE_S1.);
#6164 = LINE('',#6165,#6166);
#6165 = CARTESIAN_POINT('',(3.345E+03,-98.,1.3875E+03));
#6166 = VECTOR('',#6167,1.);
#6167 = DIRECTION('',(0.,0.,1.));
#6168 = PCURVE('',#5733,#6169);
#6169 = DEFINITIONAL_REPRESENTATION('',(#6170),#6174);
#6170 = LINE('',#6171,#6172);
#6171 = CARTESIAN_POINT('',(0.,0.));
#6172 = VECTOR('',#6173,1.);
#6173 = DIRECTION('',(1.,0.));
#6174 = ( GEOMETRIC_REPRESENTATION_CONTEXT(2) 
PARAMETRIC_REPRESENTATION_CONTEXT() REPRESENTATION_CONTEXT('2D SPACE',''
  ) );
#6175 = PCURVE('',#6123,#6176);
#6176 = DEFINITIONAL_REPRESENTATION('',(#6177),#6181);
#6177 = LINE('',#6178,#6179);
#6178 = CARTESIAN_POINT('',(0.,90.));
#6179 = VECTOR('',#6180,1.);
#6180 = DIRECTION('',(1.,0.));
#6181 = ( GEOMETRIC_REPRESENTATION_CONTEXT(2) 
PARAMETRIC_REPRESENTATION_CONTEXT() REPRESENTATION_CONTEXT('2D SPACE',''
  ) );
#6182 = ORIENTED_EDGE('',*,*,#6183,.T.);
#6183 = EDGE_CURVE('',#6161,#5692,#6184,.T.);
#6184 = SURFACE_CURVE('',#6185,(#6189,#6196),.PCURVE_S1.);
#6185 = LINE('',#6186,#6187);
#6186 = CARTESIAN_POINT('',(3.345E+03,-98.,1.3875E+03));
#6187 = VECTOR('',#6188,1.);
#6188 = DIRECTION('',(-0.,1.,0.));
#6189 = PCURVE('',#5733,#6190);
#6190 = DEFINITIONAL_REPRESENTATION('',(#6191),#6195);
#6191 = LINE('',#6192,#6193);
#6192 = CARTESIAN_POINT('',(0.,0.));
#6193 = VECTOR('',#6194,1.);
#6194 = DIRECTION('',(0.,-1.));
#6195 = ( GEOMETRIC_REPRESENTATION_CONTEXT(2) 
PARAMETRIC_REPRESENTATION_CONTEXT() REPRESENTATION_CONTEXT('2D SPACE',''
  ) );
#6196 = PCURVE('',#5707,#6197);
#6197 = DEFINITIONAL_REPRESENTATION('',(#6198),#6202);
#6198 = LINE('',#6199,#6200);
#6199 = CARTESIAN_POINT('',(90.,0.));
#6200 = VECTOR('',#6201,1.);
#6201 = DIRECTION('',(0.,1.));
#6202 = ( GEOMETRIC_REPRESENTATION_CONTEXT(2) 
PARAMETRIC_REPRESENTATION_CONTEXT() REPRESENTATION_CONTEXT('2D SPACE',''
  ) );
#6203 = ORIENTED_EDGE('',*,*,#5719,.T.);
#6204 = ORIENTED_EDGE('',*,*,#6135,.F.);
#6205 = ADVANCED_FACE('',(#6206),#5679,.F.);
#6206 = FACE_BOUND('',#6207,.F.);
#6207 = EDGE_LOOP('',(#6208,#6231,#6252,#6253));
#6208 = ORIENTED_EDGE('',*,*,#6209,.F.);
#6209 = EDGE_CURVE('',#6210,#6085,#6212,.T.);
#6210 = VERTEX_POINT('',#6211);
#6211 = CARTESIAN_POINT('',(3.255E+03,-98.,1.3875E+03));
#6212 = SURFACE_CURVE('',#6213,(#6217,#6224),.PCURVE_S1.);
#6213 = LINE('',#6214,#6215);
#6214 = CARTESIAN_POINT('',(3.255E+03,-98.,1.3875E+03));
#6215 = VECTOR('',#6216,1.);
#6216 = DIRECTION('',(0.,0.,1.));
#6217 = PCURVE('',#5679,#6218);
#6218 = DEFINITIONAL_REPRESENTATION('',(#6219),#6223);
#6219 = LINE('',#6220,#6221);
#6220 = CARTESIAN_POINT('',(0.,0.));
#6221 = VECTOR('',#6222,1.);
#6222 = DIRECTION('',(1.,0.));
#6223 = ( GEOMETRIC_REPRESENTATION_CONTEXT(2) 
PARAMETRIC_REPRESENTATION_CONTEXT() REPRESENTATION_CONTEXT('2D SPACE',''
  ) );
#6224 = PCURVE('',#6123,#6225);
#6225 = DEFINITIONAL_REPRESENTATION('',(#6226),#6230);
#6226 = LINE('',#6227,#6228);
#6227 = CARTESIAN_POINT('',(0.,0.));
#6228 = VECTOR('',#6229,1.);
#6229 = DIRECTION('',(1.,0.));
#6230 = ( GEOMETRIC_REPRESENTATION_CONTEXT(2) 
PARAMETRIC_REPRESENTATION_CONTEXT() REPRESENTATION_CONTEXT('2D SPACE',''
  ) );
#6231 = ORIENTED_EDGE('',*,*,#6232,.T.);
#6232 = EDGE_CURVE('',#6210,#5664,#6233,.T.);
#6233 = SURFACE_CURVE('',#6234,(#6238,#6245),.PCURVE_S1.);
#6234 = LINE('',#6235,#6236);
#6235 = CARTESIAN_POINT('',(3.255E+03,-98.,1.3875E+03));
#6236 = VECTOR('',#6237,1.);
#6237 = DIRECTION('',(-0.,1.,0.));
#6238 = PCURVE('',#5679,#6239);
#6239 = DEFINITIONAL_REPRESENTATION('',(#6240),#6244);
#6240 = LINE('',#6241,#6242);
#6241 = CARTESIAN_POINT('',(0.,0.));
#6242 = VECTOR('',#6243,1.);
#6243 = DIRECTION('',(0.,-1.));
#6244 = ( GEOMETRIC_REPRESENTATION_CONTEXT(2) 
PARAMETRIC_REPRESENTATION_CONTEXT() REPRESENTATION_CONTEXT('2D SPACE',''
  ) );
#6245 = PCURVE('',#5707,#6246);
#6246 = DEFINITIONAL_REPRESENTATION('',(#6247),#6251);
#6247 = LINE('',#6248,#6249);
#6248 = CARTESIAN_POINT('',(0.,0.));
#6249 = VECTOR('',#6250,1.);
#6250 = DIRECTION('',(0.,1.));
#6251 = ( GEOMETRIC_REPRESENTATION_CONTEXT(2) 
PARAMETRIC_REPRESENTATION_CONTEXT() REPRESENTATION_CONTEXT('2D SPACE',''
  ) );
#6252 = ORIENTED_EDGE('',*,*,#5663,.T.);
#6253 = ORIENTED_EDGE('',*,*,#6084,.F.);
#6254 = ADVANCED_FACE('',(#6255),#5707,.F.);
#6255 = FACE_BOUND('',#6256,.F.);
#6256 = EDGE_LOOP('',(#6257,#6258,#6279,#6280));
#6257 = ORIENTED_EDGE('',*,*,#6232,.F.);
#6258 = ORIENTED_EDGE('',*,*,#6259,.T.);
#6259 = EDGE_CURVE('',#6210,#6161,#6260,.T.);
#6260 = SURFACE_CURVE('',#6261,(#6265,#6272),.PCURVE_S1.);
#6261 = LINE('',#6262,#6263);
#6262 = CARTESIAN_POINT('',(3.255E+03,-98.,1.3875E+03));
#6263 = VECTOR('',#6264,1.);
#6264 = DIRECTION('',(1.,0.,-0.));
#6265 = PCURVE('',#5707,#6266);
#6266 = DEFINITIONAL_REPRESENTATION('',(#6267),#6271);
#6267 = LINE('',#6268,#6269);
#6268 = CARTESIAN_POINT('',(0.,0.));
#6269 = VECTOR('',#6270,1.);
#6270 = DIRECTION('',(1.,0.));
#6271 = ( GEOMETRIC_REPRESENTATION_CONTEXT(2) 
PARAMETRIC_REPRESENTATION_CONTEXT() REPRESENTATION_CONTEXT('2D SPACE',''
  ) );
#6272 = PCURVE('',#6123,#6273);
#6273 = DEFINITIONAL_REPRESENTATION('',(#6274),#6278);
#6274 = LINE('',#6275,#6276);
#6275 = CARTESIAN_POINT('',(0.,0.));
#6276 = VECTOR('',#6277,1.);
#6277 = DIRECTION('',(0.,1.));
#6278 = ( GEOMETRIC_REPRESENTATION_CONTEXT(2) 
PARAMETRIC_REPRESENTATION_CONTEXT() REPRESENTATION_CONTEXT('2D SPACE',''
  ) );
#6279 = ORIENTED_EDGE('',*,*,#6183,.T.);
#6280 = ORIENTED_EDGE('',*,*,#5691,.F.);
#6281 = ADVANCED_FACE('',(#6282),#5768,.T.);
#6282 = FACE_BOUND('',#6283,.T.);
#6283 = EDGE_LOOP('',(#6284,#6313,#6334,#6335));
#6284 = ORIENTED_EDGE('',*,*,#6285,.F.);
#6285 = EDGE_CURVE('',#6286,#6286,#6288,.T.);
#6286 = VERTEX_POINT('',#6287);
#6287 = CARTESIAN_POINT('',(3.319E+03,-102.,1.31E+03));
#6288 = SURFACE_CURVE('',#6289,(#6294,#6301),.PCURVE_S1.);
#6289 = CIRCLE('',#6290,9.);
#6290 = AXIS2_PLACEMENT_3D('',#6291,#6292,#6293);
#6291 = CARTESIAN_POINT('',(3.31E+03,-102.,1.31E+03));
#6292 = DIRECTION('',(0.,-1.,2.22044604925E-16));
#6293 = DIRECTION('',(1.,0.,0.));
#6294 = PCURVE('',#5768,#6295);
#6295 = DEFINITIONAL_REPRESENTATION('',(#6296),#6300);
#6296 = LINE('',#6297,#6298);
#6297 = CARTESIAN_POINT('',(0.,8.));
#6298 = VECTOR('',#6299,1.);
#6299 = DIRECTION('',(1.,0.));
#6300 = ( GEOMETRIC_REPRESENTATION_CONTEXT(2) 
PARAMETRIC_REPRESENTATION_CONTEXT() REPRESENTATION_CONTEXT('2D SPACE',''
  ) );
#6301 = PCURVE('',#6302,#6307);
#6302 = PLANE('',#6303);
#6303 = AXIS2_PLACEMENT_3D('',#6304,#6305,#6306);
#6304 = CARTESIAN_POINT('',(3.31E+03,-102.,1.31E+03));
#6305 = DIRECTION('',(0.,-1.,2.22044604925E-16));
#6306 = DIRECTION('',(1.,0.,0.));
#6307 = DEFINITIONAL_REPRESENTATION('',(#6308),#6312);
#6308 = CIRCLE('',#6309,9.);
#6309 = AXIS2_PLACEMENT_2D('',#6310,#6311);
#6310 = CARTESIAN_POINT('',(0.,0.));
#6311 = DIRECTION('',(1.,0.));
#6312 = ( GEOMETRIC_REPRESENTATION_CONTEXT(2) 
PARAMETRIC_REPRESENTATION_CONTEXT() REPRESENTATION_CONTEXT('2D SPACE',''
  ) );
#6313 = ORIENTED_EDGE('',*,*,#6314,.F.);
#6314 = EDGE_CURVE('',#5748,#6286,#6315,.T.);
#6315 = SEAM_CURVE('',#6316,(#6320,#6327),.PCURVE_S1.);
#6316 = LINE('',#6317,#6318);
#6317 = CARTESIAN_POINT('',(3.319E+03,-94.,1.31E+03));
#6318 = VECTOR('',#6319,1.);
#6319 = DIRECTION('',(0.,-1.,2.22044604925E-16));
#6320 = PCURVE('',#5768,#6321);
#6321 = DEFINITIONAL_REPRESENTATION('',(#6322),#6326);
#6322 = LINE('',#6323,#6324);
#6323 = CARTESIAN_POINT('',(6.28318530718,-0.));
#6324 = VECTOR('',#6325,1.);
#6325 = DIRECTION('',(0.,1.));
#6326 = ( GEOMETRIC_REPRESENTATION_CONTEXT(2) 
PARAMETRIC_REPRESENTATION_CONTEXT() REPRESENTATION_CONTEXT('2D SPACE',''
  ) );
#6327 = PCURVE('',#5768,#6328);
#6328 = DEFINITIONAL_REPRESENTATION('',(#6329),#6333);
#6329 = LINE('',#6330,#6331);
#6330 = CARTESIAN_POINT('',(0.,-0.));
#6331 = VECTOR('',#6332,1.);
#6332 = DIRECTION('',(0.,1.));
#6333 = ( GEOMETRIC_REPRESENTATION_CONTEXT(2) 
PARAMETRIC_REPRESENTATION_CONTEXT() REPRESENTATION_CONTEXT('2D SPACE',''
  ) );
#6334 = ORIENTED_EDGE('',*,*,#5747,.T.);
#6335 = ORIENTED_EDGE('',*,*,#6314,.T.);
#6336 = ADVANCED_FACE('',(#6337),#5800,.T.);
#6337 = FACE_BOUND('',#6338,.T.);
#6338 = EDGE_LOOP('',(#6339,#6362,#6390,#6411));
#6339 = ORIENTED_EDGE('',*,*,#6340,.F.);
#6340 = EDGE_CURVE('',#6341,#5783,#6343,.T.);
#6341 = VERTEX_POINT('',#6342);
#6342 = CARTESIAN_POINT('',(3.335E+03,-100.,1.316E+03));
#6343 = SURFACE_CURVE('',#6344,(#6348,#6355),.PCURVE_S1.);
#6344 = LINE('',#6345,#6346);
#6345 = CARTESIAN_POINT('',(3.335E+03,-100.,1.316E+03));
#6346 = VECTOR('',#6347,1.);
#6347 = DIRECTION('',(-0.,1.,0.));
#6348 = PCURVE('',#5800,#6349);
#6349 = DEFINITIONAL_REPRESENTATION('',(#6350),#6354);
#6350 = LINE('',#6351,#6352);
#6351 = CARTESIAN_POINT('',(0.,0.));
#6352 = VECTOR('',#6353,1.);
#6353 = DIRECTION('',(0.,1.));
#6354 = ( GEOMETRIC_REPRESENTATION_CONTEXT(2) 
PARAMETRIC_REPRESENTATION_CONTEXT() REPRESENTATION_CONTEXT('2D SPACE',''
  ) );
#6355 = PCURVE('',#5828,#6356);
#6356 = DEFINITIONAL_REPRESENTATION('',(#6357),#6361);
#6357 = LINE('',#6358,#6359);
#6358 = CARTESIAN_POINT('',(12.,0.));
#6359 = VECTOR('',#6360,1.);
#6360 = DIRECTION('',(0.,-1.));
#6361 = ( GEOMETRIC_REPRESENTATION_CONTEXT(2) 
PARAMETRIC_REPRESENTATION_CONTEXT() REPRESENTATION_CONTEXT('2D SPACE',''
  ) );
#6362 = ORIENTED_EDGE('',*,*,#6363,.T.);
#6363 = EDGE_CURVE('',#6341,#6364,#6366,.T.);
#6364 = VERTEX_POINT('',#6365);
#6365 = CARTESIAN_POINT('',(3.375E+03,-100.,1.316E+03));
#6366 = SURFACE_CURVE('',#6367,(#6371,#6378),.PCURVE_S1.);
#6367 = LINE('',#6368,#6369);
#6368 = CARTESIAN_POINT('',(3.335E+03,-100.,1.316E+03));
#6369 = VECTOR('',#6370,1.);
#6370 = DIRECTION('',(1.,0.,-0.));
#6371 = PCURVE('',#5800,#6372);
#6372 = DEFINITIONAL_REPRESENTATION('',(#6373),#6377);
#6373 = LINE('',#6374,#6375);
#6374 = CARTESIAN_POINT('',(0.,0.));
#6375 = VECTOR('',#6376,1.);
#6376 = DIRECTION('',(1.,0.));
#6377 = ( GEOMETRIC_REPRESENTATION_CONTEXT(2) 
PARAMETRIC_REPRESENTATION_CONTEXT() REPRESENTATION_CONTEXT('2D SPACE',''
  ) );
#6378 = PCURVE('',#6379,#6384);
#6379 = PLANE('',#6380);
#6380 = AXIS2_PLACEMENT_3D('',#6381,#6382,#6383);
#6381 = CARTESIAN_POINT('',(3.335E+03,-100.,1.304E+03));
#6382 = DIRECTION('',(-0.,1.,0.));
#6383 = DIRECTION('',(0.,0.,1.));
#6384 = DEFINITIONAL_REPRESENTATION('',(#6385),#6389);
#6385 = LINE('',#6386,#6387);
#6386 = CARTESIAN_POINT('',(12.,0.));
#6387 = VECTOR('',#6388,1.);
#6388 = DIRECTION('',(0.,1.));
#6389 = ( GEOMETRIC_REPRESENTATION_CONTEXT(2) 
PARAMETRIC_REPRESENTATION_CONTEXT() REPRESENTATION_CONTEXT('2D SPACE',''
  ) );
#6390 = ORIENTED_EDGE('',*,*,#6391,.T.);
#6391 = EDGE_CURVE('',#6364,#5785,#6392,.T.);
#6392 = SURFACE_CURVE('',#6393,(#6397,#6404),.PCURVE_S1.);
#6393 = LINE('',#6394,#6395);
#6394 = CARTESIAN_POINT('',(3.375E+03,-100.,1.316E+03));
#6395 = VECTOR('',#6396,1.);
#6396 = DIRECTION('',(-0.,1.,0.));
#6397 = PCURVE('',#5800,#6398);
#6398 = DEFINITIONAL_REPRESENTATION('',(#6399),#6403);
#6399 = LINE('',#6400,#6401);
#6400 = CARTESIAN_POINT('',(40.,0.));
#6401 = VECTOR('',#6402,1.);
#6402 = DIRECTION('',(0.,1.));
#6403 = ( GEOMETRIC_REPRESENTATION_CONTEXT(2) 
PARAMETRIC_REPRESENTATION_CONTEXT() REPRESENTATION_CONTEXT('2D SPACE',''
  ) );
#6404 = PCURVE('',#5882,#6405);
#6405 = DEFINITIONAL_REPRESENTATION('',(#6406),#6410);
#6406 = LINE('',#6407,#6408);
#6407 = CARTESIAN_POINT('',(12.,0.));
#6408 = VECTOR('',#6409,1.);
#6409 = DIRECTION('',(0.,-1.));
#6410 = ( GEOMETRIC_REPRESENTATION_CONTEXT(2) 
PARAMETRIC_REPRESENTATION_CONTEXT() REPRESENTATION_CONTEXT('2D SPACE',''
  ) );
#6411 = ORIENTED_EDGE('',*,*,#5782,.F.);
#6412 = ADVANCED_FACE('',(#6413),#5882,.T.);
#6413 = FACE_BOUND('',#6414,.T.);
#6414 = EDGE_LOOP('',(#6415,#6438,#6459,#6460));
#6415 = ORIENTED_EDGE('',*,*,#6416,.F.);
#6416 = EDGE_CURVE('',#6417,#6364,#6419,.T.);
#6417 = VERTEX_POINT('',#6418);
#6418 = CARTESIAN_POINT('',(3.375E+03,-100.,1.304E+03));
#6419 = SURFACE_CURVE('',#6420,(#6424,#6431),.PCURVE_S1.);
#6420 = LINE('',#6421,#6422);
#6421 = CARTESIAN_POINT('',(3.375E+03,-100.,1.304E+03));
#6422 = VECTOR('',#6423,1.);
#6423 = DIRECTION('',(0.,0.,1.));
#6424 = PCURVE('',#5882,#6425);
#6425 = DEFINITIONAL_REPRESENTATION('',(#6426),#6430);
#6426 = LINE('',#6427,#6428);
#6427 = CARTESIAN_POINT('',(0.,0.));
#6428 = VECTOR('',#6429,1.);
#6429 = DIRECTION('',(1.,0.));
#6430 = ( GEOMETRIC_REPRESENTATION_CONTEXT(2) 
PARAMETRIC_REPRESENTATION_CONTEXT() REPRESENTATION_CONTEXT('2D SPACE',''
  ) );
#6431 = PCURVE('',#6379,#6432);
#6432 = DEFINITIONAL_REPRESENTATION('',(#6433),#6437);
#6433 = LINE('',#6434,#6435);
#6434 = CARTESIAN_POINT('',(0.,40.));
#6435 = VECTOR('',#6436,1.);
#6436 = DIRECTION('',(1.,0.));
#6437 = ( GEOMETRIC_REPRESENTATION_CONTEXT(2) 
PARAMETRIC_REPRESENTATION_CONTEXT() REPRESENTATION_CONTEXT('2D SPACE',''
  ) );
#6438 = ORIENTED_EDGE('',*,*,#6439,.T.);
#6439 = EDGE_CURVE('',#6417,#5841,#6440,.T.);
#6440 = SURFACE_CURVE('',#6441,(#6445,#6452),.PCURVE_S1.);
#6441 = LINE('',#6442,#6443);
#6442 = CARTESIAN_POINT('',(3.375E+03,-100.,1.304E+03));
#6443 = VECTOR('',#6444,1.);
#6444 = DIRECTION('',(-0.,1.,0.));
#6445 = PCURVE('',#5882,#6446);
#6446 = DEFINITIONAL_REPRESENTATION('',(#6447),#6451);
#6447 = LINE('',#6448,#6449);
#6448 = CARTESIAN_POINT('',(0.,0.));
#6449 = VECTOR('',#6450,1.);
#6450 = DIRECTION('',(0.,-1.));
#6451 = ( GEOMETRIC_REPRESENTATION_CONTEXT(2) 
PARAMETRIC_REPRESENTATION_CONTEXT() REPRESENTATION_CONTEXT('2D SPACE',''
  ) );
#6452 = PCURVE('',#5856,#6453);
#6453 = DEFINITIONAL_REPRESENTATION('',(#6454),#6458);
#6454 = LINE('',#6455,#6456);
#6455 = CARTESIAN_POINT('',(40.,0.));
#6456 = VECTOR('',#6457,1.);
#6457 = DIRECTION('',(0.,1.));
#6458 = ( GEOMETRIC_REPRESENTATION_CONTEXT(2) 
PARAMETRIC_REPRESENTATION_CONTEXT() REPRESENTATION_CONTEXT('2D SPACE',''
  ) );
#6459 = ORIENTED_EDGE('',*,*,#5868,.T.);
#6460 = ORIENTED_EDGE('',*,*,#6391,.F.);
#6461 = ADVANCED_FACE('',(#6462),#5856,.F.);
#6462 = FACE_BOUND('',#6463,.F.);
#6463 = EDGE_LOOP('',(#6464,#6487,#6508,#6509));
#6464 = ORIENTED_EDGE('',*,*,#6465,.F.);
#6465 = EDGE_CURVE('',#6466,#5813,#6468,.T.);
#6466 = VERTEX_POINT('',#6467);
#6467 = CARTESIAN_POINT('',(3.335E+03,-100.,1.304E+03));
#6468 = SURFACE_CURVE('',#6469,(#6473,#6480),.PCURVE_S1.);
#6469 = LINE('',#6470,#6471);
#6470 = CARTESIAN_POINT('',(3.335E+03,-100.,1.304E+03));
#6471 = VECTOR('',#6472,1.);
#6472 = DIRECTION('',(-0.,1.,0.));
#6473 = PCURVE('',#5856,#6474);
#6474 = DEFINITIONAL_REPRESENTATION('',(#6475),#6479);
#6475 = LINE('',#6476,#6477);
#6476 = CARTESIAN_POINT('',(0.,0.));
#6477 = VECTOR('',#6478,1.);
#6478 = DIRECTION('',(0.,1.));
#6479 = ( GEOMETRIC_REPRESENTATION_CONTEXT(2) 
PARAMETRIC_REPRESENTATION_CONTEXT() REPRESENTATION_CONTEXT('2D SPACE',''
  ) );
#6480 = PCURVE('',#5828,#6481);
#6481 = DEFINITIONAL_REPRESENTATION('',(#6482),#6486);
#6482 = LINE('',#6483,#6484);
#6483 = CARTESIAN_POINT('',(0.,0.));
#6484 = VECTOR('',#6485,1.);
#6485 = DIRECTION('',(0.,-1.));
#6486 = ( GEOMETRIC_REPRESENTATION_CONTEXT(2) 
PARAMETRIC_REPRESENTATION_CONTEXT() REPRESENTATION_CONTEXT('2D SPACE',''
  ) );
#6487 = ORIENTED_EDGE('',*,*,#6488,.T.);
#6488 = EDGE_CURVE('',#6466,#6417,#6489,.T.);
#6489 = SURFACE_CURVE('',#6490,(#6494,#6501),.PCURVE_S1.);
#6490 = LINE('',#6491,#6492);
#6491 = CARTESIAN_POINT('',(3.335E+03,-100.,1.304E+03));
#6492 = VECTOR('',#6493,1.);
#6493 = DIRECTION('',(1.,0.,-0.));
#6494 = PCURVE('',#5856,#6495);
#6495 = DEFINITIONAL_REPRESENTATION('',(#6496),#6500);
#6496 = LINE('',#6497,#6498);
#6497 = CARTESIAN_POINT('',(0.,0.));
#6498 = VECTOR('',#6499,1.);
#6499 = DIRECTION('',(1.,0.));
#6500 = ( GEOMETRIC_REPRESENTATION_CONTEXT(2) 
PARAMETRIC_REPRESENTATION_CONTEXT() REPRESENTATION_CONTEXT('2D SPACE',''
  ) );
#6501 = PCURVE('',#6379,#6502);
#6502 = DEFINITIONAL_REPRESENTATION('',(#6503),#6507);
#6503 = LINE('',#6504,#6505);
#6504 = CARTESIAN_POINT('',(0.,0.));
#6505 = VECTOR('',#6506,1.);
#6506 = DIRECTION('',(0.,1.));
#6507 = ( GEOMETRIC_REPRESENTATION_CONTEXT(2) 
PARAMETRIC_REPRESENTATION_CONTEXT() REPRESENTATION_CONTEXT('2D SPACE',''
  ) );
#6508 = ORIENTED_EDGE('',*,*,#6439,.T.);
#6509 = ORIENTED_EDGE('',*,*,#5840,.F.);
#6510 = ADVANCED_FACE('',(#6511),#5828,.F.);
#6511 = FACE_BOUND('',#6512,.F.);
#6512 = EDGE_LOOP('',(#6513,#6534,#6535,#6536));
#6513 = ORIENTED_EDGE('',*,*,#6514,.F.);
#6514 = EDGE_CURVE('',#6466,#6341,#6515,.T.);
#6515 = SURFACE_CURVE('',#6516,(#6520,#6527),.PCURVE_S1.);
#6516 = LINE('',#6517,#6518);
#6517 = CARTESIAN_POINT('',(3.335E+03,-100.,1.304E+03));
#6518 = VECTOR('',#6519,1.);
#6519 = DIRECTION('',(0.,0.,1.));
#6520 = PCURVE('',#5828,#6521);
#6521 = DEFINITIONAL_REPRESENTATION('',(#6522),#6526);
#6522 = LINE('',#6523,#6524);
#6523 = CARTESIAN_POINT('',(0.,0.));
#6524 = VECTOR('',#6525,1.);
#6525 = DIRECTION('',(1.,0.));
#6526 = ( GEOMETRIC_REPRESENTATION_CONTEXT(2) 
PARAMETRIC_REPRESENTATION_CONTEXT() REPRESENTATION_CONTEXT('2D SPACE',''
  ) );
#6527 = PCURVE('',#6379,#6528);
#6528 = DEFINITIONAL_REPRESENTATION('',(#6529),#6533);
#6529 = LINE('',#6530,#6531);
#6530 = CARTESIAN_POINT('',(0.,0.));
#6531 = VECTOR('',#6532,1.);
#6532 = DIRECTION('',(1.,0.));
#6533 = ( GEOMETRIC_REPRESENTATION_CONTEXT(2) 
PARAMETRIC_REPRESENTATION_CONTEXT() REPRESENTATION_CONTEXT('2D SPACE',''
  ) );
#6534 = ORIENTED_EDGE('',*,*,#6465,.T.);
#6535 = ORIENTED_EDGE('',*,*,#5812,.T.);
#6536 = ORIENTED_EDGE('',*,*,#6340,.F.);
#6537 = ADVANCED_FACE('',(#6538),#6046,.T.);
#6538 = FACE_BOUND('',#6539,.T.);
#6539 = EDGE_LOOP('',(#6540));
#6540 = ORIENTED_EDGE('',*,*,#6029,.T.);
#6541 = ADVANCED_FACE('',(#6542),#6123,.F.);
#6542 = FACE_BOUND('',#6543,.F.);
#6543 = EDGE_LOOP('',(#6544,#6545,#6546,#6547));
#6544 = ORIENTED_EDGE('',*,*,#6259,.F.);
#6545 = ORIENTED_EDGE('',*,*,#6209,.T.);
#6546 = ORIENTED_EDGE('',*,*,#6107,.T.);
#6547 = ORIENTED_EDGE('',*,*,#6160,.F.);
#6548 = ADVANCED_FACE('',(#6549),#6302,.T.);
#6549 = FACE_BOUND('',#6550,.T.);
#6550 = EDGE_LOOP('',(#6551));
#6551 = ORIENTED_EDGE('',*,*,#6285,.T.);
#6552 = ADVANCED_FACE('',(#6553),#6379,.F.);
#6553 = FACE_BOUND('',#6554,.F.);
#6554 = EDGE_LOOP('',(#6555,#6556,#6557,#6558));
#6555 = ORIENTED_EDGE('',*,*,#6488,.F.);
#6556 = ORIENTED_EDGE('',*,*,#6514,.T.);
#6557 = ORIENTED_EDGE('',*,*,#6363,.T.);
#6558 = ORIENTED_EDGE('',*,*,#6416,.F.);
#6559 = ( GEOMETRIC_REPRESENTATION_CONTEXT(3) 
GLOBAL_UNCERTAINTY_ASSIGNED_CONTEXT((#6563)) 
GLOBAL_UNIT_ASSIGNED_CONTEXT((#6560,#6561,#6562)) REPRESENTATION_CONTEXT
('Context #1','3D Context with UNIT and UNCERTAINTY') );
#6560 = ( LENGTH_UNIT() NAMED_UNIT(*) SI_UNIT(.MILLI.,.METRE.) );
#6561 = ( NAMED_UNIT(*) PLANE_ANGLE_UNIT() SI_UNIT($,.RADIAN.) );
#6562 = ( NAMED_UNIT(*) SI_UNIT($,.STERADIAN.) SOLID_ANGLE_UNIT() );
#6563 = UNCERTAINTY_MEASURE_WITH_UNIT(LENGTH_MEASURE(1.E-07),#6560,
  'distance_accuracy_value','confusion accuracy');
#6564 = CONTEXT_DEPENDENT_SHAPE_REPRESENTATION(#6565,#6567);
#6565 = ( REPRESENTATION_RELATIONSHIP('','',#5396,#10) 
REPRESENTATION_RELATIONSHIP_WITH_TRANSFORMATION(#6566) 
SHAPE_REPRESENTATION_RELATIONSHIP() );
#6566 = ITEM_DEFINED_TRANSFORMATION('','',#11,#39);
#6567 = PRODUCT_DEFINITION_SHAPE('Placement','Placement of an item',
  #6568);
#6568 = NEXT_ASSEMBLY_USAGE_OCCURRENCE('7','=>[0:1:1:8]','',#5,#5391,$);
#6569 = PRODUCT_RELATED_PRODUCT_CATEGORY('part',$,(#5393));
#6570 = SHAPE_DEFINITION_REPRESENTATION(#6571,#6577);
#6571 = PRODUCT_DEFINITION_SHAPE('','',#6572);
#6572 = PRODUCT_DEFINITION('design','',#6573,#6576);
#6573 = PRODUCT_DEFINITION_FORMATION('','',#6574);
#6574 = PRODUCT('COMPOUND','COMPOUND','',(#6575));
#6575 = PRODUCT_CONTEXT('',#2,'mechanical');
#6576 = PRODUCT_DEFINITION_CONTEXT('part definition',#2,'design');
#6577 = ADVANCED_BREP_SHAPE_REPRESENTATION('',(#11,#6578),#6908);
#6578 = MANIFOLD_SOLID_BREP('',#6579);
#6579 = CLOSED_SHELL('',(#6580,#6700,#6800,#6847,#6894,#6901));
#6580 = ADVANCED_FACE('',(#6581),#6595,.F.);
#6581 = FACE_BOUND('',#6582,.F.);
#6582 = EDGE_LOOP('',(#6583,#6618,#6646,#6674));
#6583 = ORIENTED_EDGE('',*,*,#6584,.F.);
#6584 = EDGE_CURVE('',#6585,#6587,#6589,.T.);
#6585 = VERTEX_POINT('',#6586);
#6586 = CARTESIAN_POINT('',(-80.,-35.,-20.));
#6587 = VERTEX_POINT('',#6588);
#6588 = CARTESIAN_POINT('',(-80.,-35.,20.));
#6589 = SURFACE_CURVE('',#6590,(#6594,#6606),.PCURVE_S1.);
#6590 = LINE('',#6591,#6592);
#6591 = CARTESIAN_POINT('',(-80.,-35.,-20.));
#6592 = VECTOR('',#6593,1.);
#6593 = DIRECTION('',(0.,0.,1.));
#6594 = PCURVE('',#6595,#6600);
#6595 = PLANE('',#6596);
#6596 = AXIS2_PLACEMENT_3D('',#6597,#6598,#6599);
#6597 = CARTESIAN_POINT('',(-80.,-35.,-20.));
#6598 = DIRECTION('',(1.,0.,-0.));
#6599 = DIRECTION('',(0.,0.,1.));
#6600 = DEFINITIONAL_REPRESENTATION('',(#6601),#6605);
#6601 = LINE('',#6602,#6603);
#6602 = CARTESIAN_POINT('',(0.,0.));
#6603 = VECTOR('',#6604,1.);
#6604 = DIRECTION('',(1.,0.));
#6605 = ( GEOMETRIC_REPRESENTATION_CONTEXT(2) 
PARAMETRIC_REPRESENTATION_CONTEXT() REPRESENTATION_CONTEXT('2D SPACE',''
  ) );
#6606 = PCURVE('',#6607,#6612);
#6607 = PLANE('',#6608);
#6608 = AXIS2_PLACEMENT_3D('',#6609,#6610,#6611);
#6609 = CARTESIAN_POINT('',(-80.,-35.,-20.));
#6610 = DIRECTION('',(-0.,1.,0.));
#6611 = DIRECTION('',(0.,0.,1.));
#6612 = DEFINITIONAL_REPRESENTATION('',(#6613),#6617);
#6613 = LINE('',#6614,#6615);
#6614 = CARTESIAN_POINT('',(0.,0.));
#6615 = VECTOR('',#6616,1.);
#6616 = DIRECTION('',(1.,0.));
#6617 = ( GEOMETRIC_REPRESENTATION_CONTEXT(2) 
PARAMETRIC_REPRESENTATION_CONTEXT() REPRESENTATION_CONTEXT('2D SPACE',''
  ) );
#6618 = ORIENTED_EDGE('',*,*,#6619,.T.);
#6619 = EDGE_CURVE('',#6585,#6620,#6622,.T.);
#6620 = VERTEX_POINT('',#6621);
#6621 = CARTESIAN_POINT('',(-80.,35.,-20.));
#6622 = SURFACE_CURVE('',#6623,(#6627,#6634),.PCURVE_S1.);
#6623 = LINE('',#6624,#6625);
#6624 = CARTESIAN_POINT('',(-80.,-35.,-20.));
#6625 = VECTOR('',#6626,1.);
#6626 = DIRECTION('',(-0.,1.,0.));
#6627 = PCURVE('',#6595,#6628);
#6628 = DEFINITIONAL_REPRESENTATION('',(#6629),#6633);
#6629 = LINE('',#6630,#6631);
#6630 = CARTESIAN_POINT('',(0.,0.));
#6631 = VECTOR('',#6632,1.);
#6632 = DIRECTION('',(0.,-1.));
#6633 = ( GEOMETRIC_REPRESENTATION_CONTEXT(2) 
PARAMETRIC_REPRESENTATION_CONTEXT() REPRESENTATION_CONTEXT('2D SPACE',''
  ) );
#6634 = PCURVE('',#6635,#6640);
#6635 = PLANE('',#6636);
#6636 = AXIS2_PLACEMENT_3D('',#6637,#6638,#6639);
#6637 = CARTESIAN_POINT('',(-80.,-35.,-20.));
#6638 = DIRECTION('',(0.,0.,1.));
#6639 = DIRECTION('',(1.,0.,-0.));
#6640 = DEFINITIONAL_REPRESENTATION('',(#6641),#6645);
#6641 = LINE('',#6642,#6643);
#6642 = CARTESIAN_POINT('',(0.,0.));
#6643 = VECTOR('',#6644,1.);
#6644 = DIRECTION('',(0.,1.));
#6645 = ( GEOMETRIC_REPRESENTATION_CONTEXT(2) 
PARAMETRIC_REPRESENTATION_CONTEXT() REPRESENTATION_CONTEXT('2D SPACE',''
  ) );
#6646 = ORIENTED_EDGE('',*,*,#6647,.T.);
#6647 = EDGE_CURVE('',#6620,#6648,#6650,.T.);
#6648 = VERTEX_POINT('',#6649);
#6649 = CARTESIAN_POINT('',(-80.,35.,20.));
#6650 = SURFACE_CURVE('',#6651,(#6655,#6662),.PCURVE_S1.);
#6651 = LINE('',#6652,#6653);
#6652 = CARTESIAN_POINT('',(-80.,35.,-20.));
#6653 = VECTOR('',#6654,1.);
#6654 = DIRECTION('',(0.,0.,1.));
#6655 = PCURVE('',#6595,#6656);
#6656 = DEFINITIONAL_REPRESENTATION('',(#6657),#6661);
#6657 = LINE('',#6658,#6659);
#6658 = CARTESIAN_POINT('',(0.,-70.));
#6659 = VECTOR('',#6660,1.);
#6660 = DIRECTION('',(1.,0.));
#6661 = ( GEOMETRIC_REPRESENTATION_CONTEXT(2) 
PARAMETRIC_REPRESENTATION_CONTEXT() REPRESENTATION_CONTEXT('2D SPACE',''
  ) );
#6662 = PCURVE('',#6663,#6668);
#6663 = PLANE('',#6664);
#6664 = AXIS2_PLACEMENT_3D('',#6665,#6666,#6667);
#6665 = CARTESIAN_POINT('',(-80.,35.,-20.));
#6666 = DIRECTION('',(-0.,1.,0.));
#6667 = DIRECTION('',(0.,0.,1.));
#6668 = DEFINITIONAL_REPRESENTATION('',(#6669),#6673);
#6669 = LINE('',#6670,#6671);
#6670 = CARTESIAN_POINT('',(0.,0.));
#6671 = VECTOR('',#6672,1.);
#6672 = DIRECTION('',(1.,0.));
#6673 = ( GEOMETRIC_REPRESENTATION_CONTEXT(2) 
PARAMETRIC_REPRESENTATION_CONTEXT() REPRESENTATION_CONTEXT('2D SPACE',''
  ) );
#6674 = ORIENTED_EDGE('',*,*,#6675,.F.);
#6675 = EDGE_CURVE('',#6587,#6648,#6676,.T.);
#6676 = SURFACE_CURVE('',#6677,(#6681,#6688),.PCURVE_S1.);
#6677 = LINE('',#6678,#6679);
#6678 = CARTESIAN_POINT('',(-80.,-35.,20.));
#6679 = VECTOR('',#6680,1.);
#6680 = DIRECTION('',(-0.,1.,0.));
#6681 = PCURVE('',#6595,#6682);
#6682 = DEFINITIONAL_REPRESENTATION('',(#6683),#6687);
#6683 = LINE('',#6684,#6685);
#6684 = CARTESIAN_POINT('',(40.,0.));
#6685 = VECTOR('',#6686,1.);
#6686 = DIRECTION('',(0.,-1.));
#6687 = ( GEOMETRIC_REPRESENTATION_CONTEXT(2) 
PARAMETRIC_REPRESENTATION_CONTEXT() REPRESENTATION_CONTEXT('2D SPACE',''
  ) );
#6688 = PCURVE('',#6689,#6694);
#6689 = PLANE('',#6690);
#6690 = AXIS2_PLACEMENT_3D('',#6691,#6692,#6693);
#6691 = CARTESIAN_POINT('',(-80.,-35.,20.));
#6692 = DIRECTION('',(0.,0.,1.));
#6693 = DIRECTION('',(1.,0.,-0.));
#6694 = DEFINITIONAL_REPRESENTATION('',(#6695),#6699);
#6695 = LINE('',#6696,#6697);
#6696 = CARTESIAN_POINT('',(0.,0.));
#6697 = VECTOR('',#6698,1.);
#6698 = DIRECTION('',(0.,1.));
#6699 = ( GEOMETRIC_REPRESENTATION_CONTEXT(2) 
PARAMETRIC_REPRESENTATION_CONTEXT() REPRESENTATION_CONTEXT('2D SPACE',''
  ) );
#6700 = ADVANCED_FACE('',(#6701),#6715,.T.);
#6701 = FACE_BOUND('',#6702,.T.);
#6702 = EDGE_LOOP('',(#6703,#6733,#6756,#6779));
#6703 = ORIENTED_EDGE('',*,*,#6704,.F.);
#6704 = EDGE_CURVE('',#6705,#6707,#6709,.T.);
#6705 = VERTEX_POINT('',#6706);
#6706 = CARTESIAN_POINT('',(80.,-35.,-20.));
#6707 = VERTEX_POINT('',#6708);
#6708 = CARTESIAN_POINT('',(80.,-35.,20.));
#6709 = SURFACE_CURVE('',#6710,(#6714,#6726),.PCURVE_S1.);
#6710 = LINE('',#6711,#6712);
#6711 = CARTESIAN_POINT('',(80.,-35.,-20.));
#6712 = VECTOR('',#6713,1.);
#6713 = DIRECTION('',(0.,0.,1.));
#6714 = PCURVE('',#6715,#6720);
#6715 = PLANE('',#6716);
#6716 = AXIS2_PLACEMENT_3D('',#6717,#6718,#6719);
#6717 = CARTESIAN_POINT('',(80.,-35.,-20.));
#6718 = DIRECTION('',(1.,0.,-0.));
#6719 = DIRECTION('',(0.,0.,1.));
#6720 = DEFINITIONAL_REPRESENTATION('',(#6721),#6725);
#6721 = LINE('',#6722,#6723);
#6722 = CARTESIAN_POINT('',(0.,0.));
#6723 = VECTOR('',#6724,1.);
#6724 = DIRECTION('',(1.,0.));
#6725 = ( GEOMETRIC_REPRESENTATION_CONTEXT(2) 
PARAMETRIC_REPRESENTATION_CONTEXT() REPRESENTATION_CONTEXT('2D SPACE',''
  ) );
#6726 = PCURVE('',#6607,#6727);
#6727 = DEFINITIONAL_REPRESENTATION('',(#6728),#6732);
#6728 = LINE('',#6729,#6730);
#6729 = CARTESIAN_POINT('',(0.,160.));
#6730 = VECTOR('',#6731,1.);
#6731 = DIRECTION('',(1.,0.));
#6732 = ( GEOMETRIC_REPRESENTATION_CONTEXT(2) 
PARAMETRIC_REPRESENTATION_CONTEXT() REPRESENTATION_CONTEXT('2D SPACE',''
  ) );
#6733 = ORIENTED_EDGE('',*,*,#6734,.T.);
#6734 = EDGE_CURVE('',#6705,#6735,#6737,.T.);
#6735 = VERTEX_POINT('',#6736);
#6736 = CARTESIAN_POINT('',(80.,35.,-20.));
#6737 = SURFACE_CURVE('',#6738,(#6742,#6749),.PCURVE_S1.);
#6738 = LINE('',#6739,#6740);
#6739 = CARTESIAN_POINT('',(80.,-35.,-20.));
#6740 = VECTOR('',#6741,1.);
#6741 = DIRECTION('',(-0.,1.,0.));
#6742 = PCURVE('',#6715,#6743);
#6743 = DEFINITIONAL_REPRESENTATION('',(#6744),#6748);
#6744 = LINE('',#6745,#6746);
#6745 = CARTESIAN_POINT('',(0.,0.));
#6746 = VECTOR('',#6747,1.);
#6747 = DIRECTION('',(0.,-1.));
#6748 = ( GEOMETRIC_REPRESENTATION_CONTEXT(2) 
PARAMETRIC_REPRESENTATION_CONTEXT() REPRESENTATION_CONTEXT('2D SPACE',''
  ) );
#6749 = PCURVE('',#6635,#6750);
#6750 = DEFINITIONAL_REPRESENTATION('',(#6751),#6755);
#6751 = LINE('',#6752,#6753);
#6752 = CARTESIAN_POINT('',(160.,0.));
#6753 = VECTOR('',#6754,1.);
#6754 = DIRECTION('',(0.,1.));
#6755 = ( GEOMETRIC_REPRESENTATION_CONTEXT(2) 
PARAMETRIC_REPRESENTATION_CONTEXT() REPRESENTATION_CONTEXT('2D SPACE',''
  ) );
#6756 = ORIENTED_EDGE('',*,*,#6757,.T.);
#6757 = EDGE_CURVE('',#6735,#6758,#6760,.T.);
#6758 = VERTEX_POINT('',#6759);
#6759 = CARTESIAN_POINT('',(80.,35.,20.));
#6760 = SURFACE_CURVE('',#6761,(#6765,#6772),.PCURVE_S1.);
#6761 = LINE('',#6762,#6763);
#6762 = CARTESIAN_POINT('',(80.,35.,-20.));
#6763 = VECTOR('',#6764,1.);
#6764 = DIRECTION('',(0.,0.,1.));
#6765 = PCURVE('',#6715,#6766);
#6766 = DEFINITIONAL_REPRESENTATION('',(#6767),#6771);
#6767 = LINE('',#6768,#6769);
#6768 = CARTESIAN_POINT('',(0.,-70.));
#6769 = VECTOR('',#6770,1.);
#6770 = DIRECTION('',(1.,0.));
#6771 = ( GEOMETRIC_REPRESENTATION_CONTEXT(2) 
PARAMETRIC_REPRESENTATION_CONTEXT() REPRESENTATION_CONTEXT('2D SPACE',''
  ) );
#6772 = PCURVE('',#6663,#6773);
#6773 = DEFINITIONAL_REPRESENTATION('',(#6774),#6778);
#6774 = LINE('',#6775,#6776);
#6775 = CARTESIAN_POINT('',(0.,160.));
#6776 = VECTOR('',#6777,1.);
#6777 = DIRECTION('',(1.,0.));
#6778 = ( GEOMETRIC_REPRESENTATION_CONTEXT(2) 
PARAMETRIC_REPRESENTATION_CONTEXT() REPRESENTATION_CONTEXT('2D SPACE',''
  ) );
#6779 = ORIENTED_EDGE('',*,*,#6780,.F.);
#6780 = EDGE_CURVE('',#6707,#6758,#6781,.T.);
#6781 = SURFACE_CURVE('',#6782,(#6786,#6793),.PCURVE_S1.);
#6782 = LINE('',#6783,#6784);
#6783 = CARTESIAN_POINT('',(80.,-35.,20.));
#6784 = VECTOR('',#6785,1.);
#6785 = DIRECTION('',(-0.,1.,0.));
#6786 = PCURVE('',#6715,#6787);
#6787 = DEFINITIONAL_REPRESENTATION('',(#6788),#6792);
#6788 = LINE('',#6789,#6790);
#6789 = CARTESIAN_POINT('',(40.,0.));
#6790 = VECTOR('',#6791,1.);
#6791 = DIRECTION('',(0.,-1.));
#6792 = ( GEOMETRIC_REPRESENTATION_CONTEXT(2) 
PARAMETRIC_REPRESENTATION_CONTEXT() REPRESENTATION_CONTEXT('2D SPACE',''
  ) );
#6793 = PCURVE('',#6689,#6794);
#6794 = DEFINITIONAL_REPRESENTATION('',(#6795),#6799);
#6795 = LINE('',#6796,#6797);
#6796 = CARTESIAN_POINT('',(160.,0.));
#6797 = VECTOR('',#6798,1.);
#6798 = DIRECTION('',(0.,1.));
#6799 = ( GEOMETRIC_REPRESENTATION_CONTEXT(2) 
PARAMETRIC_REPRESENTATION_CONTEXT() REPRESENTATION_CONTEXT('2D SPACE',''
  ) );
#6800 = ADVANCED_FACE('',(#6801),#6607,.F.);
#6801 = FACE_BOUND('',#6802,.F.);
#6802 = EDGE_LOOP('',(#6803,#6824,#6825,#6846));
#6803 = ORIENTED_EDGE('',*,*,#6804,.F.);
#6804 = EDGE_CURVE('',#6585,#6705,#6805,.T.);
#6805 = SURFACE_CURVE('',#6806,(#6810,#6817),.PCURVE_S1.);
#6806 = LINE('',#6807,#6808);
#6807 = CARTESIAN_POINT('',(-80.,-35.,-20.));
#6808 = VECTOR('',#6809,1.);
#6809 = DIRECTION('',(1.,0.,-0.));
#6810 = PCURVE('',#6607,#6811);
#6811 = DEFINITIONAL_REPRESENTATION('',(#6812),#6816);
#6812 = LINE('',#6813,#6814);
#6813 = CARTESIAN_POINT('',(0.,0.));
#6814 = VECTOR('',#6815,1.);
#6815 = DIRECTION('',(0.,1.));
#6816 = ( GEOMETRIC_REPRESENTATION_CONTEXT(2) 
PARAMETRIC_REPRESENTATION_CONTEXT() REPRESENTATION_CONTEXT('2D SPACE',''
  ) );
#6817 = PCURVE('',#6635,#6818);
#6818 = DEFINITIONAL_REPRESENTATION('',(#6819),#6823);
#6819 = LINE('',#6820,#6821);
#6820 = CARTESIAN_POINT('',(0.,0.));
#6821 = VECTOR('',#6822,1.);
#6822 = DIRECTION('',(1.,0.));
#6823 = ( GEOMETRIC_REPRESENTATION_CONTEXT(2) 
PARAMETRIC_REPRESENTATION_CONTEXT() REPRESENTATION_CONTEXT('2D SPACE',''
  ) );
#6824 = ORIENTED_EDGE('',*,*,#6584,.T.);
#6825 = ORIENTED_EDGE('',*,*,#6826,.T.);
#6826 = EDGE_CURVE('',#6587,#6707,#6827,.T.);
#6827 = SURFACE_CURVE('',#6828,(#6832,#6839),.PCURVE_S1.);
#6828 = LINE('',#6829,#6830);
#6829 = CARTESIAN_POINT('',(-80.,-35.,20.));
#6830 = VECTOR('',#6831,1.);
#6831 = DIRECTION('',(1.,0.,-0.));
#6832 = PCURVE('',#6607,#6833);
#6833 = DEFINITIONAL_REPRESENTATION('',(#6834),#6838);
#6834 = LINE('',#6835,#6836);
#6835 = CARTESIAN_POINT('',(40.,0.));
#6836 = VECTOR('',#6837,1.);
#6837 = DIRECTION('',(0.,1.));
#6838 = ( GEOMETRIC_REPRESENTATION_CONTEXT(2) 
PARAMETRIC_REPRESENTATION_CONTEXT() REPRESENTATION_CONTEXT('2D SPACE',''
  ) );
#6839 = PCURVE('',#6689,#6840);
#6840 = DEFINITIONAL_REPRESENTATION('',(#6841),#6845);
#6841 = LINE('',#6842,#6843);
#6842 = CARTESIAN_POINT('',(0.,0.));
#6843 = VECTOR('',#6844,1.);
#6844 = DIRECTION('',(1.,0.));
#6845 = ( GEOMETRIC_REPRESENTATION_CONTEXT(2) 
PARAMETRIC_REPRESENTATION_CONTEXT() REPRESENTATION_CONTEXT('2D SPACE',''
  ) );
#6846 = ORIENTED_EDGE('',*,*,#6704,.F.);
#6847 = ADVANCED_FACE('',(#6848),#6663,.T.);
#6848 = FACE_BOUND('',#6849,.T.);
#6849 = EDGE_LOOP('',(#6850,#6871,#6872,#6893));
#6850 = ORIENTED_EDGE('',*,*,#6851,.F.);
#6851 = EDGE_CURVE('',#6620,#6735,#6852,.T.);
#6852 = SURFACE_CURVE('',#6853,(#6857,#6864),.PCURVE_S1.);
#6853 = LINE('',#6854,#6855);
#6854 = CARTESIAN_POINT('',(-80.,35.,-20.));
#6855 = VECTOR('',#6856,1.);
#6856 = DIRECTION('',(1.,0.,-0.));
#6857 = PCURVE('',#6663,#6858);
#6858 = DEFINITIONAL_REPRESENTATION('',(#6859),#6863);
#6859 = LINE('',#6860,#6861);
#6860 = CARTESIAN_POINT('',(0.,0.));
#6861 = VECTOR('',#6862,1.);
#6862 = DIRECTION('',(0.,1.));
#6863 = ( GEOMETRIC_REPRESENTATION_CONTEXT(2) 
PARAMETRIC_REPRESENTATION_CONTEXT() REPRESENTATION_CONTEXT('2D SPACE',''
  ) );
#6864 = PCURVE('',#6635,#6865);
#6865 = DEFINITIONAL_REPRESENTATION('',(#6866),#6870);
#6866 = LINE('',#6867,#6868);
#6867 = CARTESIAN_POINT('',(0.,70.));
#6868 = VECTOR('',#6869,1.);
#6869 = DIRECTION('',(1.,0.));
#6870 = ( GEOMETRIC_REPRESENTATION_CONTEXT(2) 
PARAMETRIC_REPRESENTATION_CONTEXT() REPRESENTATION_CONTEXT('2D SPACE',''
  ) );
#6871 = ORIENTED_EDGE('',*,*,#6647,.T.);
#6872 = ORIENTED_EDGE('',*,*,#6873,.T.);
#6873 = EDGE_CURVE('',#6648,#6758,#6874,.T.);
#6874 = SURFACE_CURVE('',#6875,(#6879,#6886),.PCURVE_S1.);
#6875 = LINE('',#6876,#6877);
#6876 = CARTESIAN_POINT('',(-80.,35.,20.));
#6877 = VECTOR('',#6878,1.);
#6878 = DIRECTION('',(1.,0.,-0.));
#6879 = PCURVE('',#6663,#6880);
#6880 = DEFINITIONAL_REPRESENTATION('',(#6881),#6885);
#6881 = LINE('',#6882,#6883);
#6882 = CARTESIAN_POINT('',(40.,0.));
#6883 = VECTOR('',#6884,1.);
#6884 = DIRECTION('',(0.,1.));
#6885 = ( GEOMETRIC_REPRESENTATION_CONTEXT(2) 
PARAMETRIC_REPRESENTATION_CONTEXT() REPRESENTATION_CONTEXT('2D SPACE',''
  ) );
#6886 = PCURVE('',#6689,#6887);
#6887 = DEFINITIONAL_REPRESENTATION('',(#6888),#6892);
#6888 = LINE('',#6889,#6890);
#6889 = CARTESIAN_POINT('',(0.,70.));
#6890 = VECTOR('',#6891,1.);
#6891 = DIRECTION('',(1.,0.));
#6892 = ( GEOMETRIC_REPRESENTATION_CONTEXT(2) 
PARAMETRIC_REPRESENTATION_CONTEXT() REPRESENTATION_CONTEXT('2D SPACE',''
  ) );
#6893 = ORIENTED_EDGE('',*,*,#6757,.F.);
#6894 = ADVANCED_FACE('',(#6895),#6635,.F.);
#6895 = FACE_BOUND('',#6896,.F.);
#6896 = EDGE_LOOP('',(#6897,#6898,#6899,#6900));
#6897 = ORIENTED_EDGE('',*,*,#6619,.F.);
#6898 = ORIENTED_EDGE('',*,*,#6804,.T.);
#6899 = ORIENTED_EDGE('',*,*,#6734,.T.);
#6900 = ORIENTED_EDGE('',*,*,#6851,.F.);
#6901 = ADVANCED_FACE('',(#6902),#6689,.T.);
#6902 = FACE_BOUND('',#6903,.T.);
#6903 = EDGE_LOOP('',(#6904,#6905,#6906,#6907));
#6904 = ORIENTED_EDGE('',*,*,#6675,.F.);
#6905 = ORIENTED_EDGE('',*,*,#6826,.T.);
#6906 = ORIENTED_EDGE('',*,*,#6780,.T.);
#6907 = ORIENTED_EDGE('',*,*,#6873,.F.);
#6908 = ( GEOMETRIC_REPRESENTATION_CONTEXT(3) 
GLOBAL_UNCERTAINTY_ASSIGNED_CONTEXT((#6912)) 
GLOBAL_UNIT_ASSIGNED_CONTEXT((#6909,#6910,#6911)) REPRESENTATION_CONTEXT
('Context #1','3D Context with UNIT and UNCERTAINTY') );
#6909 = ( LENGTH_UNIT() NAMED_UNIT(*) SI_UNIT(.MILLI.,.METRE.) );
#6910 = ( NAMED_UNIT(*) PLANE_ANGLE_UNIT() SI_UNIT($,.RADIAN.) );
#6911 = ( NAMED_UNIT(*) SI_UNIT($,.STERADIAN.) SOLID_ANGLE_UNIT() );
#6912 = UNCERTAINTY_MEASURE_WITH_UNIT(LENGTH_MEASURE(1.E-07),#6909,
  'distance_accuracy_value','confusion accuracy');
#6913 = CONTEXT_DEPENDENT_SHAPE_REPRESENTATION(#6914,#6916);
#6914 = ( REPRESENTATION_RELATIONSHIP('','',#6577,#10) 
REPRESENTATION_RELATIONSHIP_WITH_TRANSFORMATION(#6915) 
SHAPE_REPRESENTATION_RELATIONSHIP() );
#6915 = ITEM_DEFINED_TRANSFORMATION('','',#11,#43);
#6916 = PRODUCT_DEFINITION_SHAPE('Placement','Placement of an item',
  #6917);
#6917 = NEXT_ASSEMBLY_USAGE_OCCURRENCE('8','=>[0:1:1:9]','',#5,#6572,$);
#6918 = PRODUCT_RELATED_PRODUCT_CATEGORY('part',$,(#6574));
#6919 = SHAPE_DEFINITION_REPRESENTATION(#6920,#6926);
#6920 = PRODUCT_DEFINITION_SHAPE('','',#6921);
#6921 = PRODUCT_DEFINITION('design','',#6922,#6925);
#6922 = PRODUCT_DEFINITION_FORMATION('','',#6923);
#6923 = PRODUCT('COMPOUND','COMPOUND','',(#6924));
#6924 = PRODUCT_CONTEXT('',#2,'mechanical');
#6925 = PRODUCT_DEFINITION_CONTEXT('part definition',#2,'design');
#6926 = SHAPE_REPRESENTATION('',(#11,#6927,#9243,#9521),#10151);
#6927 = MANIFOLD_SOLID_BREP('',#6928);
#6928 = CLOSED_SHELL('',(#6929,#7049,#7125,#7196,#7258,#7313,#7348,#8575
    ,#8622,#8649,#8676,#8683,#8730,#8757,#8784,#8791,#8838,#8865,#8892,
    #8899,#8946,#8973,#9000,#9007,#9054,#9082,#9109,#9117,#9152,#9206,
    #9233));
#6929 = ADVANCED_FACE('',(#6930),#6944,.F.);
#6930 = FACE_BOUND('',#6931,.F.);
#6931 = EDGE_LOOP('',(#6932,#6967,#6995,#7023));
#6932 = ORIENTED_EDGE('',*,*,#6933,.F.);
#6933 = EDGE_CURVE('',#6934,#6936,#6938,.T.);
#6934 = VERTEX_POINT('',#6935);
#6935 = CARTESIAN_POINT('',(2.48E+03,-12.,2.18E+03));
#6936 = VERTEX_POINT('',#6937);
#6937 = CARTESIAN_POINT('',(2.48E+03,-12.,2.42E+03));
#6938 = SURFACE_CURVE('',#6939,(#6943,#6955),.PCURVE_S1.);
#6939 = LINE('',#6940,#6941);
#6940 = CARTESIAN_POINT('',(2.48E+03,-12.,2.18E+03));
#6941 = VECTOR('',#6942,1.);
#6942 = DIRECTION('',(0.,0.,1.));
#6943 = PCURVE('',#6944,#6949);
#6944 = PLANE('',#6945);
#6945 = AXIS2_PLACEMENT_3D('',#6946,#6947,#6948);
#6946 = CARTESIAN_POINT('',(2.48E+03,-12.,2.18E+03));
#6947 = DIRECTION('',(1.,0.,-0.));
#6948 = DIRECTION('',(0.,0.,1.));
#6949 = DEFINITIONAL_REPRESENTATION('',(#6950),#6954);
#6950 = LINE('',#6951,#6952);
#6951 = CARTESIAN_POINT('',(0.,0.));
#6952 = VECTOR('',#6953,1.);
#6953 = DIRECTION('',(1.,0.));
#6954 = ( GEOMETRIC_REPRESENTATION_CONTEXT(2) 
PARAMETRIC_REPRESENTATION_CONTEXT() REPRESENTATION_CONTEXT('2D SPACE',''
  ) );
#6955 = PCURVE('',#6956,#6961);
#6956 = PLANE('',#6957);
#6957 = AXIS2_PLACEMENT_3D('',#6958,#6959,#6960);
#6958 = CARTESIAN_POINT('',(2.48E+03,-12.,2.18E+03));
#6959 = DIRECTION('',(-0.,1.,0.));
#6960 = DIRECTION('',(0.,0.,1.));
#6961 = DEFINITIONAL_REPRESENTATION('',(#6962),#6966);
#6962 = LINE('',#6963,#6964);
#6963 = CARTESIAN_POINT('',(0.,0.));
#6964 = VECTOR('',#6965,1.);
#6965 = DIRECTION('',(1.,0.));
#6966 = ( GEOMETRIC_REPRESENTATION_CONTEXT(2) 
PARAMETRIC_REPRESENTATION_CONTEXT() REPRESENTATION_CONTEXT('2D SPACE',''
  ) );
#6967 = ORIENTED_EDGE('',*,*,#6968,.T.);
#6968 = EDGE_CURVE('',#6934,#6969,#6971,.T.);
#6969 = VERTEX_POINT('',#6970);
#6970 = CARTESIAN_POINT('',(2.48E+03,0.,2.18E+03));
#6971 = SURFACE_CURVE('',#6972,(#6976,#6983),.PCURVE_S1.);
#6972 = LINE('',#6973,#6974);
#6973 = CARTESIAN_POINT('',(2.48E+03,-12.,2.18E+03));
#6974 = VECTOR('',#6975,1.);
#6975 = DIRECTION('',(-0.,1.,0.));
#6976 = PCURVE('',#6944,#6977);
#6977 = DEFINITIONAL_REPRESENTATION('',(#6978),#6982);
#6978 = LINE('',#6979,#6980);
#6979 = CARTESIAN_POINT('',(0.,0.));
#6980 = VECTOR('',#6981,1.);
#6981 = DIRECTION('',(0.,-1.));
#6982 = ( GEOMETRIC_REPRESENTATION_CONTEXT(2) 
PARAMETRIC_REPRESENTATION_CONTEXT() REPRESENTATION_CONTEXT('2D SPACE',''
  ) );
#6983 = PCURVE('',#6984,#6989);
#6984 = PLANE('',#6985);
#6985 = AXIS2_PLACEMENT_3D('',#6986,#6987,#6988);
#6986 = CARTESIAN_POINT('',(2.48E+03,-12.,2.18E+03));
#6987 = DIRECTION('',(0.,0.,1.));
#6988 = DIRECTION('',(1.,0.,-0.));
#6989 = DEFINITIONAL_REPRESENTATION('',(#6990),#6994);
#6990 = LINE('',#6991,#6992);
#6991 = CARTESIAN_POINT('',(0.,0.));
#6992 = VECTOR('',#6993,1.);
#6993 = DIRECTION('',(0.,1.));
#6994 = ( GEOMETRIC_REPRESENTATION_CONTEXT(2) 
PARAMETRIC_REPRESENTATION_CONTEXT() REPRESENTATION_CONTEXT('2D SPACE',''
  ) );
#6995 = ORIENTED_EDGE('',*,*,#6996,.T.);
#6996 = EDGE_CURVE('',#6969,#6997,#6999,.T.);
#6997 = VERTEX_POINT('',#6998);
#6998 = CARTESIAN_POINT('',(2.48E+03,0.,2.42E+03));
#6999 = SURFACE_CURVE('',#7000,(#7004,#7011),.PCURVE_S1.);
#7000 = LINE('',#7001,#7002);
#7001 = CARTESIAN_POINT('',(2.48E+03,0.,2.18E+03));
#7002 = VECTOR('',#7003,1.);
#7003 = DIRECTION('',(0.,0.,1.));
#7004 = PCURVE('',#6944,#7005);
#7005 = DEFINITIONAL_REPRESENTATION('',(#7006),#7010);
#7006 = LINE('',#7007,#7008);
#7007 = CARTESIAN_POINT('',(0.,-12.));
#7008 = VECTOR('',#7009,1.);
#7009 = DIRECTION('',(1.,0.));
#7010 = ( GEOMETRIC_REPRESENTATION_CONTEXT(2) 
PARAMETRIC_REPRESENTATION_CONTEXT() REPRESENTATION_CONTEXT('2D SPACE',''
  ) );
#7011 = PCURVE('',#7012,#7017);
#7012 = PLANE('',#7013);
#7013 = AXIS2_PLACEMENT_3D('',#7014,#7015,#7016);
#7014 = CARTESIAN_POINT('',(2.48E+03,0.,2.18E+03));
#7015 = DIRECTION('',(-0.,1.,0.));
#7016 = DIRECTION('',(0.,0.,1.));
#7017 = DEFINITIONAL_REPRESENTATION('',(#7018),#7022);
#7018 = LINE('',#7019,#7020);
#7019 = CARTESIAN_POINT('',(0.,0.));
#7020 = VECTOR('',#7021,1.);
#7021 = DIRECTION('',(1.,0.));
#7022 = ( GEOMETRIC_REPRESENTATION_CONTEXT(2) 
PARAMETRIC_REPRESENTATION_CONTEXT() REPRESENTATION_CONTEXT('2D SPACE',''
  ) );
#7023 = ORIENTED_EDGE('',*,*,#7024,.F.);
#7024 = EDGE_CURVE('',#6936,#6997,#7025,.T.);
#7025 = SURFACE_CURVE('',#7026,(#7030,#7037),.PCURVE_S1.);
#7026 = LINE('',#7027,#7028);
#7027 = CARTESIAN_POINT('',(2.48E+03,-12.,2.42E+03));
#7028 = VECTOR('',#7029,1.);
#7029 = DIRECTION('',(-0.,1.,0.));
#7030 = PCURVE('',#6944,#7031);
#7031 = DEFINITIONAL_REPRESENTATION('',(#7032),#7036);
#7032 = LINE('',#7033,#7034);
#7033 = CARTESIAN_POINT('',(240.,0.));
#7034 = VECTOR('',#7035,1.);
#7035 = DIRECTION('',(0.,-1.));
#7036 = ( GEOMETRIC_REPRESENTATION_CONTEXT(2) 
PARAMETRIC_REPRESENTATION_CONTEXT() REPRESENTATION_CONTEXT('2D SPACE',''
  ) );
#7037 = PCURVE('',#7038,#7043);
#7038 = PLANE('',#7039);
#7039 = AXIS2_PLACEMENT_3D('',#7040,#7041,#7042);
#7040 = CARTESIAN_POINT('',(2.48E+03,-12.,2.42E+03));
#7041 = DIRECTION('',(0.,0.,1.));
#7042 = DIRECTION('',(1.,0.,-0.));
#7043 = DEFINITIONAL_REPRESENTATION('',(#7044),#7048);
#7044 = LINE('',#7045,#7046);
#7045 = CARTESIAN_POINT('',(0.,0.));
#7046 = VECTOR('',#7047,1.);
#7047 = DIRECTION('',(0.,1.));
#7048 = ( GEOMETRIC_REPRESENTATION_CONTEXT(2) 
PARAMETRIC_REPRESENTATION_CONTEXT() REPRESENTATION_CONTEXT('2D SPACE',''
  ) );
#7049 = ADVANCED_FACE('',(#7050),#6984,.F.);
#7050 = FACE_BOUND('',#7051,.F.);
#7051 = EDGE_LOOP('',(#7052,#7053,#7076,#7104));
#7052 = ORIENTED_EDGE('',*,*,#6968,.F.);
#7053 = ORIENTED_EDGE('',*,*,#7054,.T.);
#7054 = EDGE_CURVE('',#6934,#7055,#7057,.T.);
#7055 = VERTEX_POINT('',#7056);
#7056 = CARTESIAN_POINT('',(2.72E+03,-12.,2.18E+03));
#7057 = SURFACE_CURVE('',#7058,(#7062,#7069),.PCURVE_S1.);
#7058 = LINE('',#7059,#7060);
#7059 = CARTESIAN_POINT('',(2.48E+03,-12.,2.18E+03));
#7060 = VECTOR('',#7061,1.);
#7061 = DIRECTION('',(1.,0.,-0.));
#7062 = PCURVE('',#6984,#7063);
#7063 = DEFINITIONAL_REPRESENTATION('',(#7064),#7068);
#7064 = LINE('',#7065,#7066);
#7065 = CARTESIAN_POINT('',(0.,0.));
#7066 = VECTOR('',#7067,1.);
#7067 = DIRECTION('',(1.,0.));
#7068 = ( GEOMETRIC_REPRESENTATION_CONTEXT(2) 
PARAMETRIC_REPRESENTATION_CONTEXT() REPRESENTATION_CONTEXT('2D SPACE',''
  ) );
#7069 = PCURVE('',#6956,#7070);
#7070 = DEFINITIONAL_REPRESENTATION('',(#7071),#7075);
#7071 = LINE('',#7072,#7073);
#7072 = CARTESIAN_POINT('',(0.,0.));
#7073 = VECTOR('',#7074,1.);
#7074 = DIRECTION('',(0.,1.));
#7075 = ( GEOMETRIC_REPRESENTATION_CONTEXT(2) 
PARAMETRIC_REPRESENTATION_CONTEXT() REPRESENTATION_CONTEXT('2D SPACE',''
  ) );
#7076 = ORIENTED_EDGE('',*,*,#7077,.T.);
#7077 = EDGE_CURVE('',#7055,#7078,#7080,.T.);
#7078 = VERTEX_POINT('',#7079);
#7079 = CARTESIAN_POINT('',(2.72E+03,0.,2.18E+03));
#7080 = SURFACE_CURVE('',#7081,(#7085,#7092),.PCURVE_S1.);
#7081 = LINE('',#7082,#7083);
#7082 = CARTESIAN_POINT('',(2.72E+03,-12.,2.18E+03));
#7083 = VECTOR('',#7084,1.);
#7084 = DIRECTION('',(-0.,1.,0.));
#7085 = PCURVE('',#6984,#7086);
#7086 = DEFINITIONAL_REPRESENTATION('',(#7087),#7091);
#7087 = LINE('',#7088,#7089);
#7088 = CARTESIAN_POINT('',(240.,0.));
#7089 = VECTOR('',#7090,1.);
#7090 = DIRECTION('',(0.,1.));
#7091 = ( GEOMETRIC_REPRESENTATION_CONTEXT(2) 
PARAMETRIC_REPRESENTATION_CONTEXT() REPRESENTATION_CONTEXT('2D SPACE',''
  ) );
#7092 = PCURVE('',#7093,#7098);
#7093 = PLANE('',#7094);
#7094 = AXIS2_PLACEMENT_3D('',#7095,#7096,#7097);
#7095 = CARTESIAN_POINT('',(2.72E+03,-12.,2.18E+03));
#7096 = DIRECTION('',(1.,0.,-0.));
#7097 = DIRECTION('',(0.,0.,1.));
#7098 = DEFINITIONAL_REPRESENTATION('',(#7099),#7103);
#7099 = LINE('',#7100,#7101);
#7100 = CARTESIAN_POINT('',(0.,0.));
#7101 = VECTOR('',#7102,1.);
#7102 = DIRECTION('',(0.,-1.));
#7103 = ( GEOMETRIC_REPRESENTATION_CONTEXT(2) 
PARAMETRIC_REPRESENTATION_CONTEXT() REPRESENTATION_CONTEXT('2D SPACE',''
  ) );
#7104 = ORIENTED_EDGE('',*,*,#7105,.F.);
#7105 = EDGE_CURVE('',#6969,#7078,#7106,.T.);
#7106 = SURFACE_CURVE('',#7107,(#7111,#7118),.PCURVE_S1.);
#7107 = LINE('',#7108,#7109);
#7108 = CARTESIAN_POINT('',(2.48E+03,0.,2.18E+03));
#7109 = VECTOR('',#7110,1.);
#7110 = DIRECTION('',(1.,0.,-0.));
#7111 = PCURVE('',#6984,#7112);
#7112 = DEFINITIONAL_REPRESENTATION('',(#7113),#7117);
#7113 = LINE('',#7114,#7115);
#7114 = CARTESIAN_POINT('',(0.,12.));
#7115 = VECTOR('',#7116,1.);
#7116 = DIRECTION('',(1.,0.));
#7117 = ( GEOMETRIC_REPRESENTATION_CONTEXT(2) 
PARAMETRIC_REPRESENTATION_CONTEXT() REPRESENTATION_CONTEXT('2D SPACE',''
  ) );
#7118 = PCURVE('',#7012,#7119);
#7119 = DEFINITIONAL_REPRESENTATION('',(#7120),#7124);
#7120 = LINE('',#7121,#7122);
#7121 = CARTESIAN_POINT('',(0.,0.));
#7122 = VECTOR('',#7123,1.);
#7123 = DIRECTION('',(0.,1.));
#7124 = ( GEOMETRIC_REPRESENTATION_CONTEXT(2) 
PARAMETRIC_REPRESENTATION_CONTEXT() REPRESENTATION_CONTEXT('2D SPACE',''
  ) );
#7125 = ADVANCED_FACE('',(#7126),#7093,.T.);
#7126 = FACE_BOUND('',#7127,.T.);
#7127 = EDGE_LOOP('',(#7128,#7151,#7152,#7175));
#7128 = ORIENTED_EDGE('',*,*,#7129,.F.);
#7129 = EDGE_CURVE('',#7055,#7130,#7132,.T.);
#7130 = VERTEX_POINT('',#7131);
#7131 = CARTESIAN_POINT('',(2.72E+03,-12.,2.42E+03));
#7132 = SURFACE_CURVE('',#7133,(#7137,#7144),.PCURVE_S1.);
#7133 = LINE('',#7134,#7135);
#7134 = CARTESIAN_POINT('',(2.72E+03,-12.,2.18E+03));
#7135 = VECTOR('',#7136,1.);
#7136 = DIRECTION('',(0.,0.,1.));
#7137 = PCURVE('',#7093,#7138);
#7138 = DEFINITIONAL_REPRESENTATION('',(#7139),#7143);
#7139 = LINE('',#7140,#7141);
#7140 = CARTESIAN_POINT('',(0.,0.));
#7141 = VECTOR('',#7142,1.);
#7142 = DIRECTION('',(1.,0.));
#7143 = ( GEOMETRIC_REPRESENTATION_CONTEXT(2) 
PARAMETRIC_REPRESENTATION_CONTEXT() REPRESENTATION_CONTEXT('2D SPACE',''
  ) );
#7144 = PCURVE('',#6956,#7145);
#7145 = DEFINITIONAL_REPRESENTATION('',(#7146),#7150);
#7146 = LINE('',#7147,#7148);
#7147 = CARTESIAN_POINT('',(0.,240.));
#7148 = VECTOR('',#7149,1.);
#7149 = DIRECTION('',(1.,0.));
#7150 = ( GEOMETRIC_REPRESENTATION_CONTEXT(2) 
PARAMETRIC_REPRESENTATION_CONTEXT() REPRESENTATION_CONTEXT('2D SPACE',''
  ) );
#7151 = ORIENTED_EDGE('',*,*,#7077,.T.);
#7152 = ORIENTED_EDGE('',*,*,#7153,.T.);
#7153 = EDGE_CURVE('',#7078,#7154,#7156,.T.);
#7154 = VERTEX_POINT('',#7155);
#7155 = CARTESIAN_POINT('',(2.72E+03,0.,2.42E+03));
#7156 = SURFACE_CURVE('',#7157,(#7161,#7168),.PCURVE_S1.);
#7157 = LINE('',#7158,#7159);
#7158 = CARTESIAN_POINT('',(2.72E+03,0.,2.18E+03));
#7159 = VECTOR('',#7160,1.);
#7160 = DIRECTION('',(0.,0.,1.));
#7161 = PCURVE('',#7093,#7162);
#7162 = DEFINITIONAL_REPRESENTATION('',(#7163),#7167);
#7163 = LINE('',#7164,#7165);
#7164 = CARTESIAN_POINT('',(0.,-12.));
#7165 = VECTOR('',#7166,1.);
#7166 = DIRECTION('',(1.,0.));
#7167 = ( GEOMETRIC_REPRESENTATION_CONTEXT(2) 
PARAMETRIC_REPRESENTATION_CONTEXT() REPRESENTATION_CONTEXT('2D SPACE',''
  ) );
#7168 = PCURVE('',#7012,#7169);
#7169 = DEFINITIONAL_REPRESENTATION('',(#7170),#7174);
#7170 = LINE('',#7171,#7172);
#7171 = CARTESIAN_POINT('',(0.,240.));
#7172 = VECTOR('',#7173,1.);
#7173 = DIRECTION('',(1.,0.));
#7174 = ( GEOMETRIC_REPRESENTATION_CONTEXT(2) 
PARAMETRIC_REPRESENTATION_CONTEXT() REPRESENTATION_CONTEXT('2D SPACE',''
  ) );
#7175 = ORIENTED_EDGE('',*,*,#7176,.F.);
#7176 = EDGE_CURVE('',#7130,#7154,#7177,.T.);
#7177 = SURFACE_CURVE('',#7178,(#7182,#7189),.PCURVE_S1.);
#7178 = LINE('',#7179,#7180);
#7179 = CARTESIAN_POINT('',(2.72E+03,-12.,2.42E+03));
#7180 = VECTOR('',#7181,1.);
#7181 = DIRECTION('',(-0.,1.,0.));
#7182 = PCURVE('',#7093,#7183);
#7183 = DEFINITIONAL_REPRESENTATION('',(#7184),#7188);
#7184 = LINE('',#7185,#7186);
#7185 = CARTESIAN_POINT('',(240.,0.));
#7186 = VECTOR('',#7187,1.);
#7187 = DIRECTION('',(0.,-1.));
#7188 = ( GEOMETRIC_REPRESENTATION_CONTEXT(2) 
PARAMETRIC_REPRESENTATION_CONTEXT() REPRESENTATION_CONTEXT('2D SPACE',''
  ) );
#7189 = PCURVE('',#7038,#7190);
#7190 = DEFINITIONAL_REPRESENTATION('',(#7191),#7195);
#7191 = LINE('',#7192,#7193);
#7192 = CARTESIAN_POINT('',(240.,0.));
#7193 = VECTOR('',#7194,1.);
#7194 = DIRECTION('',(0.,1.));
#7195 = ( GEOMETRIC_REPRESENTATION_CONTEXT(2) 
PARAMETRIC_REPRESENTATION_CONTEXT() REPRESENTATION_CONTEXT('2D SPACE',''
  ) );
#7196 = ADVANCED_FACE('',(#7197,#7223),#7012,.T.);
#7197 = FACE_BOUND('',#7198,.T.);
#7198 = EDGE_LOOP('',(#7199,#7200,#7201,#7222));
#7199 = ORIENTED_EDGE('',*,*,#7105,.F.);
#7200 = ORIENTED_EDGE('',*,*,#6996,.T.);
#7201 = ORIENTED_EDGE('',*,*,#7202,.T.);
#7202 = EDGE_CURVE('',#6997,#7154,#7203,.T.);
#7203 = SURFACE_CURVE('',#7204,(#7208,#7215),.PCURVE_S1.);
#7204 = LINE('',#7205,#7206);
#7205 = CARTESIAN_POINT('',(2.48E+03,0.,2.42E+03));
#7206 = VECTOR('',#7207,1.);
#7207 = DIRECTION('',(1.,0.,-0.));
#7208 = PCURVE('',#7012,#7209);
#7209 = DEFINITIONAL_REPRESENTATION('',(#7210),#7214);
#7210 = LINE('',#7211,#7212);
#7211 = CARTESIAN_POINT('',(240.,0.));
#7212 = VECTOR('',#7213,1.);
#7213 = DIRECTION('',(0.,1.));
#7214 = ( GEOMETRIC_REPRESENTATION_CONTEXT(2) 
PARAMETRIC_REPRESENTATION_CONTEXT() REPRESENTATION_CONTEXT('2D SPACE',''
  ) );
#7215 = PCURVE('',#7038,#7216);
#7216 = DEFINITIONAL_REPRESENTATION('',(#7217),#7221);
#7217 = LINE('',#7218,#7219);
#7218 = CARTESIAN_POINT('',(0.,12.));
#7219 = VECTOR('',#7220,1.);
#7220 = DIRECTION('',(1.,0.));
#7221 = ( GEOMETRIC_REPRESENTATION_CONTEXT(2) 
PARAMETRIC_REPRESENTATION_CONTEXT() REPRESENTATION_CONTEXT('2D SPACE',''
  ) );
#7222 = ORIENTED_EDGE('',*,*,#7153,.F.);
#7223 = FACE_BOUND('',#7224,.T.);
#7224 = EDGE_LOOP('',(#7225));
#7225 = ORIENTED_EDGE('',*,*,#7226,.T.);
#7226 = EDGE_CURVE('',#7227,#7227,#7229,.T.);
#7227 = VERTEX_POINT('',#7228);
#7228 = CARTESIAN_POINT('',(2.678E+03,0.,2.3E+03));
#7229 = SURFACE_CURVE('',#7230,(#7235,#7246),.PCURVE_S1.);
#7230 = CIRCLE('',#7231,78.);
#7231 = AXIS2_PLACEMENT_3D('',#7232,#7233,#7234);
#7232 = CARTESIAN_POINT('',(2.6E+03,0.,2.3E+03));
#7233 = DIRECTION('',(0.,-1.,2.22044604925E-16));
#7234 = DIRECTION('',(1.,0.,0.));
#7235 = PCURVE('',#7012,#7236);
#7236 = DEFINITIONAL_REPRESENTATION('',(#7237),#7245);
#7237 = ( BOUNDED_CURVE() B_SPLINE_CURVE(2,(#7238,#7239,#7240,#7241,
#7242,#7243,#7244),.UNSPECIFIED.,.T.,.F.) B_SPLINE_CURVE_WITH_KNOTS((1,2
    ,2,2,2,1),(-2.094395102393,0.,2.094395102393,4.188790204786,
6.28318530718,8.377580409573),.UNSPECIFIED.) CURVE() 
GEOMETRIC_REPRESENTATION_ITEM() RATIONAL_B_SPLINE_CURVE((1.,0.5,1.,0.5,
1.,0.5,1.)) REPRESENTATION_ITEM('') );
#7238 = CARTESIAN_POINT('',(120.,198.));
#7239 = CARTESIAN_POINT('',(255.09996299037,198.));
#7240 = CARTESIAN_POINT('',(187.54998149518,81.));
#7241 = CARTESIAN_POINT('',(120.,-36.));
#7242 = CARTESIAN_POINT('',(52.450018504814,81.));
#7243 = CARTESIAN_POINT('',(-15.09996299037,198.));
#7244 = CARTESIAN_POINT('',(120.,198.));
#7245 = ( GEOMETRIC_REPRESENTATION_CONTEXT(2) 
PARAMETRIC_REPRESENTATION_CONTEXT() REPRESENTATION_CONTEXT('2D SPACE',''
  ) );
#7246 = PCURVE('',#7247,#7252);
#7247 = CYLINDRICAL_SURFACE('',#7248,78.);
#7248 = AXIS2_PLACEMENT_3D('',#7249,#7250,#7251);
#7249 = CARTESIAN_POINT('',(2.6E+03,170.,2.3E+03));
#7250 = DIRECTION('',(0.,-1.,2.22044604925E-16));
#7251 = DIRECTION('',(1.,0.,0.));
#7252 = DEFINITIONAL_REPRESENTATION('',(#7253),#7257);
#7253 = LINE('',#7254,#7255);
#7254 = CARTESIAN_POINT('',(0.,170.));
#7255 = VECTOR('',#7256,1.);
#7256 = DIRECTION('',(1.,0.));
#7257 = ( GEOMETRIC_REPRESENTATION_CONTEXT(2) 
PARAMETRIC_REPRESENTATION_CONTEXT() REPRESENTATION_CONTEXT('2D SPACE',''
  ) );
#7258 = ADVANCED_FACE('',(#7259),#7247,.T.);
#7259 = FACE_BOUND('',#7260,.T.);
#7260 = EDGE_LOOP('',(#7261,#7262,#7285,#7312));
#7261 = ORIENTED_EDGE('',*,*,#7226,.F.);
#7262 = ORIENTED_EDGE('',*,*,#7263,.F.);
#7263 = EDGE_CURVE('',#7264,#7227,#7266,.T.);
#7264 = VERTEX_POINT('',#7265);
#7265 = CARTESIAN_POINT('',(2.678E+03,170.,2.3E+03));
#7266 = SEAM_CURVE('',#7267,(#7271,#7278),.PCURVE_S1.);
#7267 = LINE('',#7268,#7269);
#7268 = CARTESIAN_POINT('',(2.678E+03,170.,2.3E+03));
#7269 = VECTOR('',#7270,1.);
#7270 = DIRECTION('',(0.,-1.,2.22044604925E-16));
#7271 = PCURVE('',#7247,#7272);
#7272 = DEFINITIONAL_REPRESENTATION('',(#7273),#7277);
#7273 = LINE('',#7274,#7275);
#7274 = CARTESIAN_POINT('',(6.28318530718,-0.));
#7275 = VECTOR('',#7276,1.);
#7276 = DIRECTION('',(0.,1.));
#7277 = ( GEOMETRIC_REPRESENTATION_CONTEXT(2) 
PARAMETRIC_REPRESENTATION_CONTEXT() REPRESENTATION_CONTEXT('2D SPACE',''
  ) );
#7278 = PCURVE('',#7247,#7279);
#7279 = DEFINITIONAL_REPRESENTATION('',(#7280),#7284);
#7280 = LINE('',#7281,#7282);
#7281 = CARTESIAN_POINT('',(0.,-0.));
#7282 = VECTOR('',#7283,1.);
#7283 = DIRECTION('',(0.,1.));
#7284 = ( GEOMETRIC_REPRESENTATION_CONTEXT(2) 
PARAMETRIC_REPRESENTATION_CONTEXT() REPRESENTATION_CONTEXT('2D SPACE',''
  ) );
#7285 = ORIENTED_EDGE('',*,*,#7286,.T.);
#7286 = EDGE_CURVE('',#7264,#7264,#7287,.T.);
#7287 = SURFACE_CURVE('',#7288,(#7293,#7300),.PCURVE_S1.);
#7288 = CIRCLE('',#7289,78.);
#7289 = AXIS2_PLACEMENT_3D('',#7290,#7291,#7292);
#7290 = CARTESIAN_POINT('',(2.6E+03,170.,2.3E+03));
#7291 = DIRECTION('',(0.,-1.,2.22044604925E-16));
#7292 = DIRECTION('',(1.,0.,0.));
#7293 = PCURVE('',#7247,#7294);
#7294 = DEFINITIONAL_REPRESENTATION('',(#7295),#7299);
#7295 = LINE('',#7296,#7297);
#7296 = CARTESIAN_POINT('',(0.,0.));
#7297 = VECTOR('',#7298,1.);
#7298 = DIRECTION('',(1.,0.));
#7299 = ( GEOMETRIC_REPRESENTATION_CONTEXT(2) 
PARAMETRIC_REPRESENTATION_CONTEXT() REPRESENTATION_CONTEXT('2D SPACE',''
  ) );
#7300 = PCURVE('',#7301,#7306);
#7301 = PLANE('',#7302);
#7302 = AXIS2_PLACEMENT_3D('',#7303,#7304,#7305);
#7303 = CARTESIAN_POINT('',(2.6E+03,170.,2.3E+03));
#7304 = DIRECTION('',(0.,-1.,2.22044604925E-16));
#7305 = DIRECTION('',(1.,0.,0.));
#7306 = DEFINITIONAL_REPRESENTATION('',(#7307),#7311);
#7307 = CIRCLE('',#7308,78.);
#7308 = AXIS2_PLACEMENT_2D('',#7309,#7310);
#7309 = CARTESIAN_POINT('',(0.,0.));
#7310 = DIRECTION('',(1.,0.));
#7311 = ( GEOMETRIC_REPRESENTATION_CONTEXT(2) 
PARAMETRIC_REPRESENTATION_CONTEXT() REPRESENTATION_CONTEXT('2D SPACE',''
  ) );
#7312 = ORIENTED_EDGE('',*,*,#7263,.T.);
#7313 = ADVANCED_FACE('',(#7314,#7317),#7301,.F.);
#7314 = FACE_BOUND('',#7315,.F.);
#7315 = EDGE_LOOP('',(#7316));
#7316 = ORIENTED_EDGE('',*,*,#7286,.T.);
#7317 = FACE_BOUND('',#7318,.F.);
#7318 = EDGE_LOOP('',(#7319));
#7319 = ORIENTED_EDGE('',*,*,#7320,.F.);
#7320 = EDGE_CURVE('',#7321,#7321,#7323,.T.);
#7321 = VERTEX_POINT('',#7322);
#7322 = CARTESIAN_POINT('',(2.675E+03,170.,2.3E+03));
#7323 = SURFACE_CURVE('',#7324,(#7329,#7336),.PCURVE_S1.);
#7324 = CIRCLE('',#7325,75.);
#7325 = AXIS2_PLACEMENT_3D('',#7326,#7327,#7328);
#7326 = CARTESIAN_POINT('',(2.6E+03,170.,2.3E+03));
#7327 = DIRECTION('',(0.,-1.,2.22044604925E-16));
#7328 = DIRECTION('',(1.,0.,0.));
#7329 = PCURVE('',#7301,#7330);
#7330 = DEFINITIONAL_REPRESENTATION('',(#7331),#7335);
#7331 = CIRCLE('',#7332,75.);
#7332 = AXIS2_PLACEMENT_2D('',#7333,#7334);
#7333 = CARTESIAN_POINT('',(0.,0.));
#7334 = DIRECTION('',(1.,0.));
#7335 = ( GEOMETRIC_REPRESENTATION_CONTEXT(2) 
PARAMETRIC_REPRESENTATION_CONTEXT() REPRESENTATION_CONTEXT('2D SPACE',''
  ) );
#7336 = PCURVE('',#7337,#7342);
#7337 = CYLINDRICAL_SURFACE('',#7338,75.);
#7338 = AXIS2_PLACEMENT_3D('',#7339,#7340,#7341);
#7339 = CARTESIAN_POINT('',(2.6E+03,171.,2.3E+03));
#7340 = DIRECTION('',(0.,-1.,2.22044604925E-16));
#7341 = DIRECTION('',(1.,0.,0.));
#7342 = DEFINITIONAL_REPRESENTATION('',(#7343),#7347);
#7343 = LINE('',#7344,#7345);
#7344 = CARTESIAN_POINT('',(0.,1.));
#7345 = VECTOR('',#7346,1.);
#7346 = DIRECTION('',(1.,0.));
#7347 = ( GEOMETRIC_REPRESENTATION_CONTEXT(2) 
PARAMETRIC_REPRESENTATION_CONTEXT() REPRESENTATION_CONTEXT('2D SPACE',''
  ) );
#7348 = ADVANCED_FACE('',(#7349,#7599,#7695,#7815,#7935,#8035,#8135,
    #8255,#8375,#8475),#7337,.F.);
#7349 = FACE_BOUND('',#7350,.F.);
#7350 = EDGE_LOOP('',(#7351,#7380,#7403,#7436,#7462,#7495,#7516,#7517,
    #7518,#7546,#7572,#7598));
#7351 = ORIENTED_EDGE('',*,*,#7352,.F.);
#7352 = EDGE_CURVE('',#7353,#7353,#7355,.T.);
#7353 = VERTEX_POINT('',#7354);
#7354 = CARTESIAN_POINT('',(2.675E+03,-20.,2.3E+03));
#7355 = SURFACE_CURVE('',#7356,(#7361,#7368),.PCURVE_S1.);
#7356 = CIRCLE('',#7357,75.);
#7357 = AXIS2_PLACEMENT_3D('',#7358,#7359,#7360);
#7358 = CARTESIAN_POINT('',(2.6E+03,-20.,2.3E+03));
#7359 = DIRECTION('',(0.,-1.,2.22044604925E-16));
#7360 = DIRECTION('',(1.,0.,0.));
#7361 = PCURVE('',#7337,#7362);
#7362 = DEFINITIONAL_REPRESENTATION('',(#7363),#7367);
#7363 = LINE('',#7364,#7365);
#7364 = CARTESIAN_POINT('',(0.,191.));
#7365 = VECTOR('',#7366,1.);
#7366 = DIRECTION('',(1.,0.));
#7367 = ( GEOMETRIC_REPRESENTATION_CONTEXT(2) 
PARAMETRIC_REPRESENTATION_CONTEXT() REPRESENTATION_CONTEXT('2D SPACE',''
  ) );
#7368 = PCURVE('',#7369,#7374);
#7369 = PLANE('',#7370);
#7370 = AXIS2_PLACEMENT_3D('',#7371,#7372,#7373);
#7371 = CARTESIAN_POINT('',(2.6E+03,-20.,2.3E+03));
#7372 = DIRECTION('',(0.,-1.,2.22044604925E-16));
#7373 = DIRECTION('',(1.,0.,0.));
#7374 = DEFINITIONAL_REPRESENTATION('',(#7375),#7379);
#7375 = CIRCLE('',#7376,75.);
#7376 = AXIS2_PLACEMENT_2D('',#7377,#7378);
#7377 = CARTESIAN_POINT('',(0.,0.));
#7378 = DIRECTION('',(1.,0.));
#7379 = ( GEOMETRIC_REPRESENTATION_CONTEXT(2) 
PARAMETRIC_REPRESENTATION_CONTEXT() REPRESENTATION_CONTEXT('2D SPACE',''
  ) );
#7380 = ORIENTED_EDGE('',*,*,#7381,.F.);
#7381 = EDGE_CURVE('',#7382,#7353,#7384,.T.);
#7382 = VERTEX_POINT('',#7383);
#7383 = CARTESIAN_POINT('',(2.675E+03,-7.5,2.3E+03));
#7384 = SEAM_CURVE('',#7385,(#7389,#7396),.PCURVE_S1.);
#7385 = LINE('',#7386,#7387);
#7386 = CARTESIAN_POINT('',(2.675E+03,-7.5,2.3E+03));
#7387 = VECTOR('',#7388,1.);
#7388 = DIRECTION('',(0.,-1.,0.));
#7389 = PCURVE('',#7337,#7390);
#7390 = DEFINITIONAL_REPRESENTATION('',(#7391),#7395);
#7391 = LINE('',#7392,#7393);
#7392 = CARTESIAN_POINT('',(0.,178.5));
#7393 = VECTOR('',#7394,1.);
#7394 = DIRECTION('',(0.,1.));
#7395 = ( GEOMETRIC_REPRESENTATION_CONTEXT(2) 
PARAMETRIC_REPRESENTATION_CONTEXT() REPRESENTATION_CONTEXT('2D SPACE',''
  ) );
#7396 = PCURVE('',#7337,#7397);
#7397 = DEFINITIONAL_REPRESENTATION('',(#7398),#7402);
#7398 = LINE('',#7399,#7400);
#7399 = CARTESIAN_POINT('',(6.28318530718,178.5));
#7400 = VECTOR('',#7401,1.);
#7401 = DIRECTION('',(0.,1.));
#7402 = ( GEOMETRIC_REPRESENTATION_CONTEXT(2) 
PARAMETRIC_REPRESENTATION_CONTEXT() REPRESENTATION_CONTEXT('2D SPACE',''
  ) );
#7403 = ORIENTED_EDGE('',*,*,#7404,.T.);
#7404 = EDGE_CURVE('',#7382,#7405,#7407,.T.);
#7405 = VERTEX_POINT('',#7406);
#7406 = CARTESIAN_POINT('',(2.674973328591E+03,-7.5,2.302E+03));
#7407 = SURFACE_CURVE('',#7408,(#7413,#7420),.PCURVE_S1.);
#7408 = CIRCLE('',#7409,75.);
#7409 = AXIS2_PLACEMENT_3D('',#7410,#7411,#7412);
#7410 = CARTESIAN_POINT('',(2.6E+03,-7.5,2.3E+03));
#7411 = DIRECTION('',(0.,-1.,2.22044604925E-16));
#7412 = DIRECTION('',(1.,0.,0.));
#7413 = PCURVE('',#7337,#7414);
#7414 = DEFINITIONAL_REPRESENTATION('',(#7415),#7419);
#7415 = LINE('',#7416,#7417);
#7416 = CARTESIAN_POINT('',(0.,178.5));
#7417 = VECTOR('',#7418,1.);
#7418 = DIRECTION('',(1.,0.));
#7419 = ( GEOMETRIC_REPRESENTATION_CONTEXT(2) 
PARAMETRIC_REPRESENTATION_CONTEXT() REPRESENTATION_CONTEXT('2D SPACE',''
  ) );
#7420 = PCURVE('',#7421,#7426);
#7421 = PLANE('',#7422);
#7422 = AXIS2_PLACEMENT_3D('',#7423,#7424,#7425);
#7423 = CARTESIAN_POINT('',(2.525E+03,-7.5,2.298E+03));
#7424 = DIRECTION('',(-0.,1.,0.));
#7425 = DIRECTION('',(0.,0.,1.));
#7426 = DEFINITIONAL_REPRESENTATION('',(#7427),#7435);
#7427 = ( BOUNDED_CURVE() B_SPLINE_CURVE(2,(#7428,#7429,#7430,#7431,
#7432,#7433,#7434),.UNSPECIFIED.,.T.,.F.) B_SPLINE_CURVE_WITH_KNOTS((1,2
    ,2,2,2,1),(-2.094395102393,0.,2.094395102393,4.188790204786,
6.28318530718,8.377580409573),.UNSPECIFIED.) CURVE() 
GEOMETRIC_REPRESENTATION_ITEM() RATIONAL_B_SPLINE_CURVE((1.,0.5,1.,0.5,
1.,0.5,1.)) REPRESENTATION_ITEM('') );
#7428 = CARTESIAN_POINT('',(2.,150.));
#7429 = CARTESIAN_POINT('',(131.90381056766,150.));
#7430 = CARTESIAN_POINT('',(66.951905283833,37.5));
#7431 = CARTESIAN_POINT('',(2.,-75.));
#7432 = CARTESIAN_POINT('',(-62.95190528383,37.5));
#7433 = CARTESIAN_POINT('',(-127.9038105676,150.));
#7434 = CARTESIAN_POINT('',(2.,150.));
#7435 = ( GEOMETRIC_REPRESENTATION_CONTEXT(2) 
PARAMETRIC_REPRESENTATION_CONTEXT() REPRESENTATION_CONTEXT('2D SPACE',''
  ) );
#7436 = ORIENTED_EDGE('',*,*,#7437,.F.);
#7437 = EDGE_CURVE('',#7438,#7405,#7440,.T.);
#7438 = VERTEX_POINT('',#7439);
#7439 = CARTESIAN_POINT('',(2.674973328591E+03,-4.5,2.302E+03));
#7440 = SURFACE_CURVE('',#7441,(#7445,#7451),.PCURVE_S1.);
#7441 = LINE('',#7442,#7443);
#7442 = CARTESIAN_POINT('',(2.674973328591E+03,1.,2.302E+03));
#7443 = VECTOR('',#7444,1.);
#7444 = DIRECTION('',(0.,-1.,2.22044604925E-16));
#7445 = PCURVE('',#7337,#7446);
#7446 = DEFINITIONAL_REPRESENTATION('',(#7447),#7450);
#7447 = B_SPLINE_CURVE_WITH_KNOTS('',1,(#7448,#7449),.UNSPECIFIED.,.F.,
  .F.,(2,2),(5.2,8.8),.PIECEWISE_BEZIER_KNOTS.);
#7448 = CARTESIAN_POINT('',(2.666982817228E-02,175.2));
#7449 = CARTESIAN_POINT('',(2.666982817228E-02,178.8));
#7450 = ( GEOMETRIC_REPRESENTATION_CONTEXT(2) 
PARAMETRIC_REPRESENTATION_CONTEXT() REPRESENTATION_CONTEXT('2D SPACE',''
  ) );
#7451 = PCURVE('',#7452,#7457);
#7452 = PLANE('',#7453);
#7453 = AXIS2_PLACEMENT_3D('',#7454,#7455,#7456);
#7454 = CARTESIAN_POINT('',(2.525E+03,-7.5,2.302E+03));
#7455 = DIRECTION('',(0.,0.,1.));
#7456 = DIRECTION('',(1.,0.,-0.));
#7457 = DEFINITIONAL_REPRESENTATION('',(#7458),#7461);
#7458 = B_SPLINE_CURVE_WITH_KNOTS('',1,(#7459,#7460),.UNSPECIFIED.,.F.,
  .F.,(2,2),(5.2,8.8),.PIECEWISE_BEZIER_KNOTS.);
#7459 = CARTESIAN_POINT('',(149.9733285909,3.3));
#7460 = CARTESIAN_POINT('',(149.9733285909,-0.3));
#7461 = ( GEOMETRIC_REPRESENTATION_CONTEXT(2) 
PARAMETRIC_REPRESENTATION_CONTEXT() REPRESENTATION_CONTEXT('2D SPACE',''
  ) );
#7462 = ORIENTED_EDGE('',*,*,#7463,.F.);
#7463 = EDGE_CURVE('',#7464,#7438,#7466,.T.);
#7464 = VERTEX_POINT('',#7465);
#7465 = CARTESIAN_POINT('',(2.675E+03,-4.5,2.3E+03));
#7466 = SURFACE_CURVE('',#7467,(#7472,#7479),.PCURVE_S1.);
#7467 = CIRCLE('',#7468,75.);
#7468 = AXIS2_PLACEMENT_3D('',#7469,#7470,#7471);
#7469 = CARTESIAN_POINT('',(2.6E+03,-4.5,2.3E+03));
#7470 = DIRECTION('',(0.,-1.,2.22044604925E-16));
#7471 = DIRECTION('',(1.,0.,0.));
#7472 = PCURVE('',#7337,#7473);
#7473 = DEFINITIONAL_REPRESENTATION('',(#7474),#7478);
#7474 = LINE('',#7475,#7476);
#7475 = CARTESIAN_POINT('',(0.,175.5));
#7476 = VECTOR('',#7477,1.);
#7477 = DIRECTION('',(1.,0.));
#7478 = ( GEOMETRIC_REPRESENTATION_CONTEXT(2) 
PARAMETRIC_REPRESENTATION_CONTEXT() REPRESENTATION_CONTEXT('2D SPACE',''
  ) );
#7479 = PCURVE('',#7480,#7485);
#7480 = PLANE('',#7481);
#7481 = AXIS2_PLACEMENT_3D('',#7482,#7483,#7484);
#7482 = CARTESIAN_POINT('',(2.525E+03,-4.5,2.298E+03));
#7483 = DIRECTION('',(-0.,1.,0.));
#7484 = DIRECTION('',(0.,0.,1.));
#7485 = DEFINITIONAL_REPRESENTATION('',(#7486),#7494);
#7486 = ( BOUNDED_CURVE() B_SPLINE_CURVE(2,(#7487,#7488,#7489,#7490,
#7491,#7492,#7493),.UNSPECIFIED.,.T.,.F.) B_SPLINE_CURVE_WITH_KNOTS((1,2
    ,2,2,2,1),(-2.094395102393,0.,2.094395102393,4.188790204786,
6.28318530718,8.377580409573),.UNSPECIFIED.) CURVE() 
GEOMETRIC_REPRESENTATION_ITEM() RATIONAL_B_SPLINE_CURVE((1.,0.5,1.,0.5,
1.,0.5,1.)) REPRESENTATION_ITEM('') );
#7487 = CARTESIAN_POINT('',(2.,150.));
#7488 = CARTESIAN_POINT('',(131.90381056766,150.));
#7489 = CARTESIAN_POINT('',(66.951905283833,37.5));
#7490 = CARTESIAN_POINT('',(2.,-75.));
#7491 = CARTESIAN_POINT('',(-62.95190528383,37.5));
#7492 = CARTESIAN_POINT('',(-127.9038105676,150.));
#7493 = CARTESIAN_POINT('',(2.,150.));
#7494 = ( GEOMETRIC_REPRESENTATION_CONTEXT(2) 
PARAMETRIC_REPRESENTATION_CONTEXT() REPRESENTATION_CONTEXT('2D SPACE',''
  ) );
#7495 = ORIENTED_EDGE('',*,*,#7496,.F.);
#7496 = EDGE_CURVE('',#7321,#7464,#7497,.T.);
#7497 = SEAM_CURVE('',#7498,(#7502,#7509),.PCURVE_S1.);
#7498 = LINE('',#7499,#7500);
#7499 = CARTESIAN_POINT('',(2.675E+03,170.,2.3E+03));
#7500 = VECTOR('',#7501,1.);
#7501 = DIRECTION('',(0.,-1.,0.));
#7502 = PCURVE('',#7337,#7503);
#7503 = DEFINITIONAL_REPRESENTATION('',(#7504),#7508);
#7504 = LINE('',#7505,#7506);
#7505 = CARTESIAN_POINT('',(0.,1.));
#7506 = VECTOR('',#7507,1.);
#7507 = DIRECTION('',(0.,1.));
#7508 = ( GEOMETRIC_REPRESENTATION_CONTEXT(2) 
PARAMETRIC_REPRESENTATION_CONTEXT() REPRESENTATION_CONTEXT('2D SPACE',''
  ) );
#7509 = PCURVE('',#7337,#7510);
#7510 = DEFINITIONAL_REPRESENTATION('',(#7511),#7515);
#7511 = LINE('',#7512,#7513);
#7512 = CARTESIAN_POINT('',(6.28318530718,1.));
#7513 = VECTOR('',#7514,1.);
#7514 = DIRECTION('',(0.,1.));
#7515 = ( GEOMETRIC_REPRESENTATION_CONTEXT(2) 
PARAMETRIC_REPRESENTATION_CONTEXT() REPRESENTATION_CONTEXT('2D SPACE',''
  ) );
#7516 = ORIENTED_EDGE('',*,*,#7320,.T.);
#7517 = ORIENTED_EDGE('',*,*,#7496,.T.);
#7518 = ORIENTED_EDGE('',*,*,#7519,.F.);
#7519 = EDGE_CURVE('',#7520,#7464,#7522,.T.);
#7520 = VERTEX_POINT('',#7521);
#7521 = CARTESIAN_POINT('',(2.674973328591E+03,-4.5,2.298E+03));
#7522 = SURFACE_CURVE('',#7523,(#7528,#7535),.PCURVE_S1.);
#7523 = CIRCLE('',#7524,75.);
#7524 = AXIS2_PLACEMENT_3D('',#7525,#7526,#7527);
#7525 = CARTESIAN_POINT('',(2.6E+03,-4.5,2.3E+03));
#7526 = DIRECTION('',(0.,-1.,2.22044604925E-16));
#7527 = DIRECTION('',(1.,0.,0.));
#7528 = PCURVE('',#7337,#7529);
#7529 = DEFINITIONAL_REPRESENTATION('',(#7530),#7534);
#7530 = LINE('',#7531,#7532);
#7531 = CARTESIAN_POINT('',(0.,175.5));
#7532 = VECTOR('',#7533,1.);
#7533 = DIRECTION('',(1.,0.));
#7534 = ( GEOMETRIC_REPRESENTATION_CONTEXT(2) 
PARAMETRIC_REPRESENTATION_CONTEXT() REPRESENTATION_CONTEXT('2D SPACE',''
  ) );
#7535 = PCURVE('',#7480,#7536);
#7536 = DEFINITIONAL_REPRESENTATION('',(#7537),#7545);
#7537 = ( BOUNDED_CURVE() B_SPLINE_CURVE(2,(#7538,#7539,#7540,#7541,
#7542,#7543,#7544),.UNSPECIFIED.,.T.,.F.) B_SPLINE_CURVE_WITH_KNOTS((1,2
    ,2,2,2,1),(-2.094395102393,0.,2.094395102393,4.188790204786,
6.28318530718,8.377580409573),.UNSPECIFIED.) CURVE() 
GEOMETRIC_REPRESENTATION_ITEM() RATIONAL_B_SPLINE_CURVE((1.,0.5,1.,0.5,
1.,0.5,1.)) REPRESENTATION_ITEM('') );
#7538 = CARTESIAN_POINT('',(2.,150.));
#7539 = CARTESIAN_POINT('',(131.90381056766,150.));
#7540 = CARTESIAN_POINT('',(66.951905283833,37.5));
#7541 = CARTESIAN_POINT('',(2.,-75.));
#7542 = CARTESIAN_POINT('',(-62.95190528383,37.5));
#7543 = CARTESIAN_POINT('',(-127.9038105676,150.));
#7544 = CARTESIAN_POINT('',(2.,150.));
#7545 = ( GEOMETRIC_REPRESENTATION_CONTEXT(2) 
PARAMETRIC_REPRESENTATION_CONTEXT() REPRESENTATION_CONTEXT('2D SPACE',''
  ) );
#7546 = ORIENTED_EDGE('',*,*,#7547,.T.);
#7547 = EDGE_CURVE('',#7520,#7548,#7550,.T.);
#7548 = VERTEX_POINT('',#7549);
#7549 = CARTESIAN_POINT('',(2.674973328591E+03,-7.5,2.298E+03));
#7550 = SURFACE_CURVE('',#7551,(#7555,#7561),.PCURVE_S1.);
#7551 = LINE('',#7552,#7553);
#7552 = CARTESIAN_POINT('',(2.674973328591E+03,1.,2.298E+03));
#7553 = VECTOR('',#7554,1.);
#7554 = DIRECTION('',(0.,-1.,2.22044604925E-16));
#7555 = PCURVE('',#7337,#7556);
#7556 = DEFINITIONAL_REPRESENTATION('',(#7557),#7560);
#7557 = B_SPLINE_CURVE_WITH_KNOTS('',1,(#7558,#7559),.UNSPECIFIED.,.F.,
  .F.,(2,2),(5.2,8.8),.PIECEWISE_BEZIER_KNOTS.);
#7558 = CARTESIAN_POINT('',(6.256515479007,175.2));
#7559 = CARTESIAN_POINT('',(6.256515479007,178.8));
#7560 = ( GEOMETRIC_REPRESENTATION_CONTEXT(2) 
PARAMETRIC_REPRESENTATION_CONTEXT() REPRESENTATION_CONTEXT('2D SPACE',''
  ) );
#7561 = PCURVE('',#7562,#7567);
#7562 = PLANE('',#7563);
#7563 = AXIS2_PLACEMENT_3D('',#7564,#7565,#7566);
#7564 = CARTESIAN_POINT('',(2.525E+03,-7.5,2.298E+03));
#7565 = DIRECTION('',(0.,0.,1.));
#7566 = DIRECTION('',(1.,0.,-0.));
#7567 = DEFINITIONAL_REPRESENTATION('',(#7568),#7571);
#7568 = B_SPLINE_CURVE_WITH_KNOTS('',1,(#7569,#7570),.UNSPECIFIED.,.F.,
  .F.,(2,2),(5.2,8.8),.PIECEWISE_BEZIER_KNOTS.);
#7569 = CARTESIAN_POINT('',(149.9733285909,3.3));
#7570 = CARTESIAN_POINT('',(149.9733285909,-0.3));
#7571 = ( GEOMETRIC_REPRESENTATION_CONTEXT(2) 
PARAMETRIC_REPRESENTATION_CONTEXT() REPRESENTATION_CONTEXT('2D SPACE',''
  ) );
#7572 = ORIENTED_EDGE('',*,*,#7573,.T.);
#7573 = EDGE_CURVE('',#7548,#7382,#7574,.T.);
#7574 = SURFACE_CURVE('',#7575,(#7580,#7587),.PCURVE_S1.);
#7575 = CIRCLE('',#7576,75.);
#7576 = AXIS2_PLACEMENT_3D('',#7577,#7578,#7579);
#7577 = CARTESIAN_POINT('',(2.6E+03,-7.5,2.3E+03));
#7578 = DIRECTION('',(0.,-1.,2.22044604925E-16));
#7579 = DIRECTION('',(1.,0.,0.));
#7580 = PCURVE('',#7337,#7581);
#7581 = DEFINITIONAL_REPRESENTATION('',(#7582),#7586);
#7582 = LINE('',#7583,#7584);
#7583 = CARTESIAN_POINT('',(0.,178.5));
#7584 = VECTOR('',#7585,1.);
#7585 = DIRECTION('',(1.,0.));
#7586 = ( GEOMETRIC_REPRESENTATION_CONTEXT(2) 
PARAMETRIC_REPRESENTATION_CONTEXT() REPRESENTATION_CONTEXT('2D SPACE',''
  ) );
#7587 = PCURVE('',#7421,#7588);
#7588 = DEFINITIONAL_REPRESENTATION('',(#7589),#7597);
#7589 = ( BOUNDED_CURVE() B_SPLINE_CURVE(2,(#7590,#7591,#7592,#7593,
#7594,#7595,#7596),.UNSPECIFIED.,.T.,.F.) B_SPLINE_CURVE_WITH_KNOTS((1,2
    ,2,2,2,1),(-2.094395102393,0.,2.094395102393,4.188790204786,
6.28318530718,8.377580409573),.UNSPECIFIED.) CURVE() 
GEOMETRIC_REPRESENTATION_ITEM() RATIONAL_B_SPLINE_CURVE((1.,0.5,1.,0.5,
1.,0.5,1.)) REPRESENTATION_ITEM('') );
#7590 = CARTESIAN_POINT('',(2.,150.));
#7591 = CARTESIAN_POINT('',(131.90381056766,150.));
#7592 = CARTESIAN_POINT('',(66.951905283833,37.5));
#7593 = CARTESIAN_POINT('',(2.,-75.));
#7594 = CARTESIAN_POINT('',(-62.95190528383,37.5));
#7595 = CARTESIAN_POINT('',(-127.9038105676,150.));
#7596 = CARTESIAN_POINT('',(2.,150.));
#7597 = ( GEOMETRIC_REPRESENTATION_CONTEXT(2) 
PARAMETRIC_REPRESENTATION_CONTEXT() REPRESENTATION_CONTEXT('2D SPACE',''
  ) );
#7598 = ORIENTED_EDGE('',*,*,#7381,.T.);
#7599 = FACE_BOUND('',#7600,.F.);
#7600 = EDGE_LOOP('',(#7601,#7627,#7648,#7676));
#7601 = ORIENTED_EDGE('',*,*,#7602,.F.);
#7602 = EDGE_CURVE('',#7603,#7605,#7607,.T.);
#7603 = VERTEX_POINT('',#7604);
#7604 = CARTESIAN_POINT('',(2.525026671409E+03,-7.5,2.298E+03));
#7605 = VERTEX_POINT('',#7606);
#7606 = CARTESIAN_POINT('',(2.525026671409E+03,-7.5,2.302E+03));
#7607 = SURFACE_CURVE('',#7608,(#7613,#7620),.PCURVE_S1.);
#7608 = CIRCLE('',#7609,75.);
#7609 = AXIS2_PLACEMENT_3D('',#7610,#7611,#7612);
#7610 = CARTESIAN_POINT('',(2.6E+03,-7.5,2.3E+03));
#7611 = DIRECTION('',(0.,1.,0.));
#7612 = DIRECTION('',(-0.999644381212,0.,-2.666666666667E-02));
#7613 = PCURVE('',#7337,#7614);
#7614 = DEFINITIONAL_REPRESENTATION('',(#7615),#7619);
#7615 = LINE('',#7616,#7617);
#7616 = CARTESIAN_POINT('',(3.168262481762,178.5));
#7617 = VECTOR('',#7618,1.);
#7618 = DIRECTION('',(-1.,-0.));
#7619 = ( GEOMETRIC_REPRESENTATION_CONTEXT(2) 
PARAMETRIC_REPRESENTATION_CONTEXT() REPRESENTATION_CONTEXT('2D SPACE',''
  ) );
#7620 = PCURVE('',#7421,#7621);
#7621 = DEFINITIONAL_REPRESENTATION('',(#7622),#7626);
#7622 = CIRCLE('',#7623,75.);
#7623 = AXIS2_PLACEMENT_2D('',#7624,#7625);
#7624 = CARTESIAN_POINT('',(2.,75.));
#7625 = DIRECTION('',(-2.666666666667E-02,-0.999644381212));
#7626 = ( GEOMETRIC_REPRESENTATION_CONTEXT(2) 
PARAMETRIC_REPRESENTATION_CONTEXT() REPRESENTATION_CONTEXT('2D SPACE',''
  ) );
#7627 = ORIENTED_EDGE('',*,*,#7628,.F.);
#7628 = EDGE_CURVE('',#7629,#7603,#7631,.T.);
#7629 = VERTEX_POINT('',#7630);
#7630 = CARTESIAN_POINT('',(2.525026671409E+03,-4.5,2.298E+03));
#7631 = SURFACE_CURVE('',#7632,(#7636,#7642),.PCURVE_S1.);
#7632 = LINE('',#7633,#7634);
#7633 = CARTESIAN_POINT('',(2.525026671409E+03,1.,2.298E+03));
#7634 = VECTOR('',#7635,1.);
#7635 = DIRECTION('',(0.,-1.,2.22044604925E-16));
#7636 = PCURVE('',#7337,#7637);
#7637 = DEFINITIONAL_REPRESENTATION('',(#7638),#7641);
#7638 = B_SPLINE_CURVE_WITH_KNOTS('',1,(#7639,#7640),.UNSPECIFIED.,.F.,
  .F.,(2,2),(5.2,8.8),.PIECEWISE_BEZIER_KNOTS.);
#7639 = CARTESIAN_POINT('',(3.168262481762,175.2));
#7640 = CARTESIAN_POINT('',(3.168262481762,178.8));
#7641 = ( GEOMETRIC_REPRESENTATION_CONTEXT(2) 
PARAMETRIC_REPRESENTATION_CONTEXT() REPRESENTATION_CONTEXT('2D SPACE',''
  ) );
#7642 = PCURVE('',#7562,#7643);
#7643 = DEFINITIONAL_REPRESENTATION('',(#7644),#7647);
#7644 = B_SPLINE_CURVE_WITH_KNOTS('',1,(#7645,#7646),.UNSPECIFIED.,.F.,
  .F.,(2,2),(5.2,8.8),.PIECEWISE_BEZIER_KNOTS.);
#7645 = CARTESIAN_POINT('',(2.667140909398E-02,3.3));
#7646 = CARTESIAN_POINT('',(2.667140909398E-02,-0.3));
#7647 = ( GEOMETRIC_REPRESENTATION_CONTEXT(2) 
PARAMETRIC_REPRESENTATION_CONTEXT() REPRESENTATION_CONTEXT('2D SPACE',''
  ) );
#7648 = ORIENTED_EDGE('',*,*,#7649,.F.);
#7649 = EDGE_CURVE('',#7650,#7629,#7652,.T.);
#7650 = VERTEX_POINT('',#7651);
#7651 = CARTESIAN_POINT('',(2.525026671409E+03,-4.5,2.302E+03));
#7652 = SURFACE_CURVE('',#7653,(#7658,#7665),.PCURVE_S1.);
#7653 = CIRCLE('',#7654,75.);
#7654 = AXIS2_PLACEMENT_3D('',#7655,#7656,#7657);
#7655 = CARTESIAN_POINT('',(2.6E+03,-4.5,2.3E+03));
#7656 = DIRECTION('',(0.,-1.,0.));
#7657 = DIRECTION('',(-0.999644381212,0.,2.666666666667E-02));
#7658 = PCURVE('',#7337,#7659);
#7659 = DEFINITIONAL_REPRESENTATION('',(#7660),#7664);
#7660 = LINE('',#7661,#7662);
#7661 = CARTESIAN_POINT('',(3.114922825418,175.5));
#7662 = VECTOR('',#7663,1.);
#7663 = DIRECTION('',(1.,0.));
#7664 = ( GEOMETRIC_REPRESENTATION_CONTEXT(2) 
PARAMETRIC_REPRESENTATION_CONTEXT() REPRESENTATION_CONTEXT('2D SPACE',''
  ) );
#7665 = PCURVE('',#7480,#7666);
#7666 = DEFINITIONAL_REPRESENTATION('',(#7667),#7675);
#7667 = ( BOUNDED_CURVE() B_SPLINE_CURVE(2,(#7668,#7669,#7670,#7671,
#7672,#7673,#7674),.UNSPECIFIED.,.T.,.F.) B_SPLINE_CURVE_WITH_KNOTS((1,2
    ,2,2,2,1),(-2.094395102393,0.,2.094395102393,4.188790204786,
6.28318530718,8.377580409573),.UNSPECIFIED.) CURVE() 
GEOMETRIC_REPRESENTATION_ITEM() RATIONAL_B_SPLINE_CURVE((1.,0.5,1.,0.5,
1.,0.5,1.)) REPRESENTATION_ITEM('') );
#7668 = CARTESIAN_POINT('',(4.,2.667140909375E-02));
#7669 = CARTESIAN_POINT('',(-125.857614332,-3.437430206044));
#7670 = CARTESIAN_POINT('',(-63.928807166,110.75461348788));
#7671 = CARTESIAN_POINT('',(-2.,224.94665718181));
#7672 = CARTESIAN_POINT('',(65.928807166003,114.21871510302));
#7673 = CARTESIAN_POINT('',(133.857614332,3.490773024232));
#7674 = CARTESIAN_POINT('',(4.,2.667140909375E-02));
#7675 = ( GEOMETRIC_REPRESENTATION_CONTEXT(2) 
PARAMETRIC_REPRESENTATION_CONTEXT() REPRESENTATION_CONTEXT('2D SPACE',''
  ) );
#7676 = ORIENTED_EDGE('',*,*,#7677,.T.);
#7677 = EDGE_CURVE('',#7650,#7605,#7678,.T.);
#7678 = SURFACE_CURVE('',#7679,(#7683,#7689),.PCURVE_S1.);
#7679 = LINE('',#7680,#7681);
#7680 = CARTESIAN_POINT('',(2.525026671409E+03,1.,2.302E+03));
#7681 = VECTOR('',#7682,1.);
#7682 = DIRECTION('',(0.,-1.,2.22044604925E-16));
#7683 = PCURVE('',#7337,#7684);
#7684 = DEFINITIONAL_REPRESENTATION('',(#7685),#7688);
#7685 = B_SPLINE_CURVE_WITH_KNOTS('',1,(#7686,#7687),.UNSPECIFIED.,.F.,
  .F.,(2,2),(5.2,8.8),.PIECEWISE_BEZIER_KNOTS.);
#7686 = CARTESIAN_POINT('',(3.114922825418,175.2));
#7687 = CARTESIAN_POINT('',(3.114922825418,178.8));
#7688 = ( GEOMETRIC_REPRESENTATION_CONTEXT(2) 
PARAMETRIC_REPRESENTATION_CONTEXT() REPRESENTATION_CONTEXT('2D SPACE',''
  ) );
#7689 = PCURVE('',#7452,#7690);
#7690 = DEFINITIONAL_REPRESENTATION('',(#7691),#7694);
#7691 = B_SPLINE_CURVE_WITH_KNOTS('',1,(#7692,#7693),.UNSPECIFIED.,.F.,
  .F.,(2,2),(5.2,8.8),.PIECEWISE_BEZIER_KNOTS.);
#7692 = CARTESIAN_POINT('',(2.667140909398E-02,3.3));
#7693 = CARTESIAN_POINT('',(2.667140909398E-02,-0.3));
#7694 = ( GEOMETRIC_REPRESENTATION_CONTEXT(2) 
PARAMETRIC_REPRESENTATION_CONTEXT() REPRESENTATION_CONTEXT('2D SPACE',''
  ) );
#7695 = FACE_BOUND('',#7696,.F.);
#7696 = EDGE_LOOP('',(#7697,#7725,#7758,#7784));
#7697 = ORIENTED_EDGE('',*,*,#7698,.T.);
#7698 = EDGE_CURVE('',#7699,#7701,#7703,.T.);
#7699 = VERTEX_POINT('',#7700);
#7700 = CARTESIAN_POINT('',(2.52861372681E+03,-4.5,2.277E+03));
#7701 = VERTEX_POINT('',#7702);
#7702 = CARTESIAN_POINT('',(2.52861372681E+03,-7.5,2.277E+03));
#7703 = SURFACE_CURVE('',#7704,(#7708,#7714),.PCURVE_S1.);
#7704 = LINE('',#7705,#7706);
#7705 = CARTESIAN_POINT('',(2.52861372681E+03,1.,2.277E+03));
#7706 = VECTOR('',#7707,1.);
#7707 = DIRECTION('',(0.,-1.,2.22044604925E-16));
#7708 = PCURVE('',#7337,#7709);
#7709 = DEFINITIONAL_REPRESENTATION('',(#7710),#7713);
#7710 = B_SPLINE_CURVE_WITH_KNOTS('',1,(#7711,#7712),.UNSPECIFIED.,.F.,
  .F.,(2,2),(5.2,8.8),.PIECEWISE_BEZIER_KNOTS.);
#7711 = CARTESIAN_POINT('',(3.453281627022,175.2));
#7712 = CARTESIAN_POINT('',(3.453281627022,178.8));
#7713 = ( GEOMETRIC_REPRESENTATION_CONTEXT(2) 
PARAMETRIC_REPRESENTATION_CONTEXT() REPRESENTATION_CONTEXT('2D SPACE',''
  ) );
#7714 = PCURVE('',#7715,#7720);
#7715 = PLANE('',#7716);
#7716 = AXIS2_PLACEMENT_3D('',#7717,#7718,#7719);
#7717 = CARTESIAN_POINT('',(2.525E+03,-7.5,2.277E+03));
#7718 = DIRECTION('',(0.,0.,1.));
#7719 = DIRECTION('',(1.,0.,-0.));
#7720 = DEFINITIONAL_REPRESENTATION('',(#7721),#7724);
#7721 = B_SPLINE_CURVE_WITH_KNOTS('',1,(#7722,#7723),.UNSPECIFIED.,.F.,
  .F.,(2,2),(5.2,8.8),.PIECEWISE_BEZIER_KNOTS.);
#7722 = CARTESIAN_POINT('',(3.613726809701,3.3));
#7723 = CARTESIAN_POINT('',(3.613726809701,-0.3));
#7724 = ( GEOMETRIC_REPRESENTATION_CONTEXT(2) 
PARAMETRIC_REPRESENTATION_CONTEXT() REPRESENTATION_CONTEXT('2D SPACE',''
  ) );
#7725 = ORIENTED_EDGE('',*,*,#7726,.T.);
#7726 = EDGE_CURVE('',#7701,#7727,#7729,.T.);
#7727 = VERTEX_POINT('',#7728);
#7728 = CARTESIAN_POINT('',(2.530028577262E+03,-7.5,2.273E+03));
#7729 = SURFACE_CURVE('',#7730,(#7735,#7742),.PCURVE_S1.);
#7730 = CIRCLE('',#7731,75.);
#7731 = AXIS2_PLACEMENT_3D('',#7732,#7733,#7734);
#7732 = CARTESIAN_POINT('',(2.6E+03,-7.5,2.3E+03));
#7733 = DIRECTION('',(0.,-1.,2.22044604925E-16));
#7734 = DIRECTION('',(1.,0.,0.));
#7735 = PCURVE('',#7337,#7736);
#7736 = DEFINITIONAL_REPRESENTATION('',(#7737),#7741);
#7737 = LINE('',#7738,#7739);
#7738 = CARTESIAN_POINT('',(0.,178.5));
#7739 = VECTOR('',#7740,1.);
#7740 = DIRECTION('',(1.,0.));
#7741 = ( GEOMETRIC_REPRESENTATION_CONTEXT(2) 
PARAMETRIC_REPRESENTATION_CONTEXT() REPRESENTATION_CONTEXT('2D SPACE',''
  ) );
#7742 = PCURVE('',#7743,#7748);
#7743 = PLANE('',#7744);
#7744 = AXIS2_PLACEMENT_3D('',#7745,#7746,#7747);
#7745 = CARTESIAN_POINT('',(2.525E+03,-7.5,2.273E+03));
#7746 = DIRECTION('',(-0.,1.,0.));
#7747 = DIRECTION('',(0.,0.,1.));
#7748 = DEFINITIONAL_REPRESENTATION('',(#7749),#7757);
#7749 = ( BOUNDED_CURVE() B_SPLINE_CURVE(2,(#7750,#7751,#7752,#7753,
#7754,#7755,#7756),.UNSPECIFIED.,.T.,.F.) B_SPLINE_CURVE_WITH_KNOTS((1,2
    ,2,2,2,1),(-2.094395102393,0.,2.094395102393,4.188790204786,
6.28318530718,8.377580409573),.UNSPECIFIED.) CURVE() 
GEOMETRIC_REPRESENTATION_ITEM() RATIONAL_B_SPLINE_CURVE((1.,0.5,1.,0.5,
1.,0.5,1.)) REPRESENTATION_ITEM('') );
#7750 = CARTESIAN_POINT('',(27.,150.));
#7751 = CARTESIAN_POINT('',(156.90381056766,150.));
#7752 = CARTESIAN_POINT('',(91.951905283833,37.5));
#7753 = CARTESIAN_POINT('',(27.,-75.));
#7754 = CARTESIAN_POINT('',(-37.95190528383,37.5));
#7755 = CARTESIAN_POINT('',(-102.9038105676,150.));
#7756 = CARTESIAN_POINT('',(27.,150.));
#7757 = ( GEOMETRIC_REPRESENTATION_CONTEXT(2) 
PARAMETRIC_REPRESENTATION_CONTEXT() REPRESENTATION_CONTEXT('2D SPACE',''
  ) );
#7758 = ORIENTED_EDGE('',*,*,#7759,.F.);
#7759 = EDGE_CURVE('',#7760,#7727,#7762,.T.);
#7760 = VERTEX_POINT('',#7761);
#7761 = CARTESIAN_POINT('',(2.530028577262E+03,-4.5,2.273E+03));
#7762 = SURFACE_CURVE('',#7763,(#7767,#7773),.PCURVE_S1.);
#7763 = LINE('',#7764,#7765);
#7764 = CARTESIAN_POINT('',(2.530028577262E+03,1.,2.273E+03));
#7765 = VECTOR('',#7766,1.);
#7766 = DIRECTION('',(0.,-1.,2.22044604925E-16));
#7767 = PCURVE('',#7337,#7768);
#7768 = DEFINITIONAL_REPRESENTATION('',(#7769),#7772);
#7769 = B_SPLINE_CURVE_WITH_KNOTS('',1,(#7770,#7771),.UNSPECIFIED.,.F.,
  .F.,(2,2),(5.2,8.8),.PIECEWISE_BEZIER_KNOTS.);
#7770 = CARTESIAN_POINT('',(3.509860547026,175.2));
#7771 = CARTESIAN_POINT('',(3.509860547026,178.8));
#7772 = ( GEOMETRIC_REPRESENTATION_CONTEXT(2) 
PARAMETRIC_REPRESENTATION_CONTEXT() REPRESENTATION_CONTEXT('2D SPACE',''
  ) );
#7773 = PCURVE('',#7774,#7779);
#7774 = PLANE('',#7775);
#7775 = AXIS2_PLACEMENT_3D('',#7776,#7777,#7778);
#7776 = CARTESIAN_POINT('',(2.525E+03,-7.5,2.273E+03));
#7777 = DIRECTION('',(0.,0.,1.));
#7778 = DIRECTION('',(1.,0.,-0.));
#7779 = DEFINITIONAL_REPRESENTATION('',(#7780),#7783);
#7780 = B_SPLINE_CURVE_WITH_KNOTS('',1,(#7781,#7782),.UNSPECIFIED.,.F.,
  .F.,(2,2),(5.2,8.8),.PIECEWISE_BEZIER_KNOTS.);
#7781 = CARTESIAN_POINT('',(5.028577261856,3.3));
#7782 = CARTESIAN_POINT('',(5.028577261856,-0.3));
#7783 = ( GEOMETRIC_REPRESENTATION_CONTEXT(2) 
PARAMETRIC_REPRESENTATION_CONTEXT() REPRESENTATION_CONTEXT('2D SPACE',''
  ) );
#7784 = ORIENTED_EDGE('',*,*,#7785,.F.);
#7785 = EDGE_CURVE('',#7699,#7760,#7786,.T.);
#7786 = SURFACE_CURVE('',#7787,(#7792,#7799),.PCURVE_S1.);
#7787 = CIRCLE('',#7788,75.);
#7788 = AXIS2_PLACEMENT_3D('',#7789,#7790,#7791);
#7789 = CARTESIAN_POINT('',(2.6E+03,-4.5,2.3E+03));
#7790 = DIRECTION('',(0.,-1.,2.22044604925E-16));
#7791 = DIRECTION('',(1.,0.,0.));
#7792 = PCURVE('',#7337,#7793);
#7793 = DEFINITIONAL_REPRESENTATION('',(#7794),#7798);
#7794 = LINE('',#7795,#7796);
#7795 = CARTESIAN_POINT('',(0.,175.5));
#7796 = VECTOR('',#7797,1.);
#7797 = DIRECTION('',(1.,0.));
#7798 = ( GEOMETRIC_REPRESENTATION_CONTEXT(2) 
PARAMETRIC_REPRESENTATION_CONTEXT() REPRESENTATION_CONTEXT('2D SPACE',''
  ) );
#7799 = PCURVE('',#7800,#7805);
#7800 = PLANE('',#7801);
#7801 = AXIS2_PLACEMENT_3D('',#7802,#7803,#7804);
#7802 = CARTESIAN_POINT('',(2.525E+03,-4.5,2.273E+03));
#7803 = DIRECTION('',(-0.,1.,0.));
#7804 = DIRECTION('',(0.,0.,1.));
#7805 = DEFINITIONAL_REPRESENTATION('',(#7806),#7814);
#7806 = ( BOUNDED_CURVE() B_SPLINE_CURVE(2,(#7807,#7808,#7809,#7810,
#7811,#7812,#7813),.UNSPECIFIED.,.T.,.F.) B_SPLINE_CURVE_WITH_KNOTS((1,2
    ,2,2,2,1),(-2.094395102393,0.,2.094395102393,4.188790204786,
6.28318530718,8.377580409573),.UNSPECIFIED.) CURVE() 
GEOMETRIC_REPRESENTATION_ITEM() RATIONAL_B_SPLINE_CURVE((1.,0.5,1.,0.5,
1.,0.5,1.)) REPRESENTATION_ITEM('') );
#7807 = CARTESIAN_POINT('',(27.,150.));
#7808 = CARTESIAN_POINT('',(156.90381056766,150.));
#7809 = CARTESIAN_POINT('',(91.951905283833,37.5));
#7810 = CARTESIAN_POINT('',(27.,-75.));
#7811 = CARTESIAN_POINT('',(-37.95190528383,37.5));
#7812 = CARTESIAN_POINT('',(-102.9038105676,150.));
#7813 = CARTESIAN_POINT('',(27.,150.));
#7814 = ( GEOMETRIC_REPRESENTATION_CONTEXT(2) 
PARAMETRIC_REPRESENTATION_CONTEXT() REPRESENTATION_CONTEXT('2D SPACE',''
  ) );
#7815 = FACE_BOUND('',#7816,.F.);
#7816 = EDGE_LOOP('',(#7817,#7845,#7878,#7904));
#7817 = ORIENTED_EDGE('',*,*,#7818,.T.);
#7818 = EDGE_CURVE('',#7819,#7821,#7823,.T.);
#7819 = VERTEX_POINT('',#7820);
#7820 = CARTESIAN_POINT('',(2.542371881863E+03,-4.5,2.252E+03));
#7821 = VERTEX_POINT('',#7822);
#7822 = CARTESIAN_POINT('',(2.542371881863E+03,-7.5,2.252E+03));
#7823 = SURFACE_CURVE('',#7824,(#7828,#7834),.PCURVE_S1.);
#7824 = LINE('',#7825,#7826);
#7825 = CARTESIAN_POINT('',(2.542371881863E+03,1.,2.252E+03));
#7826 = VECTOR('',#7827,1.);
#7827 = DIRECTION('',(0.,-1.,2.22044604925E-16));
#7828 = PCURVE('',#7337,#7829);
#7829 = DEFINITIONAL_REPRESENTATION('',(#7830),#7833);
#7830 = B_SPLINE_CURVE_WITH_KNOTS('',1,(#7831,#7832),.UNSPECIFIED.,.F.,
  .F.,(2,2),(5.2,8.8),.PIECEWISE_BEZIER_KNOTS.);
#7831 = CARTESIAN_POINT('',(3.836090919216,175.2));
#7832 = CARTESIAN_POINT('',(3.836090919216,178.8));
#7833 = ( GEOMETRIC_REPRESENTATION_CONTEXT(2) 
PARAMETRIC_REPRESENTATION_CONTEXT() REPRESENTATION_CONTEXT('2D SPACE',''
  ) );
#7834 = PCURVE('',#7835,#7840);
#7835 = PLANE('',#7836);
#7836 = AXIS2_PLACEMENT_3D('',#7837,#7838,#7839);
#7837 = CARTESIAN_POINT('',(2.525E+03,-7.5,2.252E+03));
#7838 = DIRECTION('',(0.,0.,1.));
#7839 = DIRECTION('',(1.,0.,-0.));
#7840 = DEFINITIONAL_REPRESENTATION('',(#7841),#7844);
#7841 = B_SPLINE_CURVE_WITH_KNOTS('',1,(#7842,#7843),.UNSPECIFIED.,.F.,
  .F.,(2,2),(5.2,8.8),.PIECEWISE_BEZIER_KNOTS.);
#7842 = CARTESIAN_POINT('',(17.371881863104,3.3));
#7843 = CARTESIAN_POINT('',(17.371881863104,-0.3));
#7844 = ( GEOMETRIC_REPRESENTATION_CONTEXT(2) 
PARAMETRIC_REPRESENTATION_CONTEXT() REPRESENTATION_CONTEXT('2D SPACE',''
  ) );
#7845 = ORIENTED_EDGE('',*,*,#7846,.T.);
#7846 = EDGE_CURVE('',#7821,#7847,#7849,.T.);
#7847 = VERTEX_POINT('',#7848);
#7848 = CARTESIAN_POINT('',(2.545953723533E+03,-7.5,2.248E+03));
#7849 = SURFACE_CURVE('',#7850,(#7855,#7862),.PCURVE_S1.);
#7850 = CIRCLE('',#7851,75.);
#7851 = AXIS2_PLACEMENT_3D('',#7852,#7853,#7854);
#7852 = CARTESIAN_POINT('',(2.6E+03,-7.5,2.3E+03));
#7853 = DIRECTION('',(0.,-1.,2.22044604925E-16));
#7854 = DIRECTION('',(1.,0.,0.));
#7855 = PCURVE('',#7337,#7856);
#7856 = DEFINITIONAL_REPRESENTATION('',(#7857),#7861);
#7857 = LINE('',#7858,#7859);
#7858 = CARTESIAN_POINT('',(0.,178.5));
#7859 = VECTOR('',#7860,1.);
#7860 = DIRECTION('',(1.,0.));
#7861 = ( GEOMETRIC_REPRESENTATION_CONTEXT(2) 
PARAMETRIC_REPRESENTATION_CONTEXT() REPRESENTATION_CONTEXT('2D SPACE',''
  ) );
#7862 = PCURVE('',#7863,#7868);
#7863 = PLANE('',#7864);
#7864 = AXIS2_PLACEMENT_3D('',#7865,#7866,#7867);
#7865 = CARTESIAN_POINT('',(2.525E+03,-7.5,2.248E+03));
#7866 = DIRECTION('',(-0.,1.,0.));
#7867 = DIRECTION('',(0.,0.,1.));
#7868 = DEFINITIONAL_REPRESENTATION('',(#7869),#7877);
#7869 = ( BOUNDED_CURVE() B_SPLINE_CURVE(2,(#7870,#7871,#7872,#7873,
#7874,#7875,#7876),.UNSPECIFIED.,.T.,.F.) B_SPLINE_CURVE_WITH_KNOTS((1,2
    ,2,2,2,1),(-2.094395102393,0.,2.094395102393,4.188790204786,
6.28318530718,8.377580409573),.UNSPECIFIED.) CURVE() 
GEOMETRIC_REPRESENTATION_ITEM() RATIONAL_B_SPLINE_CURVE((1.,0.5,1.,0.5,
1.,0.5,1.)) REPRESENTATION_ITEM('') );
#7870 = CARTESIAN_POINT('',(52.,150.));
#7871 = CARTESIAN_POINT('',(181.90381056766,150.));
#7872 = CARTESIAN_POINT('',(116.95190528383,37.5));
#7873 = CARTESIAN_POINT('',(52.,-75.));
#7874 = CARTESIAN_POINT('',(-12.95190528383,37.5));
#7875 = CARTESIAN_POINT('',(-77.90381056766,150.));
#7876 = CARTESIAN_POINT('',(52.,150.));
#7877 = ( GEOMETRIC_REPRESENTATION_CONTEXT(2) 
PARAMETRIC_REPRESENTATION_CONTEXT() REPRESENTATION_CONTEXT('2D SPACE',''
  ) );
#7878 = ORIENTED_EDGE('',*,*,#7879,.F.);
#7879 = EDGE_CURVE('',#7880,#7847,#7882,.T.);
#7880 = VERTEX_POINT('',#7881);
#7881 = CARTESIAN_POINT('',(2.545953723533E+03,-4.5,2.248E+03));
#7882 = SURFACE_CURVE('',#7883,(#7887,#7893),.PCURVE_S1.);
#7883 = LINE('',#7884,#7885);
#7884 = CARTESIAN_POINT('',(2.545953723533E+03,1.,2.248E+03));
#7885 = VECTOR('',#7886,1.);
#7886 = DIRECTION('',(0.,-1.,2.22044604925E-16));
#7887 = PCURVE('',#7337,#7888);
#7888 = DEFINITIONAL_REPRESENTATION('',(#7889),#7892);
#7889 = B_SPLINE_CURVE_WITH_KNOTS('',1,(#7890,#7891),.UNSPECIFIED.,.F.,
  .F.,(2,2),(5.2,8.8),.PIECEWISE_BEZIER_KNOTS.);
#7890 = CARTESIAN_POINT('',(3.907697140459,175.2));
#7891 = CARTESIAN_POINT('',(3.907697140459,178.8));
#7892 = ( GEOMETRIC_REPRESENTATION_CONTEXT(2) 
PARAMETRIC_REPRESENTATION_CONTEXT() REPRESENTATION_CONTEXT('2D SPACE',''
  ) );
#7893 = PCURVE('',#7894,#7899);
#7894 = PLANE('',#7895);
#7895 = AXIS2_PLACEMENT_3D('',#7896,#7897,#7898);
#7896 = CARTESIAN_POINT('',(2.525E+03,-7.5,2.248E+03));
#7897 = DIRECTION('',(0.,0.,1.));
#7898 = DIRECTION('',(1.,0.,-0.));
#7899 = DEFINITIONAL_REPRESENTATION('',(#7900),#7903);
#7900 = B_SPLINE_CURVE_WITH_KNOTS('',1,(#7901,#7902),.UNSPECIFIED.,.F.,
  .F.,(2,2),(5.2,8.8),.PIECEWISE_BEZIER_KNOTS.);
#7901 = CARTESIAN_POINT('',(20.953723532513,3.3));
#7902 = CARTESIAN_POINT('',(20.953723532513,-0.3));
#7903 = ( GEOMETRIC_REPRESENTATION_CONTEXT(2) 
PARAMETRIC_REPRESENTATION_CONTEXT() REPRESENTATION_CONTEXT('2D SPACE',''
  ) );
#7904 = ORIENTED_EDGE('',*,*,#7905,.F.);
#7905 = EDGE_CURVE('',#7819,#7880,#7906,.T.);
#7906 = SURFACE_CURVE('',#7907,(#7912,#7919),.PCURVE_S1.);
#7907 = CIRCLE('',#7908,75.);
#7908 = AXIS2_PLACEMENT_3D('',#7909,#7910,#7911);
#7909 = CARTESIAN_POINT('',(2.6E+03,-4.5,2.3E+03));
#7910 = DIRECTION('',(0.,-1.,2.22044604925E-16));
#7911 = DIRECTION('',(1.,0.,0.));
#7912 = PCURVE('',#7337,#7913);
#7913 = DEFINITIONAL_REPRESENTATION('',(#7914),#7918);
#7914 = LINE('',#7915,#7916);
#7915 = CARTESIAN_POINT('',(0.,175.5));
#7916 = VECTOR('',#7917,1.);
#7917 = DIRECTION('',(1.,0.));
#7918 = ( GEOMETRIC_REPRESENTATION_CONTEXT(2) 
PARAMETRIC_REPRESENTATION_CONTEXT() REPRESENTATION_CONTEXT('2D SPACE',''
  ) );
#7919 = PCURVE('',#7920,#7925);
#7920 = PLANE('',#7921);
#7921 = AXIS2_PLACEMENT_3D('',#7922,#7923,#7924);
#7922 = CARTESIAN_POINT('',(2.525E+03,-4.5,2.248E+03));
#7923 = DIRECTION('',(-0.,1.,0.));
#7924 = DIRECTION('',(0.,0.,1.));
#7925 = DEFINITIONAL_REPRESENTATION('',(#7926),#7934);
#7926 = ( BOUNDED_CURVE() B_SPLINE_CURVE(2,(#7927,#7928,#7929,#7930,
#7931,#7932,#7933),.UNSPECIFIED.,.T.,.F.) B_SPLINE_CURVE_WITH_KNOTS((1,2
    ,2,2,2,1),(-2.094395102393,0.,2.094395102393,4.188790204786,
6.28318530718,8.377580409573),.UNSPECIFIED.) CURVE() 
GEOMETRIC_REPRESENTATION_ITEM() RATIONAL_B_SPLINE_CURVE((1.,0.5,1.,0.5,
1.,0.5,1.)) REPRESENTATION_ITEM('') );
#7927 = CARTESIAN_POINT('',(52.,150.));
#7928 = CARTESIAN_POINT('',(181.90381056766,150.));
#7929 = CARTESIAN_POINT('',(116.95190528383,37.5));
#7930 = CARTESIAN_POINT('',(52.,-75.));
#7931 = CARTESIAN_POINT('',(-12.95190528383,37.5));
#7932 = CARTESIAN_POINT('',(-77.90381056766,150.));
#7933 = CARTESIAN_POINT('',(52.,150.));
#7934 = ( GEOMETRIC_REPRESENTATION_CONTEXT(2) 
PARAMETRIC_REPRESENTATION_CONTEXT() REPRESENTATION_CONTEXT('2D SPACE',''
  ) );
#7935 = FACE_BOUND('',#7936,.F.);
#7936 = EDGE_LOOP('',(#7937,#7960,#7988,#8009));
#7937 = ORIENTED_EDGE('',*,*,#7938,.T.);
#7938 = EDGE_CURVE('',#7939,#7941,#7943,.T.);
#7939 = VERTEX_POINT('',#7940);
#7940 = CARTESIAN_POINT('',(2.654046276467E+03,-4.5,2.248E+03));
#7941 = VERTEX_POINT('',#7942);
#7942 = CARTESIAN_POINT('',(2.654046276467E+03,-7.5,2.248E+03));
#7943 = SURFACE_CURVE('',#7944,(#7948,#7954),.PCURVE_S1.);
#7944 = LINE('',#7945,#7946);
#7945 = CARTESIAN_POINT('',(2.654046276467E+03,1.,2.248E+03));
#7946 = VECTOR('',#7947,1.);
#7947 = DIRECTION('',(0.,-1.,2.22044604925E-16));
#7948 = PCURVE('',#7337,#7949);
#7949 = DEFINITIONAL_REPRESENTATION('',(#7950),#7953);
#7950 = B_SPLINE_CURVE_WITH_KNOTS('',1,(#7951,#7952),.UNSPECIFIED.,.F.,
  .F.,(2,2),(5.2,8.8),.PIECEWISE_BEZIER_KNOTS.);
#7951 = CARTESIAN_POINT('',(5.51708082031,175.2));
#7952 = CARTESIAN_POINT('',(5.51708082031,178.8));
#7953 = ( GEOMETRIC_REPRESENTATION_CONTEXT(2) 
PARAMETRIC_REPRESENTATION_CONTEXT() REPRESENTATION_CONTEXT('2D SPACE',''
  ) );
#7954 = PCURVE('',#7894,#7955);
#7955 = DEFINITIONAL_REPRESENTATION('',(#7956),#7959);
#7956 = B_SPLINE_CURVE_WITH_KNOTS('',1,(#7957,#7958),.UNSPECIFIED.,.F.,
  .F.,(2,2),(5.2,8.8),.PIECEWISE_BEZIER_KNOTS.);
#7957 = CARTESIAN_POINT('',(129.04627646748,3.3));
#7958 = CARTESIAN_POINT('',(129.04627646748,-0.3));
#7959 = ( GEOMETRIC_REPRESENTATION_CONTEXT(2) 
PARAMETRIC_REPRESENTATION_CONTEXT() REPRESENTATION_CONTEXT('2D SPACE',''
  ) );
#7960 = ORIENTED_EDGE('',*,*,#7961,.T.);
#7961 = EDGE_CURVE('',#7941,#7962,#7964,.T.);
#7962 = VERTEX_POINT('',#7963);
#7963 = CARTESIAN_POINT('',(2.657628118137E+03,-7.5,2.252E+03));
#7964 = SURFACE_CURVE('',#7965,(#7970,#7977),.PCURVE_S1.);
#7965 = CIRCLE('',#7966,75.);
#7966 = AXIS2_PLACEMENT_3D('',#7967,#7968,#7969);
#7967 = CARTESIAN_POINT('',(2.6E+03,-7.5,2.3E+03));
#7968 = DIRECTION('',(0.,-1.,2.22044604925E-16));
#7969 = DIRECTION('',(1.,0.,0.));
#7970 = PCURVE('',#7337,#7971);
#7971 = DEFINITIONAL_REPRESENTATION('',(#7972),#7976);
#7972 = LINE('',#7973,#7974);
#7973 = CARTESIAN_POINT('',(0.,178.5));
#7974 = VECTOR('',#7975,1.);
#7975 = DIRECTION('',(1.,0.));
#7976 = ( GEOMETRIC_REPRESENTATION_CONTEXT(2) 
PARAMETRIC_REPRESENTATION_CONTEXT() REPRESENTATION_CONTEXT('2D SPACE',''
  ) );
#7977 = PCURVE('',#7863,#7978);
#7978 = DEFINITIONAL_REPRESENTATION('',(#7979),#7987);
#7979 = ( BOUNDED_CURVE() B_SPLINE_CURVE(2,(#7980,#7981,#7982,#7983,
#7984,#7985,#7986),.UNSPECIFIED.,.T.,.F.) B_SPLINE_CURVE_WITH_KNOTS((1,2
    ,2,2,2,1),(-2.094395102393,0.,2.094395102393,4.188790204786,
6.28318530718,8.377580409573),.UNSPECIFIED.) CURVE() 
GEOMETRIC_REPRESENTATION_ITEM() RATIONAL_B_SPLINE_CURVE((1.,0.5,1.,0.5,
1.,0.5,1.)) REPRESENTATION_ITEM('') );
#7980 = CARTESIAN_POINT('',(52.,150.));
#7981 = CARTESIAN_POINT('',(181.90381056766,150.));
#7982 = CARTESIAN_POINT('',(116.95190528383,37.5));
#7983 = CARTESIAN_POINT('',(52.,-75.));
#7984 = CARTESIAN_POINT('',(-12.95190528383,37.5));
#7985 = CARTESIAN_POINT('',(-77.90381056766,150.));
#7986 = CARTESIAN_POINT('',(52.,150.));
#7987 = ( GEOMETRIC_REPRESENTATION_CONTEXT(2) 
PARAMETRIC_REPRESENTATION_CONTEXT() REPRESENTATION_CONTEXT('2D SPACE',''
  ) );
#7988 = ORIENTED_EDGE('',*,*,#7989,.F.);
#7989 = EDGE_CURVE('',#7990,#7962,#7992,.T.);
#7990 = VERTEX_POINT('',#7991);
#7991 = CARTESIAN_POINT('',(2.657628118137E+03,-4.5,2.252E+03));
#7992 = SURFACE_CURVE('',#7993,(#7997,#8003),.PCURVE_S1.);
#7993 = LINE('',#7994,#7995);
#7994 = CARTESIAN_POINT('',(2.657628118137E+03,1.,2.252E+03));
#7995 = VECTOR('',#7996,1.);
#7996 = DIRECTION('',(0.,-1.,2.22044604925E-16));
#7997 = PCURVE('',#7337,#7998);
#7998 = DEFINITIONAL_REPRESENTATION('',(#7999),#8002);
#7999 = B_SPLINE_CURVE_WITH_KNOTS('',1,(#8000,#8001),.UNSPECIFIED.,.F.,
  .F.,(2,2),(5.2,8.8),.PIECEWISE_BEZIER_KNOTS.);
#8000 = CARTESIAN_POINT('',(5.588687041553,175.2));
#8001 = CARTESIAN_POINT('',(5.588687041553,178.8));
#8002 = ( GEOMETRIC_REPRESENTATION_CONTEXT(2) 
PARAMETRIC_REPRESENTATION_CONTEXT() REPRESENTATION_CONTEXT('2D SPACE',''
  ) );
#8003 = PCURVE('',#7835,#8004);
#8004 = DEFINITIONAL_REPRESENTATION('',(#8005),#8008);
#8005 = B_SPLINE_CURVE_WITH_KNOTS('',1,(#8006,#8007),.UNSPECIFIED.,.F.,
  .F.,(2,2),(5.2,8.8),.PIECEWISE_BEZIER_KNOTS.);
#8006 = CARTESIAN_POINT('',(132.62811813689,3.3));
#8007 = CARTESIAN_POINT('',(132.62811813689,-0.3));
#8008 = ( GEOMETRIC_REPRESENTATION_CONTEXT(2) 
PARAMETRIC_REPRESENTATION_CONTEXT() REPRESENTATION_CONTEXT('2D SPACE',''
  ) );
#8009 = ORIENTED_EDGE('',*,*,#8010,.F.);
#8010 = EDGE_CURVE('',#7939,#7990,#8011,.T.);
#8011 = SURFACE_CURVE('',#8012,(#8017,#8024),.PCURVE_S1.);
#8012 = CIRCLE('',#8013,75.);
#8013 = AXIS2_PLACEMENT_3D('',#8014,#8015,#8016);
#8014 = CARTESIAN_POINT('',(2.6E+03,-4.5,2.3E+03));
#8015 = DIRECTION('',(0.,-1.,2.22044604925E-16));
#8016 = DIRECTION('',(1.,0.,0.));
#8017 = PCURVE('',#7337,#8018);
#8018 = DEFINITIONAL_REPRESENTATION('',(#8019),#8023);
#8019 = LINE('',#8020,#8021);
#8020 = CARTESIAN_POINT('',(0.,175.5));
#8021 = VECTOR('',#8022,1.);
#8022 = DIRECTION('',(1.,0.));
#8023 = ( GEOMETRIC_REPRESENTATION_CONTEXT(2) 
PARAMETRIC_REPRESENTATION_CONTEXT() REPRESENTATION_CONTEXT('2D SPACE',''
  ) );
#8024 = PCURVE('',#7920,#8025);
#8025 = DEFINITIONAL_REPRESENTATION('',(#8026),#8034);
#8026 = ( BOUNDED_CURVE() B_SPLINE_CURVE(2,(#8027,#8028,#8029,#8030,
#8031,#8032,#8033),.UNSPECIFIED.,.T.,.F.) B_SPLINE_CURVE_WITH_KNOTS((1,2
    ,2,2,2,1),(-2.094395102393,0.,2.094395102393,4.188790204786,
6.28318530718,8.377580409573),.UNSPECIFIED.) CURVE() 
GEOMETRIC_REPRESENTATION_ITEM() RATIONAL_B_SPLINE_CURVE((1.,0.5,1.,0.5,
1.,0.5,1.)) REPRESENTATION_ITEM('') );
#8027 = CARTESIAN_POINT('',(52.,150.));
#8028 = CARTESIAN_POINT('',(181.90381056766,150.));
#8029 = CARTESIAN_POINT('',(116.95190528383,37.5));
#8030 = CARTESIAN_POINT('',(52.,-75.));
#8031 = CARTESIAN_POINT('',(-12.95190528383,37.5));
#8032 = CARTESIAN_POINT('',(-77.90381056766,150.));
#8033 = CARTESIAN_POINT('',(52.,150.));
#8034 = ( GEOMETRIC_REPRESENTATION_CONTEXT(2) 
PARAMETRIC_REPRESENTATION_CONTEXT() REPRESENTATION_CONTEXT('2D SPACE',''
  ) );
#8035 = FACE_BOUND('',#8036,.F.);
#8036 = EDGE_LOOP('',(#8037,#8060,#8088,#8109));
#8037 = ORIENTED_EDGE('',*,*,#8038,.T.);
#8038 = EDGE_CURVE('',#8039,#8041,#8043,.T.);
#8039 = VERTEX_POINT('',#8040);
#8040 = CARTESIAN_POINT('',(2.669971422738E+03,-4.5,2.273E+03));
#8041 = VERTEX_POINT('',#8042);
#8042 = CARTESIAN_POINT('',(2.669971422738E+03,-7.5,2.273E+03));
#8043 = SURFACE_CURVE('',#8044,(#8048,#8054),.PCURVE_S1.);
#8044 = LINE('',#8045,#8046);
#8045 = CARTESIAN_POINT('',(2.669971422738E+03,1.,2.273E+03));
#8046 = VECTOR('',#8047,1.);
#8047 = DIRECTION('',(0.,-1.,2.22044604925E-16));
#8048 = PCURVE('',#7337,#8049);
#8049 = DEFINITIONAL_REPRESENTATION('',(#8050),#8053);
#8050 = B_SPLINE_CURVE_WITH_KNOTS('',1,(#8051,#8052),.UNSPECIFIED.,.F.,
  .F.,(2,2),(5.2,8.8),.PIECEWISE_BEZIER_KNOTS.);
#8051 = CARTESIAN_POINT('',(5.914917413743,175.2));
#8052 = CARTESIAN_POINT('',(5.914917413743,178.8));
#8053 = ( GEOMETRIC_REPRESENTATION_CONTEXT(2) 
PARAMETRIC_REPRESENTATION_CONTEXT() REPRESENTATION_CONTEXT('2D SPACE',''
  ) );
#8054 = PCURVE('',#7774,#8055);
#8055 = DEFINITIONAL_REPRESENTATION('',(#8056),#8059);
#8056 = B_SPLINE_CURVE_WITH_KNOTS('',1,(#8057,#8058),.UNSPECIFIED.,.F.,
  .F.,(2,2),(5.2,8.8),.PIECEWISE_BEZIER_KNOTS.);
#8057 = CARTESIAN_POINT('',(144.97142273814,3.3));
#8058 = CARTESIAN_POINT('',(144.97142273814,-0.3));
#8059 = ( GEOMETRIC_REPRESENTATION_CONTEXT(2) 
PARAMETRIC_REPRESENTATION_CONTEXT() REPRESENTATION_CONTEXT('2D SPACE',''
  ) );
#8060 = ORIENTED_EDGE('',*,*,#8061,.T.);
#8061 = EDGE_CURVE('',#8041,#8062,#8064,.T.);
#8062 = VERTEX_POINT('',#8063);
#8063 = CARTESIAN_POINT('',(2.67138627319E+03,-7.5,2.277E+03));
#8064 = SURFACE_CURVE('',#8065,(#8070,#8077),.PCURVE_S1.);
#8065 = CIRCLE('',#8066,75.);
#8066 = AXIS2_PLACEMENT_3D('',#8067,#8068,#8069);
#8067 = CARTESIAN_POINT('',(2.6E+03,-7.5,2.3E+03));
#8068 = DIRECTION('',(0.,-1.,2.22044604925E-16));
#8069 = DIRECTION('',(1.,0.,0.));
#8070 = PCURVE('',#7337,#8071);
#8071 = DEFINITIONAL_REPRESENTATION('',(#8072),#8076);
#8072 = LINE('',#8073,#8074);
#8073 = CARTESIAN_POINT('',(0.,178.5));
#8074 = VECTOR('',#8075,1.);
#8075 = DIRECTION('',(1.,0.));
#8076 = ( GEOMETRIC_REPRESENTATION_CONTEXT(2) 
PARAMETRIC_REPRESENTATION_CONTEXT() REPRESENTATION_CONTEXT('2D SPACE',''
  ) );
#8077 = PCURVE('',#7743,#8078);
#8078 = DEFINITIONAL_REPRESENTATION('',(#8079),#8087);
#8079 = ( BOUNDED_CURVE() B_SPLINE_CURVE(2,(#8080,#8081,#8082,#8083,
#8084,#8085,#8086),.UNSPECIFIED.,.T.,.F.) B_SPLINE_CURVE_WITH_KNOTS((1,2
    ,2,2,2,1),(-2.094395102393,0.,2.094395102393,4.188790204786,
6.28318530718,8.377580409573),.UNSPECIFIED.) CURVE() 
GEOMETRIC_REPRESENTATION_ITEM() RATIONAL_B_SPLINE_CURVE((1.,0.5,1.,0.5,
1.,0.5,1.)) REPRESENTATION_ITEM('') );
#8080 = CARTESIAN_POINT('',(27.,150.));
#8081 = CARTESIAN_POINT('',(156.90381056766,150.));
#8082 = CARTESIAN_POINT('',(91.951905283833,37.5));
#8083 = CARTESIAN_POINT('',(27.,-75.));
#8084 = CARTESIAN_POINT('',(-37.95190528383,37.5));
#8085 = CARTESIAN_POINT('',(-102.9038105676,150.));
#8086 = CARTESIAN_POINT('',(27.,150.));
#8087 = ( GEOMETRIC_REPRESENTATION_CONTEXT(2) 
PARAMETRIC_REPRESENTATION_CONTEXT() REPRESENTATION_CONTEXT('2D SPACE',''
  ) );
#8088 = ORIENTED_EDGE('',*,*,#8089,.F.);
#8089 = EDGE_CURVE('',#8090,#8062,#8092,.T.);
#8090 = VERTEX_POINT('',#8091);
#8091 = CARTESIAN_POINT('',(2.67138627319E+03,-4.5,2.277E+03));
#8092 = SURFACE_CURVE('',#8093,(#8097,#8103),.PCURVE_S1.);
#8093 = LINE('',#8094,#8095);
#8094 = CARTESIAN_POINT('',(2.67138627319E+03,1.,2.277E+03));
#8095 = VECTOR('',#8096,1.);
#8096 = DIRECTION('',(0.,-1.,2.22044604925E-16));
#8097 = PCURVE('',#7337,#8098);
#8098 = DEFINITIONAL_REPRESENTATION('',(#8099),#8102);
#8099 = B_SPLINE_CURVE_WITH_KNOTS('',1,(#8100,#8101),.UNSPECIFIED.,.F.,
  .F.,(2,2),(5.2,8.8),.PIECEWISE_BEZIER_KNOTS.);
#8100 = CARTESIAN_POINT('',(5.971496333748,175.2));
#8101 = CARTESIAN_POINT('',(5.971496333748,178.8));
#8102 = ( GEOMETRIC_REPRESENTATION_CONTEXT(2) 
PARAMETRIC_REPRESENTATION_CONTEXT() REPRESENTATION_CONTEXT('2D SPACE',''
  ) );
#8103 = PCURVE('',#7715,#8104);
#8104 = DEFINITIONAL_REPRESENTATION('',(#8105),#8108);
#8105 = B_SPLINE_CURVE_WITH_KNOTS('',1,(#8106,#8107),.UNSPECIFIED.,.F.,
  .F.,(2,2),(5.2,8.8),.PIECEWISE_BEZIER_KNOTS.);
#8106 = CARTESIAN_POINT('',(146.38627319029,3.3));
#8107 = CARTESIAN_POINT('',(146.38627319029,-0.3));
#8108 = ( GEOMETRIC_REPRESENTATION_CONTEXT(2) 
PARAMETRIC_REPRESENTATION_CONTEXT() REPRESENTATION_CONTEXT('2D SPACE',''
  ) );
#8109 = ORIENTED_EDGE('',*,*,#8110,.F.);
#8110 = EDGE_CURVE('',#8039,#8090,#8111,.T.);
#8111 = SURFACE_CURVE('',#8112,(#8117,#8124),.PCURVE_S1.);
#8112 = CIRCLE('',#8113,75.);
#8113 = AXIS2_PLACEMENT_3D('',#8114,#8115,#8116);
#8114 = CARTESIAN_POINT('',(2.6E+03,-4.5,2.3E+03));
#8115 = DIRECTION('',(0.,-1.,2.22044604925E-16));
#8116 = DIRECTION('',(1.,0.,0.));
#8117 = PCURVE('',#7337,#8118);
#8118 = DEFINITIONAL_REPRESENTATION('',(#8119),#8123);
#8119 = LINE('',#8120,#8121);
#8120 = CARTESIAN_POINT('',(0.,175.5));
#8121 = VECTOR('',#8122,1.);
#8122 = DIRECTION('',(1.,0.));
#8123 = ( GEOMETRIC_REPRESENTATION_CONTEXT(2) 
PARAMETRIC_REPRESENTATION_CONTEXT() REPRESENTATION_CONTEXT('2D SPACE',''
  ) );
#8124 = PCURVE('',#7800,#8125);
#8125 = DEFINITIONAL_REPRESENTATION('',(#8126),#8134);
#8126 = ( BOUNDED_CURVE() B_SPLINE_CURVE(2,(#8127,#8128,#8129,#8130,
#8131,#8132,#8133),.UNSPECIFIED.,.T.,.F.) B_SPLINE_CURVE_WITH_KNOTS((1,2
    ,2,2,2,1),(-2.094395102393,0.,2.094395102393,4.188790204786,
6.28318530718,8.377580409573),.UNSPECIFIED.) CURVE() 
GEOMETRIC_REPRESENTATION_ITEM() RATIONAL_B_SPLINE_CURVE((1.,0.5,1.,0.5,
1.,0.5,1.)) REPRESENTATION_ITEM('') );
#8127 = CARTESIAN_POINT('',(27.,150.));
#8128 = CARTESIAN_POINT('',(156.90381056766,150.));
#8129 = CARTESIAN_POINT('',(91.951905283833,37.5));
#8130 = CARTESIAN_POINT('',(27.,-75.));
#8131 = CARTESIAN_POINT('',(-37.95190528383,37.5));
#8132 = CARTESIAN_POINT('',(-102.9038105676,150.));
#8133 = CARTESIAN_POINT('',(27.,150.));
#8134 = ( GEOMETRIC_REPRESENTATION_CONTEXT(2) 
PARAMETRIC_REPRESENTATION_CONTEXT() REPRESENTATION_CONTEXT('2D SPACE',''
  ) );
#8135 = FACE_BOUND('',#8136,.F.);
#8136 = EDGE_LOOP('',(#8137,#8165,#8198,#8224));
#8137 = ORIENTED_EDGE('',*,*,#8138,.T.);
#8138 = EDGE_CURVE('',#8139,#8141,#8143,.T.);
#8139 = VERTEX_POINT('',#8140);
#8140 = CARTESIAN_POINT('',(2.67138627319E+03,-4.5,2.323E+03));
#8141 = VERTEX_POINT('',#8142);
#8142 = CARTESIAN_POINT('',(2.67138627319E+03,-7.5,2.323E+03));
#8143 = SURFACE_CURVE('',#8144,(#8148,#8154),.PCURVE_S1.);
#8144 = LINE('',#8145,#8146);
#8145 = CARTESIAN_POINT('',(2.67138627319E+03,1.,2.323E+03));
#8146 = VECTOR('',#8147,1.);
#8147 = DIRECTION('',(0.,-1.,2.22044604925E-16));
#8148 = PCURVE('',#7337,#8149);
#8149 = DEFINITIONAL_REPRESENTATION('',(#8150),#8153);
#8150 = B_SPLINE_CURVE_WITH_KNOTS('',1,(#8151,#8152),.UNSPECIFIED.,.F.,
  .F.,(2,2),(5.2,8.8),.PIECEWISE_BEZIER_KNOTS.);
#8151 = CARTESIAN_POINT('',(0.311688973432,175.2));
#8152 = CARTESIAN_POINT('',(0.311688973432,178.8));
#8153 = ( GEOMETRIC_REPRESENTATION_CONTEXT(2) 
PARAMETRIC_REPRESENTATION_CONTEXT() REPRESENTATION_CONTEXT('2D SPACE',''
  ) );
#8154 = PCURVE('',#8155,#8160);
#8155 = PLANE('',#8156);
#8156 = AXIS2_PLACEMENT_3D('',#8157,#8158,#8159);
#8157 = CARTESIAN_POINT('',(2.525E+03,-7.5,2.323E+03));
#8158 = DIRECTION('',(0.,0.,1.));
#8159 = DIRECTION('',(1.,0.,-0.));
#8160 = DEFINITIONAL_REPRESENTATION('',(#8161),#8164);
#8161 = B_SPLINE_CURVE_WITH_KNOTS('',1,(#8162,#8163),.UNSPECIFIED.,.F.,
  .F.,(2,2),(5.2,8.8),.PIECEWISE_BEZIER_KNOTS.);
#8162 = CARTESIAN_POINT('',(146.38627319029,3.3));
#8163 = CARTESIAN_POINT('',(146.38627319029,-0.3));
#8164 = ( GEOMETRIC_REPRESENTATION_CONTEXT(2) 
PARAMETRIC_REPRESENTATION_CONTEXT() REPRESENTATION_CONTEXT('2D SPACE',''
  ) );
#8165 = ORIENTED_EDGE('',*,*,#8166,.T.);
#8166 = EDGE_CURVE('',#8141,#8167,#8169,.T.);
#8167 = VERTEX_POINT('',#8168);
#8168 = CARTESIAN_POINT('',(2.669971422738E+03,-7.5,2.327E+03));
#8169 = SURFACE_CURVE('',#8170,(#8175,#8182),.PCURVE_S1.);
#8170 = CIRCLE('',#8171,75.);
#8171 = AXIS2_PLACEMENT_3D('',#8172,#8173,#8174);
#8172 = CARTESIAN_POINT('',(2.6E+03,-7.5,2.3E+03));
#8173 = DIRECTION('',(0.,-1.,2.22044604925E-16));
#8174 = DIRECTION('',(1.,0.,0.));
#8175 = PCURVE('',#7337,#8176);
#8176 = DEFINITIONAL_REPRESENTATION('',(#8177),#8181);
#8177 = LINE('',#8178,#8179);
#8178 = CARTESIAN_POINT('',(0.,178.5));
#8179 = VECTOR('',#8180,1.);
#8180 = DIRECTION('',(1.,0.));
#8181 = ( GEOMETRIC_REPRESENTATION_CONTEXT(2) 
PARAMETRIC_REPRESENTATION_CONTEXT() REPRESENTATION_CONTEXT('2D SPACE',''
  ) );
#8182 = PCURVE('',#8183,#8188);
#8183 = PLANE('',#8184);
#8184 = AXIS2_PLACEMENT_3D('',#8185,#8186,#8187);
#8185 = CARTESIAN_POINT('',(2.525E+03,-7.5,2.323E+03));
#8186 = DIRECTION('',(-0.,1.,0.));
#8187 = DIRECTION('',(0.,0.,1.));
#8188 = DEFINITIONAL_REPRESENTATION('',(#8189),#8197);
#8189 = ( BOUNDED_CURVE() B_SPLINE_CURVE(2,(#8190,#8191,#8192,#8193,
#8194,#8195,#8196),.UNSPECIFIED.,.T.,.F.) B_SPLINE_CURVE_WITH_KNOTS((1,2
    ,2,2,2,1),(-2.094395102393,0.,2.094395102393,4.188790204786,
6.28318530718,8.377580409573),.UNSPECIFIED.) CURVE() 
GEOMETRIC_REPRESENTATION_ITEM() RATIONAL_B_SPLINE_CURVE((1.,0.5,1.,0.5,
1.,0.5,1.)) REPRESENTATION_ITEM('') );
#8190 = CARTESIAN_POINT('',(-23.,150.));
#8191 = CARTESIAN_POINT('',(106.90381056766,150.));
#8192 = CARTESIAN_POINT('',(41.951905283833,37.5));
#8193 = CARTESIAN_POINT('',(-23.,-75.));
#8194 = CARTESIAN_POINT('',(-87.95190528383,37.5));
#8195 = CARTESIAN_POINT('',(-152.9038105676,150.));
#8196 = CARTESIAN_POINT('',(-23.,150.));
#8197 = ( GEOMETRIC_REPRESENTATION_CONTEXT(2) 
PARAMETRIC_REPRESENTATION_CONTEXT() REPRESENTATION_CONTEXT('2D SPACE',''
  ) );
#8198 = ORIENTED_EDGE('',*,*,#8199,.F.);
#8199 = EDGE_CURVE('',#8200,#8167,#8202,.T.);
#8200 = VERTEX_POINT('',#8201);
#8201 = CARTESIAN_POINT('',(2.669971422738E+03,-4.5,2.327E+03));
#8202 = SURFACE_CURVE('',#8203,(#8207,#8213),.PCURVE_S1.);
#8203 = LINE('',#8204,#8205);
#8204 = CARTESIAN_POINT('',(2.669971422738E+03,1.,2.327E+03));
#8205 = VECTOR('',#8206,1.);
#8206 = DIRECTION('',(0.,-1.,2.22044604925E-16));
#8207 = PCURVE('',#7337,#8208);
#8208 = DEFINITIONAL_REPRESENTATION('',(#8209),#8212);
#8209 = B_SPLINE_CURVE_WITH_KNOTS('',1,(#8210,#8211),.UNSPECIFIED.,.F.,
  .F.,(2,2),(5.2,8.8),.PIECEWISE_BEZIER_KNOTS.);
#8210 = CARTESIAN_POINT('',(0.368267893437,175.2));
#8211 = CARTESIAN_POINT('',(0.368267893437,178.8));
#8212 = ( GEOMETRIC_REPRESENTATION_CONTEXT(2) 
PARAMETRIC_REPRESENTATION_CONTEXT() REPRESENTATION_CONTEXT('2D SPACE',''
  ) );
#8213 = PCURVE('',#8214,#8219);
#8214 = PLANE('',#8215);
#8215 = AXIS2_PLACEMENT_3D('',#8216,#8217,#8218);
#8216 = CARTESIAN_POINT('',(2.525E+03,-7.5,2.327E+03));
#8217 = DIRECTION('',(0.,0.,1.));
#8218 = DIRECTION('',(1.,0.,-0.));
#8219 = DEFINITIONAL_REPRESENTATION('',(#8220),#8223);
#8220 = B_SPLINE_CURVE_WITH_KNOTS('',1,(#8221,#8222),.UNSPECIFIED.,.F.,
  .F.,(2,2),(5.2,8.8),.PIECEWISE_BEZIER_KNOTS.);
#8221 = CARTESIAN_POINT('',(144.97142273814,3.3));
#8222 = CARTESIAN_POINT('',(144.97142273814,-0.3));
#8223 = ( GEOMETRIC_REPRESENTATION_CONTEXT(2) 
PARAMETRIC_REPRESENTATION_CONTEXT() REPRESENTATION_CONTEXT('2D SPACE',''
  ) );
#8224 = ORIENTED_EDGE('',*,*,#8225,.F.);
#8225 = EDGE_CURVE('',#8139,#8200,#8226,.T.);
#8226 = SURFACE_CURVE('',#8227,(#8232,#8239),.PCURVE_S1.);
#8227 = CIRCLE('',#8228,75.);
#8228 = AXIS2_PLACEMENT_3D('',#8229,#8230,#8231);
#8229 = CARTESIAN_POINT('',(2.6E+03,-4.5,2.3E+03));
#8230 = DIRECTION('',(0.,-1.,2.22044604925E-16));
#8231 = DIRECTION('',(1.,0.,0.));
#8232 = PCURVE('',#7337,#8233);
#8233 = DEFINITIONAL_REPRESENTATION('',(#8234),#8238);
#8234 = LINE('',#8235,#8236);
#8235 = CARTESIAN_POINT('',(0.,175.5));
#8236 = VECTOR('',#8237,1.);
#8237 = DIRECTION('',(1.,0.));
#8238 = ( GEOMETRIC_REPRESENTATION_CONTEXT(2) 
PARAMETRIC_REPRESENTATION_CONTEXT() REPRESENTATION_CONTEXT('2D SPACE',''
  ) );
#8239 = PCURVE('',#8240,#8245);
#8240 = PLANE('',#8241);
#8241 = AXIS2_PLACEMENT_3D('',#8242,#8243,#8244);
#8242 = CARTESIAN_POINT('',(2.525E+03,-4.5,2.323E+03));
#8243 = DIRECTION('',(-0.,1.,0.));
#8244 = DIRECTION('',(0.,0.,1.));
#8245 = DEFINITIONAL_REPRESENTATION('',(#8246),#8254);
#8246 = ( BOUNDED_CURVE() B_SPLINE_CURVE(2,(#8247,#8248,#8249,#8250,
#8251,#8252,#8253),.UNSPECIFIED.,.T.,.F.) B_SPLINE_CURVE_WITH_KNOTS((1,2
    ,2,2,2,1),(-2.094395102393,0.,2.094395102393,4.188790204786,
6.28318530718,8.377580409573),.UNSPECIFIED.) CURVE() 
GEOMETRIC_REPRESENTATION_ITEM() RATIONAL_B_SPLINE_CURVE((1.,0.5,1.,0.5,
1.,0.5,1.)) REPRESENTATION_ITEM('') );
#8247 = CARTESIAN_POINT('',(-23.,150.));
#8248 = CARTESIAN_POINT('',(106.90381056766,150.));
#8249 = CARTESIAN_POINT('',(41.951905283833,37.5));
#8250 = CARTESIAN_POINT('',(-23.,-75.));
#8251 = CARTESIAN_POINT('',(-87.95190528383,37.5));
#8252 = CARTESIAN_POINT('',(-152.9038105676,150.));
#8253 = CARTESIAN_POINT('',(-23.,150.));
#8254 = ( GEOMETRIC_REPRESENTATION_CONTEXT(2) 
PARAMETRIC_REPRESENTATION_CONTEXT() REPRESENTATION_CONTEXT('2D SPACE',''
  ) );
#8255 = FACE_BOUND('',#8256,.F.);
#8256 = EDGE_LOOP('',(#8257,#8285,#8318,#8344));
#8257 = ORIENTED_EDGE('',*,*,#8258,.T.);
#8258 = EDGE_CURVE('',#8259,#8261,#8263,.T.);
#8259 = VERTEX_POINT('',#8260);
#8260 = CARTESIAN_POINT('',(2.657628118137E+03,-4.5,2.348E+03));
#8261 = VERTEX_POINT('',#8262);
#8262 = CARTESIAN_POINT('',(2.657628118137E+03,-7.5,2.348E+03));
#8263 = SURFACE_CURVE('',#8264,(#8268,#8274),.PCURVE_S1.);
#8264 = LINE('',#8265,#8266);
#8265 = CARTESIAN_POINT('',(2.657628118137E+03,1.,2.348E+03));
#8266 = VECTOR('',#8267,1.);
#8267 = DIRECTION('',(0.,-1.,2.22044604925E-16));
#8268 = PCURVE('',#7337,#8269);
#8269 = DEFINITIONAL_REPRESENTATION('',(#8270),#8273);
#8270 = B_SPLINE_CURVE_WITH_KNOTS('',1,(#8271,#8272),.UNSPECIFIED.,.F.,
  .F.,(2,2),(5.2,8.8),.PIECEWISE_BEZIER_KNOTS.);
#8271 = CARTESIAN_POINT('',(0.694498265627,175.2));
#8272 = CARTESIAN_POINT('',(0.694498265627,178.8));
#8273 = ( GEOMETRIC_REPRESENTATION_CONTEXT(2) 
PARAMETRIC_REPRESENTATION_CONTEXT() REPRESENTATION_CONTEXT('2D SPACE',''
  ) );
#8274 = PCURVE('',#8275,#8280);
#8275 = PLANE('',#8276);
#8276 = AXIS2_PLACEMENT_3D('',#8277,#8278,#8279);
#8277 = CARTESIAN_POINT('',(2.525E+03,-7.5,2.348E+03));
#8278 = DIRECTION('',(0.,0.,1.));
#8279 = DIRECTION('',(1.,0.,-0.));
#8280 = DEFINITIONAL_REPRESENTATION('',(#8281),#8284);
#8281 = B_SPLINE_CURVE_WITH_KNOTS('',1,(#8282,#8283),.UNSPECIFIED.,.F.,
  .F.,(2,2),(5.2,8.8),.PIECEWISE_BEZIER_KNOTS.);
#8282 = CARTESIAN_POINT('',(132.62811813689,3.3));
#8283 = CARTESIAN_POINT('',(132.62811813689,-0.3));
#8284 = ( GEOMETRIC_REPRESENTATION_CONTEXT(2) 
PARAMETRIC_REPRESENTATION_CONTEXT() REPRESENTATION_CONTEXT('2D SPACE',''
  ) );
#8285 = ORIENTED_EDGE('',*,*,#8286,.T.);
#8286 = EDGE_CURVE('',#8261,#8287,#8289,.T.);
#8287 = VERTEX_POINT('',#8288);
#8288 = CARTESIAN_POINT('',(2.654046276467E+03,-7.5,2.352E+03));
#8289 = SURFACE_CURVE('',#8290,(#8295,#8302),.PCURVE_S1.);
#8290 = CIRCLE('',#8291,75.);
#8291 = AXIS2_PLACEMENT_3D('',#8292,#8293,#8294);
#8292 = CARTESIAN_POINT('',(2.6E+03,-7.5,2.3E+03));
#8293 = DIRECTION('',(0.,-1.,2.22044604925E-16));
#8294 = DIRECTION('',(1.,0.,0.));
#8295 = PCURVE('',#7337,#8296);
#8296 = DEFINITIONAL_REPRESENTATION('',(#8297),#8301);
#8297 = LINE('',#8298,#8299);
#8298 = CARTESIAN_POINT('',(0.,178.5));
#8299 = VECTOR('',#8300,1.);
#8300 = DIRECTION('',(1.,0.));
#8301 = ( GEOMETRIC_REPRESENTATION_CONTEXT(2) 
PARAMETRIC_REPRESENTATION_CONTEXT() REPRESENTATION_CONTEXT('2D SPACE',''
  ) );
#8302 = PCURVE('',#8303,#8308);
#8303 = PLANE('',#8304);
#8304 = AXIS2_PLACEMENT_3D('',#8305,#8306,#8307);
#8305 = CARTESIAN_POINT('',(2.525E+03,-7.5,2.348E+03));
#8306 = DIRECTION('',(-0.,1.,0.));
#8307 = DIRECTION('',(0.,0.,1.));
#8308 = DEFINITIONAL_REPRESENTATION('',(#8309),#8317);
#8309 = ( BOUNDED_CURVE() B_SPLINE_CURVE(2,(#8310,#8311,#8312,#8313,
#8314,#8315,#8316),.UNSPECIFIED.,.T.,.F.) B_SPLINE_CURVE_WITH_KNOTS((1,2
    ,2,2,2,1),(-2.094395102393,0.,2.094395102393,4.188790204786,
6.28318530718,8.377580409573),.UNSPECIFIED.) CURVE() 
GEOMETRIC_REPRESENTATION_ITEM() RATIONAL_B_SPLINE_CURVE((1.,0.5,1.,0.5,
1.,0.5,1.)) REPRESENTATION_ITEM('') );
#8310 = CARTESIAN_POINT('',(-48.,150.));
#8311 = CARTESIAN_POINT('',(81.903810567666,150.));
#8312 = CARTESIAN_POINT('',(16.951905283833,37.5));
#8313 = CARTESIAN_POINT('',(-48.,-75.));
#8314 = CARTESIAN_POINT('',(-112.9519052838,37.5));
#8315 = CARTESIAN_POINT('',(-177.9038105676,150.));
#8316 = CARTESIAN_POINT('',(-48.,150.));
#8317 = ( GEOMETRIC_REPRESENTATION_CONTEXT(2) 
PARAMETRIC_REPRESENTATION_CONTEXT() REPRESENTATION_CONTEXT('2D SPACE',''
  ) );
#8318 = ORIENTED_EDGE('',*,*,#8319,.F.);
#8319 = EDGE_CURVE('',#8320,#8287,#8322,.T.);
#8320 = VERTEX_POINT('',#8321);
#8321 = CARTESIAN_POINT('',(2.654046276467E+03,-4.5,2.352E+03));
#8322 = SURFACE_CURVE('',#8323,(#8327,#8333),.PCURVE_S1.);
#8323 = LINE('',#8324,#8325);
#8324 = CARTESIAN_POINT('',(2.654046276467E+03,1.,2.352E+03));
#8325 = VECTOR('',#8326,1.);
#8326 = DIRECTION('',(0.,-1.,2.22044604925E-16));
#8327 = PCURVE('',#7337,#8328);
#8328 = DEFINITIONAL_REPRESENTATION('',(#8329),#8332);
#8329 = B_SPLINE_CURVE_WITH_KNOTS('',1,(#8330,#8331),.UNSPECIFIED.,.F.,
  .F.,(2,2),(5.2,8.8),.PIECEWISE_BEZIER_KNOTS.);
#8330 = CARTESIAN_POINT('',(0.76610448687,175.2));
#8331 = CARTESIAN_POINT('',(0.76610448687,178.8));
#8332 = ( GEOMETRIC_REPRESENTATION_CONTEXT(2) 
PARAMETRIC_REPRESENTATION_CONTEXT() REPRESENTATION_CONTEXT('2D SPACE',''
  ) );
#8333 = PCURVE('',#8334,#8339);
#8334 = PLANE('',#8335);
#8335 = AXIS2_PLACEMENT_3D('',#8336,#8337,#8338);
#8336 = CARTESIAN_POINT('',(2.525E+03,-7.5,2.352E+03));
#8337 = DIRECTION('',(0.,0.,1.));
#8338 = DIRECTION('',(1.,0.,-0.));
#8339 = DEFINITIONAL_REPRESENTATION('',(#8340),#8343);
#8340 = B_SPLINE_CURVE_WITH_KNOTS('',1,(#8341,#8342),.UNSPECIFIED.,.F.,
  .F.,(2,2),(5.2,8.8),.PIECEWISE_BEZIER_KNOTS.);
#8341 = CARTESIAN_POINT('',(129.04627646748,3.3));
#8342 = CARTESIAN_POINT('',(129.04627646748,-0.3));
#8343 = ( GEOMETRIC_REPRESENTATION_CONTEXT(2) 
PARAMETRIC_REPRESENTATION_CONTEXT() REPRESENTATION_CONTEXT('2D SPACE',''
  ) );
#8344 = ORIENTED_EDGE('',*,*,#8345,.F.);
#8345 = EDGE_CURVE('',#8259,#8320,#8346,.T.);
#8346 = SURFACE_CURVE('',#8347,(#8352,#8359),.PCURVE_S1.);
#8347 = CIRCLE('',#8348,75.);
#8348 = AXIS2_PLACEMENT_3D('',#8349,#8350,#8351);
#8349 = CARTESIAN_POINT('',(2.6E+03,-4.5,2.3E+03));
#8350 = DIRECTION('',(0.,-1.,2.22044604925E-16));
#8351 = DIRECTION('',(1.,0.,0.));
#8352 = PCURVE('',#7337,#8353);
#8353 = DEFINITIONAL_REPRESENTATION('',(#8354),#8358);
#8354 = LINE('',#8355,#8356);
#8355 = CARTESIAN_POINT('',(0.,175.5));
#8356 = VECTOR('',#8357,1.);
#8357 = DIRECTION('',(1.,0.));
#8358 = ( GEOMETRIC_REPRESENTATION_CONTEXT(2) 
PARAMETRIC_REPRESENTATION_CONTEXT() REPRESENTATION_CONTEXT('2D SPACE',''
  ) );
#8359 = PCURVE('',#8360,#8365);
#8360 = PLANE('',#8361);
#8361 = AXIS2_PLACEMENT_3D('',#8362,#8363,#8364);
#8362 = CARTESIAN_POINT('',(2.525E+03,-4.5,2.348E+03));
#8363 = DIRECTION('',(-0.,1.,0.));
#8364 = DIRECTION('',(0.,0.,1.));
#8365 = DEFINITIONAL_REPRESENTATION('',(#8366),#8374);
#8366 = ( BOUNDED_CURVE() B_SPLINE_CURVE(2,(#8367,#8368,#8369,#8370,
#8371,#8372,#8373),.UNSPECIFIED.,.T.,.F.) B_SPLINE_CURVE_WITH_KNOTS((1,2
    ,2,2,2,1),(-2.094395102393,0.,2.094395102393,4.188790204786,
6.28318530718,8.377580409573),.UNSPECIFIED.) CURVE() 
GEOMETRIC_REPRESENTATION_ITEM() RATIONAL_B_SPLINE_CURVE((1.,0.5,1.,0.5,
1.,0.5,1.)) REPRESENTATION_ITEM('') );
#8367 = CARTESIAN_POINT('',(-48.,150.));
#8368 = CARTESIAN_POINT('',(81.903810567666,150.));
#8369 = CARTESIAN_POINT('',(16.951905283833,37.5));
#8370 = CARTESIAN_POINT('',(-48.,-75.));
#8371 = CARTESIAN_POINT('',(-112.9519052838,37.5));
#8372 = CARTESIAN_POINT('',(-177.9038105676,150.));
#8373 = CARTESIAN_POINT('',(-48.,150.));
#8374 = ( GEOMETRIC_REPRESENTATION_CONTEXT(2) 
PARAMETRIC_REPRESENTATION_CONTEXT() REPRESENTATION_CONTEXT('2D SPACE',''
  ) );
#8375 = FACE_BOUND('',#8376,.F.);
#8376 = EDGE_LOOP('',(#8377,#8400,#8428,#8449));
#8377 = ORIENTED_EDGE('',*,*,#8378,.T.);
#8378 = EDGE_CURVE('',#8379,#8381,#8383,.T.);
#8379 = VERTEX_POINT('',#8380);
#8380 = CARTESIAN_POINT('',(2.545953723533E+03,-4.5,2.352E+03));
#8381 = VERTEX_POINT('',#8382);
#8382 = CARTESIAN_POINT('',(2.545953723533E+03,-7.5,2.352E+03));
#8383 = SURFACE_CURVE('',#8384,(#8388,#8394),.PCURVE_S1.);
#8384 = LINE('',#8385,#8386);
#8385 = CARTESIAN_POINT('',(2.545953723533E+03,1.,2.352E+03));
#8386 = VECTOR('',#8387,1.);
#8387 = DIRECTION('',(0.,-1.,2.22044604925E-16));
#8388 = PCURVE('',#7337,#8389);
#8389 = DEFINITIONAL_REPRESENTATION('',(#8390),#8393);
#8390 = B_SPLINE_CURVE_WITH_KNOTS('',1,(#8391,#8392),.UNSPECIFIED.,.F.,
  .F.,(2,2),(5.2,8.8),.PIECEWISE_BEZIER_KNOTS.);
#8391 = CARTESIAN_POINT('',(2.37548816672,175.2));
#8392 = CARTESIAN_POINT('',(2.37548816672,178.8));
#8393 = ( GEOMETRIC_REPRESENTATION_CONTEXT(2) 
PARAMETRIC_REPRESENTATION_CONTEXT() REPRESENTATION_CONTEXT('2D SPACE',''
  ) );
#8394 = PCURVE('',#8334,#8395);
#8395 = DEFINITIONAL_REPRESENTATION('',(#8396),#8399);
#8396 = B_SPLINE_CURVE_WITH_KNOTS('',1,(#8397,#8398),.UNSPECIFIED.,.F.,
  .F.,(2,2),(5.2,8.8),.PIECEWISE_BEZIER_KNOTS.);
#8397 = CARTESIAN_POINT('',(20.953723532513,3.3));
#8398 = CARTESIAN_POINT('',(20.953723532513,-0.3));
#8399 = ( GEOMETRIC_REPRESENTATION_CONTEXT(2) 
PARAMETRIC_REPRESENTATION_CONTEXT() REPRESENTATION_CONTEXT('2D SPACE',''
  ) );
#8400 = ORIENTED_EDGE('',*,*,#8401,.T.);
#8401 = EDGE_CURVE('',#8381,#8402,#8404,.T.);
#8402 = VERTEX_POINT('',#8403);
#8403 = CARTESIAN_POINT('',(2.542371881863E+03,-7.5,2.348E+03));
#8404 = SURFACE_CURVE('',#8405,(#8410,#8417),.PCURVE_S1.);
#8405 = CIRCLE('',#8406,75.);
#8406 = AXIS2_PLACEMENT_3D('',#8407,#8408,#8409);
#8407 = CARTESIAN_POINT('',(2.6E+03,-7.5,2.3E+03));
#8408 = DIRECTION('',(0.,-1.,2.22044604925E-16));
#8409 = DIRECTION('',(1.,0.,0.));
#8410 = PCURVE('',#7337,#8411);
#8411 = DEFINITIONAL_REPRESENTATION('',(#8412),#8416);
#8412 = LINE('',#8413,#8414);
#8413 = CARTESIAN_POINT('',(0.,178.5));
#8414 = VECTOR('',#8415,1.);
#8415 = DIRECTION('',(1.,0.));
#8416 = ( GEOMETRIC_REPRESENTATION_CONTEXT(2) 
PARAMETRIC_REPRESENTATION_CONTEXT() REPRESENTATION_CONTEXT('2D SPACE',''
  ) );
#8417 = PCURVE('',#8303,#8418);
#8418 = DEFINITIONAL_REPRESENTATION('',(#8419),#8427);
#8419 = ( BOUNDED_CURVE() B_SPLINE_CURVE(2,(#8420,#8421,#8422,#8423,
#8424,#8425,#8426),.UNSPECIFIED.,.T.,.F.) B_SPLINE_CURVE_WITH_KNOTS((1,2
    ,2,2,2,1),(-2.094395102393,0.,2.094395102393,4.188790204786,
6.28318530718,8.377580409573),.UNSPECIFIED.) CURVE() 
GEOMETRIC_REPRESENTATION_ITEM() RATIONAL_B_SPLINE_CURVE((1.,0.5,1.,0.5,
1.,0.5,1.)) REPRESENTATION_ITEM('') );
#8420 = CARTESIAN_POINT('',(-48.,150.));
#8421 = CARTESIAN_POINT('',(81.903810567666,150.));
#8422 = CARTESIAN_POINT('',(16.951905283833,37.5));
#8423 = CARTESIAN_POINT('',(-48.,-75.));
#8424 = CARTESIAN_POINT('',(-112.9519052838,37.5));
#8425 = CARTESIAN_POINT('',(-177.9038105676,150.));
#8426 = CARTESIAN_POINT('',(-48.,150.));
#8427 = ( GEOMETRIC_REPRESENTATION_CONTEXT(2) 
PARAMETRIC_REPRESENTATION_CONTEXT() REPRESENTATION_CONTEXT('2D SPACE',''
  ) );
#8428 = ORIENTED_EDGE('',*,*,#8429,.F.);
#8429 = EDGE_CURVE('',#8430,#8402,#8432,.T.);
#8430 = VERTEX_POINT('',#8431);
#8431 = CARTESIAN_POINT('',(2.542371881863E+03,-4.5,2.348E+03));
#8432 = SURFACE_CURVE('',#8433,(#8437,#8443),.PCURVE_S1.);
#8433 = LINE('',#8434,#8435);
#8434 = CARTESIAN_POINT('',(2.542371881863E+03,1.,2.348E+03));
#8435 = VECTOR('',#8436,1.);
#8436 = DIRECTION('',(0.,-1.,2.22044604925E-16));
#8437 = PCURVE('',#7337,#8438);
#8438 = DEFINITIONAL_REPRESENTATION('',(#8439),#8442);
#8439 = B_SPLINE_CURVE_WITH_KNOTS('',1,(#8440,#8441),.UNSPECIFIED.,.F.,
  .F.,(2,2),(5.2,8.8),.PIECEWISE_BEZIER_KNOTS.);
#8440 = CARTESIAN_POINT('',(2.447094387963,175.2));
#8441 = CARTESIAN_POINT('',(2.447094387963,178.8));
#8442 = ( GEOMETRIC_REPRESENTATION_CONTEXT(2) 
PARAMETRIC_REPRESENTATION_CONTEXT() REPRESENTATION_CONTEXT('2D SPACE',''
  ) );
#8443 = PCURVE('',#8275,#8444);
#8444 = DEFINITIONAL_REPRESENTATION('',(#8445),#8448);
#8445 = B_SPLINE_CURVE_WITH_KNOTS('',1,(#8446,#8447),.UNSPECIFIED.,.F.,
  .F.,(2,2),(5.2,8.8),.PIECEWISE_BEZIER_KNOTS.);
#8446 = CARTESIAN_POINT('',(17.371881863104,3.3));
#8447 = CARTESIAN_POINT('',(17.371881863104,-0.3));
#8448 = ( GEOMETRIC_REPRESENTATION_CONTEXT(2) 
PARAMETRIC_REPRESENTATION_CONTEXT() REPRESENTATION_CONTEXT('2D SPACE',''
  ) );
#8449 = ORIENTED_EDGE('',*,*,#8450,.F.);
#8450 = EDGE_CURVE('',#8379,#8430,#8451,.T.);
#8451 = SURFACE_CURVE('',#8452,(#8457,#8464),.PCURVE_S1.);
#8452 = CIRCLE('',#8453,75.);
#8453 = AXIS2_PLACEMENT_3D('',#8454,#8455,#8456);
#8454 = CARTESIAN_POINT('',(2.6E+03,-4.5,2.3E+03));
#8455 = DIRECTION('',(0.,-1.,2.22044604925E-16));
#8456 = DIRECTION('',(1.,0.,0.));
#8457 = PCURVE('',#7337,#8458);
#8458 = DEFINITIONAL_REPRESENTATION('',(#8459),#8463);
#8459 = LINE('',#8460,#8461);
#8460 = CARTESIAN_POINT('',(0.,175.5));
#8461 = VECTOR('',#8462,1.);
#8462 = DIRECTION('',(1.,0.));
#8463 = ( GEOMETRIC_REPRESENTATION_CONTEXT(2) 
PARAMETRIC_REPRESENTATION_CONTEXT() REPRESENTATION_CONTEXT('2D SPACE',''
  ) );
#8464 = PCURVE('',#8360,#8465);
#8465 = DEFINITIONAL_REPRESENTATION('',(#8466),#8474);
#8466 = ( BOUNDED_CURVE() B_SPLINE_CURVE(2,(#8467,#8468,#8469,#8470,
#8471,#8472,#8473),.UNSPECIFIED.,.T.,.F.) B_SPLINE_CURVE_WITH_KNOTS((1,2
    ,2,2,2,1),(-2.094395102393,0.,2.094395102393,4.188790204786,
6.28318530718,8.377580409573),.UNSPECIFIED.) CURVE() 
GEOMETRIC_REPRESENTATION_ITEM() RATIONAL_B_SPLINE_CURVE((1.,0.5,1.,0.5,
1.,0.5,1.)) REPRESENTATION_ITEM('') );
#8467 = CARTESIAN_POINT('',(-48.,150.));
#8468 = CARTESIAN_POINT('',(81.903810567666,150.));
#8469 = CARTESIAN_POINT('',(16.951905283833,37.5));
#8470 = CARTESIAN_POINT('',(-48.,-75.));
#8471 = CARTESIAN_POINT('',(-112.9519052838,37.5));
#8472 = CARTESIAN_POINT('',(-177.9038105676,150.));
#8473 = CARTESIAN_POINT('',(-48.,150.));
#8474 = ( GEOMETRIC_REPRESENTATION_CONTEXT(2) 
PARAMETRIC_REPRESENTATION_CONTEXT() REPRESENTATION_CONTEXT('2D SPACE',''
  ) );
#8475 = FACE_BOUND('',#8476,.F.);
#8476 = EDGE_LOOP('',(#8477,#8500,#8528,#8549));
#8477 = ORIENTED_EDGE('',*,*,#8478,.T.);
#8478 = EDGE_CURVE('',#8479,#8481,#8483,.T.);
#8479 = VERTEX_POINT('',#8480);
#8480 = CARTESIAN_POINT('',(2.530028577262E+03,-4.5,2.327E+03));
#8481 = VERTEX_POINT('',#8482);
#8482 = CARTESIAN_POINT('',(2.530028577262E+03,-7.5,2.327E+03));
#8483 = SURFACE_CURVE('',#8484,(#8488,#8494),.PCURVE_S1.);
#8484 = LINE('',#8485,#8486);
#8485 = CARTESIAN_POINT('',(2.530028577262E+03,1.,2.327E+03));
#8486 = VECTOR('',#8487,1.);
#8487 = DIRECTION('',(0.,-1.,2.22044604925E-16));
#8488 = PCURVE('',#7337,#8489);
#8489 = DEFINITIONAL_REPRESENTATION('',(#8490),#8493);
#8490 = B_SPLINE_CURVE_WITH_KNOTS('',1,(#8491,#8492),.UNSPECIFIED.,.F.,
  .F.,(2,2),(5.2,8.8),.PIECEWISE_BEZIER_KNOTS.);
#8491 = CARTESIAN_POINT('',(2.773324760153,175.2));
#8492 = CARTESIAN_POINT('',(2.773324760153,178.8));
#8493 = ( GEOMETRIC_REPRESENTATION_CONTEXT(2) 
PARAMETRIC_REPRESENTATION_CONTEXT() REPRESENTATION_CONTEXT('2D SPACE',''
  ) );
#8494 = PCURVE('',#8214,#8495);
#8495 = DEFINITIONAL_REPRESENTATION('',(#8496),#8499);
#8496 = B_SPLINE_CURVE_WITH_KNOTS('',1,(#8497,#8498),.UNSPECIFIED.,.F.,
  .F.,(2,2),(5.2,8.8),.PIECEWISE_BEZIER_KNOTS.);
#8497 = CARTESIAN_POINT('',(5.028577261856,3.3));
#8498 = CARTESIAN_POINT('',(5.028577261856,-0.3));
#8499 = ( GEOMETRIC_REPRESENTATION_CONTEXT(2) 
PARAMETRIC_REPRESENTATION_CONTEXT() REPRESENTATION_CONTEXT('2D SPACE',''
  ) );
#8500 = ORIENTED_EDGE('',*,*,#8501,.T.);
#8501 = EDGE_CURVE('',#8481,#8502,#8504,.T.);
#8502 = VERTEX_POINT('',#8503);
#8503 = CARTESIAN_POINT('',(2.52861372681E+03,-7.5,2.323E+03));
#8504 = SURFACE_CURVE('',#8505,(#8510,#8517),.PCURVE_S1.);
#8505 = CIRCLE('',#8506,75.);
#8506 = AXIS2_PLACEMENT_3D('',#8507,#8508,#8509);
#8507 = CARTESIAN_POINT('',(2.6E+03,-7.5,2.3E+03));
#8508 = DIRECTION('',(0.,-1.,2.22044604925E-16));
#8509 = DIRECTION('',(1.,0.,0.));
#8510 = PCURVE('',#7337,#8511);
#8511 = DEFINITIONAL_REPRESENTATION('',(#8512),#8516);
#8512 = LINE('',#8513,#8514);
#8513 = CARTESIAN_POINT('',(0.,178.5));
#8514 = VECTOR('',#8515,1.);
#8515 = DIRECTION('',(1.,0.));
#8516 = ( GEOMETRIC_REPRESENTATION_CONTEXT(2) 
PARAMETRIC_REPRESENTATION_CONTEXT() REPRESENTATION_CONTEXT('2D SPACE',''
  ) );
#8517 = PCURVE('',#8183,#8518);
#8518 = DEFINITIONAL_REPRESENTATION('',(#8519),#8527);
#8519 = ( BOUNDED_CURVE() B_SPLINE_CURVE(2,(#8520,#8521,#8522,#8523,
#8524,#8525,#8526),.UNSPECIFIED.,.T.,.F.) B_SPLINE_CURVE_WITH_KNOTS((1,2
    ,2,2,2,1),(-2.094395102393,0.,2.094395102393,4.188790204786,
6.28318530718,8.377580409573),.UNSPECIFIED.) CURVE() 
GEOMETRIC_REPRESENTATION_ITEM() RATIONAL_B_SPLINE_CURVE((1.,0.5,1.,0.5,
1.,0.5,1.)) REPRESENTATION_ITEM('') );
#8520 = CARTESIAN_POINT('',(-23.,150.));
#8521 = CARTESIAN_POINT('',(106.90381056766,150.));
#8522 = CARTESIAN_POINT('',(41.951905283833,37.5));
#8523 = CARTESIAN_POINT('',(-23.,-75.));
#8524 = CARTESIAN_POINT('',(-87.95190528383,37.5));
#8525 = CARTESIAN_POINT('',(-152.9038105676,150.));
#8526 = CARTESIAN_POINT('',(-23.,150.));
#8527 = ( GEOMETRIC_REPRESENTATION_CONTEXT(2) 
PARAMETRIC_REPRESENTATION_CONTEXT() REPRESENTATION_CONTEXT('2D SPACE',''
  ) );
#8528 = ORIENTED_EDGE('',*,*,#8529,.F.);
#8529 = EDGE_CURVE('',#8530,#8502,#8532,.T.);
#8530 = VERTEX_POINT('',#8531);
#8531 = CARTESIAN_POINT('',(2.52861372681E+03,-4.5,2.323E+03));
#8532 = SURFACE_CURVE('',#8533,(#8537,#8543),.PCURVE_S1.);
#8533 = LINE('',#8534,#8535);
#8534 = CARTESIAN_POINT('',(2.52861372681E+03,1.,2.323E+03));
#8535 = VECTOR('',#8536,1.);
#8536 = DIRECTION('',(0.,-1.,2.22044604925E-16));
#8537 = PCURVE('',#7337,#8538);
#8538 = DEFINITIONAL_REPRESENTATION('',(#8539),#8542);
#8539 = B_SPLINE_CURVE_WITH_KNOTS('',1,(#8540,#8541),.UNSPECIFIED.,.F.,
  .F.,(2,2),(5.2,8.8),.PIECEWISE_BEZIER_KNOTS.);
#8540 = CARTESIAN_POINT('',(2.829903680158,175.2));
#8541 = CARTESIAN_POINT('',(2.829903680158,178.8));
#8542 = ( GEOMETRIC_REPRESENTATION_CONTEXT(2) 
PARAMETRIC_REPRESENTATION_CONTEXT() REPRESENTATION_CONTEXT('2D SPACE',''
  ) );
#8543 = PCURVE('',#8155,#8544);
#8544 = DEFINITIONAL_REPRESENTATION('',(#8545),#8548);
#8545 = B_SPLINE_CURVE_WITH_KNOTS('',1,(#8546,#8547),.UNSPECIFIED.,.F.,
  .F.,(2,2),(5.2,8.8),.PIECEWISE_BEZIER_KNOTS.);
#8546 = CARTESIAN_POINT('',(3.613726809701,3.3));
#8547 = CARTESIAN_POINT('',(3.613726809701,-0.3));
#8548 = ( GEOMETRIC_REPRESENTATION_CONTEXT(2) 
PARAMETRIC_REPRESENTATION_CONTEXT() REPRESENTATION_CONTEXT('2D SPACE',''
  ) );
#8549 = ORIENTED_EDGE('',*,*,#8550,.F.);
#8550 = EDGE_CURVE('',#8479,#8530,#8551,.T.);
#8551 = SURFACE_CURVE('',#8552,(#8557,#8564),.PCURVE_S1.);
#8552 = CIRCLE('',#8553,75.);
#8553 = AXIS2_PLACEMENT_3D('',#8554,#8555,#8556);
#8554 = CARTESIAN_POINT('',(2.6E+03,-4.5,2.3E+03));
#8555 = DIRECTION('',(0.,-1.,2.22044604925E-16));
#8556 = DIRECTION('',(1.,0.,0.));
#8557 = PCURVE('',#7337,#8558);
#8558 = DEFINITIONAL_REPRESENTATION('',(#8559),#8563);
#8559 = LINE('',#8560,#8561);
#8560 = CARTESIAN_POINT('',(0.,175.5));
#8561 = VECTOR('',#8562,1.);
#8562 = DIRECTION('',(1.,0.));
#8563 = ( GEOMETRIC_REPRESENTATION_CONTEXT(2) 
PARAMETRIC_REPRESENTATION_CONTEXT() REPRESENTATION_CONTEXT('2D SPACE',''
  ) );
#8564 = PCURVE('',#8240,#8565);
#8565 = DEFINITIONAL_REPRESENTATION('',(#8566),#8574);
#8566 = ( BOUNDED_CURVE() B_SPLINE_CURVE(2,(#8567,#8568,#8569,#8570,
#8571,#8572,#8573),.UNSPECIFIED.,.T.,.F.) B_SPLINE_CURVE_WITH_KNOTS((1,2
    ,2,2,2,1),(-2.094395102393,0.,2.094395102393,4.188790204786,
6.28318530718,8.377580409573),.UNSPECIFIED.) CURVE() 
GEOMETRIC_REPRESENTATION_ITEM() RATIONAL_B_SPLINE_CURVE((1.,0.5,1.,0.5,
1.,0.5,1.)) REPRESENTATION_ITEM('') );
#8567 = CARTESIAN_POINT('',(-23.,150.));
#8568 = CARTESIAN_POINT('',(106.90381056766,150.));
#8569 = CARTESIAN_POINT('',(41.951905283833,37.5));
#8570 = CARTESIAN_POINT('',(-23.,-75.));
#8571 = CARTESIAN_POINT('',(-87.95190528383,37.5));
#8572 = CARTESIAN_POINT('',(-152.9038105676,150.));
#8573 = CARTESIAN_POINT('',(-23.,150.));
#8574 = ( GEOMETRIC_REPRESENTATION_CONTEXT(2) 
PARAMETRIC_REPRESENTATION_CONTEXT() REPRESENTATION_CONTEXT('2D SPACE',''
  ) );
#8575 = ADVANCED_FACE('',(#8576),#8360,.T.);
#8576 = FACE_BOUND('',#8577,.T.);
#8577 = EDGE_LOOP('',(#8578,#8599,#8600,#8621));
#8578 = ORIENTED_EDGE('',*,*,#8579,.F.);
#8579 = EDGE_CURVE('',#8430,#8259,#8580,.T.);
#8580 = SURFACE_CURVE('',#8581,(#8585,#8592),.PCURVE_S1.);
#8581 = LINE('',#8582,#8583);
#8582 = CARTESIAN_POINT('',(2.525E+03,-4.5,2.348E+03));
#8583 = VECTOR('',#8584,1.);
#8584 = DIRECTION('',(1.,0.,-0.));
#8585 = PCURVE('',#8360,#8586);
#8586 = DEFINITIONAL_REPRESENTATION('',(#8587),#8591);
#8587 = LINE('',#8588,#8589);
#8588 = CARTESIAN_POINT('',(0.,0.));
#8589 = VECTOR('',#8590,1.);
#8590 = DIRECTION('',(0.,1.));
#8591 = ( GEOMETRIC_REPRESENTATION_CONTEXT(2) 
PARAMETRIC_REPRESENTATION_CONTEXT() REPRESENTATION_CONTEXT('2D SPACE',''
  ) );
#8592 = PCURVE('',#8275,#8593);
#8593 = DEFINITIONAL_REPRESENTATION('',(#8594),#8598);
#8594 = LINE('',#8595,#8596);
#8595 = CARTESIAN_POINT('',(0.,3.));
#8596 = VECTOR('',#8597,1.);
#8597 = DIRECTION('',(1.,0.));
#8598 = ( GEOMETRIC_REPRESENTATION_CONTEXT(2) 
PARAMETRIC_REPRESENTATION_CONTEXT() REPRESENTATION_CONTEXT('2D SPACE',''
  ) );
#8599 = ORIENTED_EDGE('',*,*,#8450,.F.);
#8600 = ORIENTED_EDGE('',*,*,#8601,.T.);
#8601 = EDGE_CURVE('',#8379,#8320,#8602,.T.);
#8602 = SURFACE_CURVE('',#8603,(#8607,#8614),.PCURVE_S1.);
#8603 = LINE('',#8604,#8605);
#8604 = CARTESIAN_POINT('',(2.525E+03,-4.5,2.352E+03));
#8605 = VECTOR('',#8606,1.);
#8606 = DIRECTION('',(1.,0.,-0.));
#8607 = PCURVE('',#8360,#8608);
#8608 = DEFINITIONAL_REPRESENTATION('',(#8609),#8613);
#8609 = LINE('',#8610,#8611);
#8610 = CARTESIAN_POINT('',(4.,0.));
#8611 = VECTOR('',#8612,1.);
#8612 = DIRECTION('',(0.,1.));
#8613 = ( GEOMETRIC_REPRESENTATION_CONTEXT(2) 
PARAMETRIC_REPRESENTATION_CONTEXT() REPRESENTATION_CONTEXT('2D SPACE',''
  ) );
#8614 = PCURVE('',#8334,#8615);
#8615 = DEFINITIONAL_REPRESENTATION('',(#8616),#8620);
#8616 = LINE('',#8617,#8618);
#8617 = CARTESIAN_POINT('',(0.,3.));
#8618 = VECTOR('',#8619,1.);
#8619 = DIRECTION('',(1.,0.));
#8620 = ( GEOMETRIC_REPRESENTATION_CONTEXT(2) 
PARAMETRIC_REPRESENTATION_CONTEXT() REPRESENTATION_CONTEXT('2D SPACE',''
  ) );
#8621 = ORIENTED_EDGE('',*,*,#8345,.F.);
#8622 = ADVANCED_FACE('',(#8623),#8334,.T.);
#8623 = FACE_BOUND('',#8624,.T.);
#8624 = EDGE_LOOP('',(#8625,#8626,#8627,#8648));
#8625 = ORIENTED_EDGE('',*,*,#8601,.F.);
#8626 = ORIENTED_EDGE('',*,*,#8378,.T.);
#8627 = ORIENTED_EDGE('',*,*,#8628,.T.);
#8628 = EDGE_CURVE('',#8381,#8287,#8629,.T.);
#8629 = SURFACE_CURVE('',#8630,(#8634,#8641),.PCURVE_S1.);
#8630 = LINE('',#8631,#8632);
#8631 = CARTESIAN_POINT('',(2.525E+03,-7.5,2.352E+03));
#8632 = VECTOR('',#8633,1.);
#8633 = DIRECTION('',(1.,0.,-0.));
#8634 = PCURVE('',#8334,#8635);
#8635 = DEFINITIONAL_REPRESENTATION('',(#8636),#8640);
#8636 = LINE('',#8637,#8638);
#8637 = CARTESIAN_POINT('',(0.,0.));
#8638 = VECTOR('',#8639,1.);
#8639 = DIRECTION('',(1.,0.));
#8640 = ( GEOMETRIC_REPRESENTATION_CONTEXT(2) 
PARAMETRIC_REPRESENTATION_CONTEXT() REPRESENTATION_CONTEXT('2D SPACE',''
  ) );
#8641 = PCURVE('',#8303,#8642);
#8642 = DEFINITIONAL_REPRESENTATION('',(#8643),#8647);
#8643 = LINE('',#8644,#8645);
#8644 = CARTESIAN_POINT('',(4.,0.));
#8645 = VECTOR('',#8646,1.);
#8646 = DIRECTION('',(0.,1.));
#8647 = ( GEOMETRIC_REPRESENTATION_CONTEXT(2) 
PARAMETRIC_REPRESENTATION_CONTEXT() REPRESENTATION_CONTEXT('2D SPACE',''
  ) );
#8648 = ORIENTED_EDGE('',*,*,#8319,.F.);
#8649 = ADVANCED_FACE('',(#8650),#8303,.F.);
#8650 = FACE_BOUND('',#8651,.F.);
#8651 = EDGE_LOOP('',(#8652,#8673,#8674,#8675));
#8652 = ORIENTED_EDGE('',*,*,#8653,.F.);
#8653 = EDGE_CURVE('',#8402,#8261,#8654,.T.);
#8654 = SURFACE_CURVE('',#8655,(#8659,#8666),.PCURVE_S1.);
#8655 = LINE('',#8656,#8657);
#8656 = CARTESIAN_POINT('',(2.525E+03,-7.5,2.348E+03));
#8657 = VECTOR('',#8658,1.);
#8658 = DIRECTION('',(1.,0.,-0.));
#8659 = PCURVE('',#8303,#8660);
#8660 = DEFINITIONAL_REPRESENTATION('',(#8661),#8665);
#8661 = LINE('',#8662,#8663);
#8662 = CARTESIAN_POINT('',(0.,0.));
#8663 = VECTOR('',#8664,1.);
#8664 = DIRECTION('',(0.,1.));
#8665 = ( GEOMETRIC_REPRESENTATION_CONTEXT(2) 
PARAMETRIC_REPRESENTATION_CONTEXT() REPRESENTATION_CONTEXT('2D SPACE',''
  ) );
#8666 = PCURVE('',#8275,#8667);
#8667 = DEFINITIONAL_REPRESENTATION('',(#8668),#8672);
#8668 = LINE('',#8669,#8670);
#8669 = CARTESIAN_POINT('',(0.,0.));
#8670 = VECTOR('',#8671,1.);
#8671 = DIRECTION('',(1.,0.));
#8672 = ( GEOMETRIC_REPRESENTATION_CONTEXT(2) 
PARAMETRIC_REPRESENTATION_CONTEXT() REPRESENTATION_CONTEXT('2D SPACE',''
  ) );
#8673 = ORIENTED_EDGE('',*,*,#8401,.F.);
#8674 = ORIENTED_EDGE('',*,*,#8628,.T.);
#8675 = ORIENTED_EDGE('',*,*,#8286,.F.);
#8676 = ADVANCED_FACE('',(#8677),#8275,.F.);
#8677 = FACE_BOUND('',#8678,.F.);
#8678 = EDGE_LOOP('',(#8679,#8680,#8681,#8682));
#8679 = ORIENTED_EDGE('',*,*,#8579,.F.);
#8680 = ORIENTED_EDGE('',*,*,#8429,.T.);
#8681 = ORIENTED_EDGE('',*,*,#8653,.T.);
#8682 = ORIENTED_EDGE('',*,*,#8258,.F.);
#8683 = ADVANCED_FACE('',(#8684),#8240,.T.);
#8684 = FACE_BOUND('',#8685,.T.);
#8685 = EDGE_LOOP('',(#8686,#8707,#8708,#8729));
#8686 = ORIENTED_EDGE('',*,*,#8687,.F.);
#8687 = EDGE_CURVE('',#8530,#8139,#8688,.T.);
#8688 = SURFACE_CURVE('',#8689,(#8693,#8700),.PCURVE_S1.);
#8689 = LINE('',#8690,#8691);
#8690 = CARTESIAN_POINT('',(2.525E+03,-4.5,2.323E+03));
#8691 = VECTOR('',#8692,1.);
#8692 = DIRECTION('',(1.,0.,-0.));
#8693 = PCURVE('',#8240,#8694);
#8694 = DEFINITIONAL_REPRESENTATION('',(#8695),#8699);
#8695 = LINE('',#8696,#8697);
#8696 = CARTESIAN_POINT('',(0.,0.));
#8697 = VECTOR('',#8698,1.);
#8698 = DIRECTION('',(0.,1.));
#8699 = ( GEOMETRIC_REPRESENTATION_CONTEXT(2) 
PARAMETRIC_REPRESENTATION_CONTEXT() REPRESENTATION_CONTEXT('2D SPACE',''
  ) );
#8700 = PCURVE('',#8155,#8701);
#8701 = DEFINITIONAL_REPRESENTATION('',(#8702),#8706);
#8702 = LINE('',#8703,#8704);
#8703 = CARTESIAN_POINT('',(0.,3.));
#8704 = VECTOR('',#8705,1.);
#8705 = DIRECTION('',(1.,0.));
#8706 = ( GEOMETRIC_REPRESENTATION_CONTEXT(2) 
PARAMETRIC_REPRESENTATION_CONTEXT() REPRESENTATION_CONTEXT('2D SPACE',''
  ) );
#8707 = ORIENTED_EDGE('',*,*,#8550,.F.);
#8708 = ORIENTED_EDGE('',*,*,#8709,.T.);
#8709 = EDGE_CURVE('',#8479,#8200,#8710,.T.);
#8710 = SURFACE_CURVE('',#8711,(#8715,#8722),.PCURVE_S1.);
#8711 = LINE('',#8712,#8713);
#8712 = CARTESIAN_POINT('',(2.525E+03,-4.5,2.327E+03));
#8713 = VECTOR('',#8714,1.);
#8714 = DIRECTION('',(1.,0.,-0.));
#8715 = PCURVE('',#8240,#8716);
#8716 = DEFINITIONAL_REPRESENTATION('',(#8717),#8721);
#8717 = LINE('',#8718,#8719);
#8718 = CARTESIAN_POINT('',(4.,0.));
#8719 = VECTOR('',#8720,1.);
#8720 = DIRECTION('',(0.,1.));
#8721 = ( GEOMETRIC_REPRESENTATION_CONTEXT(2) 
PARAMETRIC_REPRESENTATION_CONTEXT() REPRESENTATION_CONTEXT('2D SPACE',''
  ) );
#8722 = PCURVE('',#8214,#8723);
#8723 = DEFINITIONAL_REPRESENTATION('',(#8724),#8728);
#8724 = LINE('',#8725,#8726);
#8725 = CARTESIAN_POINT('',(0.,3.));
#8726 = VECTOR('',#8727,1.);
#8727 = DIRECTION('',(1.,0.));
#8728 = ( GEOMETRIC_REPRESENTATION_CONTEXT(2) 
PARAMETRIC_REPRESENTATION_CONTEXT() REPRESENTATION_CONTEXT('2D SPACE',''
  ) );
#8729 = ORIENTED_EDGE('',*,*,#8225,.F.);
#8730 = ADVANCED_FACE('',(#8731),#8214,.T.);
#8731 = FACE_BOUND('',#8732,.T.);
#8732 = EDGE_LOOP('',(#8733,#8734,#8735,#8756));
#8733 = ORIENTED_EDGE('',*,*,#8709,.F.);
#8734 = ORIENTED_EDGE('',*,*,#8478,.T.);
#8735 = ORIENTED_EDGE('',*,*,#8736,.T.);
#8736 = EDGE_CURVE('',#8481,#8167,#8737,.T.);
#8737 = SURFACE_CURVE('',#8738,(#8742,#8749),.PCURVE_S1.);
#8738 = LINE('',#8739,#8740);
#8739 = CARTESIAN_POINT('',(2.525E+03,-7.5,2.327E+03));
#8740 = VECTOR('',#8741,1.);
#8741 = DIRECTION('',(1.,0.,-0.));
#8742 = PCURVE('',#8214,#8743);
#8743 = DEFINITIONAL_REPRESENTATION('',(#8744),#8748);
#8744 = LINE('',#8745,#8746);
#8745 = CARTESIAN_POINT('',(0.,0.));
#8746 = VECTOR('',#8747,1.);
#8747 = DIRECTION('',(1.,0.));
#8748 = ( GEOMETRIC_REPRESENTATION_CONTEXT(2) 
PARAMETRIC_REPRESENTATION_CONTEXT() REPRESENTATION_CONTEXT('2D SPACE',''
  ) );
#8749 = PCURVE('',#8183,#8750);
#8750 = DEFINITIONAL_REPRESENTATION('',(#8751),#8755);
#8751 = LINE('',#8752,#8753);
#8752 = CARTESIAN_POINT('',(4.,0.));
#8753 = VECTOR('',#8754,1.);
#8754 = DIRECTION('',(0.,1.));
#8755 = ( GEOMETRIC_REPRESENTATION_CONTEXT(2) 
PARAMETRIC_REPRESENTATION_CONTEXT() REPRESENTATION_CONTEXT('2D SPACE',''
  ) );
#8756 = ORIENTED_EDGE('',*,*,#8199,.F.);
#8757 = ADVANCED_FACE('',(#8758),#8183,.F.);
#8758 = FACE_BOUND('',#8759,.F.);
#8759 = EDGE_LOOP('',(#8760,#8781,#8782,#8783));
#8760 = ORIENTED_EDGE('',*,*,#8761,.F.);
#8761 = EDGE_CURVE('',#8502,#8141,#8762,.T.);
#8762 = SURFACE_CURVE('',#8763,(#8767,#8774),.PCURVE_S1.);
#8763 = LINE('',#8764,#8765);
#8764 = CARTESIAN_POINT('',(2.525E+03,-7.5,2.323E+03));
#8765 = VECTOR('',#8766,1.);
#8766 = DIRECTION('',(1.,0.,-0.));
#8767 = PCURVE('',#8183,#8768);
#8768 = DEFINITIONAL_REPRESENTATION('',(#8769),#8773);
#8769 = LINE('',#8770,#8771);
#8770 = CARTESIAN_POINT('',(0.,0.));
#8771 = VECTOR('',#8772,1.);
#8772 = DIRECTION('',(0.,1.));
#8773 = ( GEOMETRIC_REPRESENTATION_CONTEXT(2) 
PARAMETRIC_REPRESENTATION_CONTEXT() REPRESENTATION_CONTEXT('2D SPACE',''
  ) );
#8774 = PCURVE('',#8155,#8775);
#8775 = DEFINITIONAL_REPRESENTATION('',(#8776),#8780);
#8776 = LINE('',#8777,#8778);
#8777 = CARTESIAN_POINT('',(0.,0.));
#8778 = VECTOR('',#8779,1.);
#8779 = DIRECTION('',(1.,0.));
#8780 = ( GEOMETRIC_REPRESENTATION_CONTEXT(2) 
PARAMETRIC_REPRESENTATION_CONTEXT() REPRESENTATION_CONTEXT('2D SPACE',''
  ) );
#8781 = ORIENTED_EDGE('',*,*,#8501,.F.);
#8782 = ORIENTED_EDGE('',*,*,#8736,.T.);
#8783 = ORIENTED_EDGE('',*,*,#8166,.F.);
#8784 = ADVANCED_FACE('',(#8785),#8155,.F.);
#8785 = FACE_BOUND('',#8786,.F.);
#8786 = EDGE_LOOP('',(#8787,#8788,#8789,#8790));
#8787 = ORIENTED_EDGE('',*,*,#8687,.F.);
#8788 = ORIENTED_EDGE('',*,*,#8529,.T.);
#8789 = ORIENTED_EDGE('',*,*,#8761,.T.);
#8790 = ORIENTED_EDGE('',*,*,#8138,.F.);
#8791 = ADVANCED_FACE('',(#8792),#7920,.T.);
#8792 = FACE_BOUND('',#8793,.T.);
#8793 = EDGE_LOOP('',(#8794,#8815,#8816,#8837));
#8794 = ORIENTED_EDGE('',*,*,#8795,.F.);
#8795 = EDGE_CURVE('',#7880,#7939,#8796,.T.);
#8796 = SURFACE_CURVE('',#8797,(#8801,#8808),.PCURVE_S1.);
#8797 = LINE('',#8798,#8799);
#8798 = CARTESIAN_POINT('',(2.525E+03,-4.5,2.248E+03));
#8799 = VECTOR('',#8800,1.);
#8800 = DIRECTION('',(1.,0.,-0.));
#8801 = PCURVE('',#7920,#8802);
#8802 = DEFINITIONAL_REPRESENTATION('',(#8803),#8807);
#8803 = LINE('',#8804,#8805);
#8804 = CARTESIAN_POINT('',(0.,0.));
#8805 = VECTOR('',#8806,1.);
#8806 = DIRECTION('',(0.,1.));
#8807 = ( GEOMETRIC_REPRESENTATION_CONTEXT(2) 
PARAMETRIC_REPRESENTATION_CONTEXT() REPRESENTATION_CONTEXT('2D SPACE',''
  ) );
#8808 = PCURVE('',#7894,#8809);
#8809 = DEFINITIONAL_REPRESENTATION('',(#8810),#8814);
#8810 = LINE('',#8811,#8812);
#8811 = CARTESIAN_POINT('',(0.,3.));
#8812 = VECTOR('',#8813,1.);
#8813 = DIRECTION('',(1.,0.));
#8814 = ( GEOMETRIC_REPRESENTATION_CONTEXT(2) 
PARAMETRIC_REPRESENTATION_CONTEXT() REPRESENTATION_CONTEXT('2D SPACE',''
  ) );
#8815 = ORIENTED_EDGE('',*,*,#7905,.F.);
#8816 = ORIENTED_EDGE('',*,*,#8817,.T.);
#8817 = EDGE_CURVE('',#7819,#7990,#8818,.T.);
#8818 = SURFACE_CURVE('',#8819,(#8823,#8830),.PCURVE_S1.);
#8819 = LINE('',#8820,#8821);
#8820 = CARTESIAN_POINT('',(2.525E+03,-4.5,2.252E+03));
#8821 = VECTOR('',#8822,1.);
#8822 = DIRECTION('',(1.,0.,-0.));
#8823 = PCURVE('',#7920,#8824);
#8824 = DEFINITIONAL_REPRESENTATION('',(#8825),#8829);
#8825 = LINE('',#8826,#8827);
#8826 = CARTESIAN_POINT('',(4.,0.));
#8827 = VECTOR('',#8828,1.);
#8828 = DIRECTION('',(0.,1.));
#8829 = ( GEOMETRIC_REPRESENTATION_CONTEXT(2) 
PARAMETRIC_REPRESENTATION_CONTEXT() REPRESENTATION_CONTEXT('2D SPACE',''
  ) );
#8830 = PCURVE('',#7835,#8831);
#8831 = DEFINITIONAL_REPRESENTATION('',(#8832),#8836);
#8832 = LINE('',#8833,#8834);
#8833 = CARTESIAN_POINT('',(0.,3.));
#8834 = VECTOR('',#8835,1.);
#8835 = DIRECTION('',(1.,0.));
#8836 = ( GEOMETRIC_REPRESENTATION_CONTEXT(2) 
PARAMETRIC_REPRESENTATION_CONTEXT() REPRESENTATION_CONTEXT('2D SPACE',''
  ) );
#8837 = ORIENTED_EDGE('',*,*,#8010,.F.);
#8838 = ADVANCED_FACE('',(#8839),#7894,.F.);
#8839 = FACE_BOUND('',#8840,.F.);
#8840 = EDGE_LOOP('',(#8841,#8842,#8843,#8864));
#8841 = ORIENTED_EDGE('',*,*,#8795,.F.);
#8842 = ORIENTED_EDGE('',*,*,#7879,.T.);
#8843 = ORIENTED_EDGE('',*,*,#8844,.T.);
#8844 = EDGE_CURVE('',#7847,#7941,#8845,.T.);
#8845 = SURFACE_CURVE('',#8846,(#8850,#8857),.PCURVE_S1.);
#8846 = LINE('',#8847,#8848);
#8847 = CARTESIAN_POINT('',(2.525E+03,-7.5,2.248E+03));
#8848 = VECTOR('',#8849,1.);
#8849 = DIRECTION('',(1.,0.,-0.));
#8850 = PCURVE('',#7894,#8851);
#8851 = DEFINITIONAL_REPRESENTATION('',(#8852),#8856);
#8852 = LINE('',#8853,#8854);
#8853 = CARTESIAN_POINT('',(0.,0.));
#8854 = VECTOR('',#8855,1.);
#8855 = DIRECTION('',(1.,0.));
#8856 = ( GEOMETRIC_REPRESENTATION_CONTEXT(2) 
PARAMETRIC_REPRESENTATION_CONTEXT() REPRESENTATION_CONTEXT('2D SPACE',''
  ) );
#8857 = PCURVE('',#7863,#8858);
#8858 = DEFINITIONAL_REPRESENTATION('',(#8859),#8863);
#8859 = LINE('',#8860,#8861);
#8860 = CARTESIAN_POINT('',(0.,0.));
#8861 = VECTOR('',#8862,1.);
#8862 = DIRECTION('',(0.,1.));
#8863 = ( GEOMETRIC_REPRESENTATION_CONTEXT(2) 
PARAMETRIC_REPRESENTATION_CONTEXT() REPRESENTATION_CONTEXT('2D SPACE',''
  ) );
#8864 = ORIENTED_EDGE('',*,*,#7938,.F.);
#8865 = ADVANCED_FACE('',(#8866),#7863,.F.);
#8866 = FACE_BOUND('',#8867,.F.);
#8867 = EDGE_LOOP('',(#8868,#8869,#8870,#8891));
#8868 = ORIENTED_EDGE('',*,*,#8844,.F.);
#8869 = ORIENTED_EDGE('',*,*,#7846,.F.);
#8870 = ORIENTED_EDGE('',*,*,#8871,.T.);
#8871 = EDGE_CURVE('',#7821,#7962,#8872,.T.);
#8872 = SURFACE_CURVE('',#8873,(#8877,#8884),.PCURVE_S1.);
#8873 = LINE('',#8874,#8875);
#8874 = CARTESIAN_POINT('',(2.525E+03,-7.5,2.252E+03));
#8875 = VECTOR('',#8876,1.);
#8876 = DIRECTION('',(1.,0.,-0.));
#8877 = PCURVE('',#7863,#8878);
#8878 = DEFINITIONAL_REPRESENTATION('',(#8879),#8883);
#8879 = LINE('',#8880,#8881);
#8880 = CARTESIAN_POINT('',(4.,0.));
#8881 = VECTOR('',#8882,1.);
#8882 = DIRECTION('',(0.,1.));
#8883 = ( GEOMETRIC_REPRESENTATION_CONTEXT(2) 
PARAMETRIC_REPRESENTATION_CONTEXT() REPRESENTATION_CONTEXT('2D SPACE',''
  ) );
#8884 = PCURVE('',#7835,#8885);
#8885 = DEFINITIONAL_REPRESENTATION('',(#8886),#8890);
#8886 = LINE('',#8887,#8888);
#8887 = CARTESIAN_POINT('',(0.,0.));
#8888 = VECTOR('',#8889,1.);
#8889 = DIRECTION('',(1.,0.));
#8890 = ( GEOMETRIC_REPRESENTATION_CONTEXT(2) 
PARAMETRIC_REPRESENTATION_CONTEXT() REPRESENTATION_CONTEXT('2D SPACE',''
  ) );
#8891 = ORIENTED_EDGE('',*,*,#7961,.F.);
#8892 = ADVANCED_FACE('',(#8893),#7835,.T.);
#8893 = FACE_BOUND('',#8894,.T.);
#8894 = EDGE_LOOP('',(#8895,#8896,#8897,#8898));
#8895 = ORIENTED_EDGE('',*,*,#8817,.F.);
#8896 = ORIENTED_EDGE('',*,*,#7818,.T.);
#8897 = ORIENTED_EDGE('',*,*,#8871,.T.);
#8898 = ORIENTED_EDGE('',*,*,#7989,.F.);
#8899 = ADVANCED_FACE('',(#8900),#7800,.T.);
#8900 = FACE_BOUND('',#8901,.T.);
#8901 = EDGE_LOOP('',(#8902,#8923,#8924,#8945));
#8902 = ORIENTED_EDGE('',*,*,#8903,.F.);
#8903 = EDGE_CURVE('',#7760,#8039,#8904,.T.);
#8904 = SURFACE_CURVE('',#8905,(#8909,#8916),.PCURVE_S1.);
#8905 = LINE('',#8906,#8907);
#8906 = CARTESIAN_POINT('',(2.525E+03,-4.5,2.273E+03));
#8907 = VECTOR('',#8908,1.);
#8908 = DIRECTION('',(1.,0.,-0.));
#8909 = PCURVE('',#7800,#8910);
#8910 = DEFINITIONAL_REPRESENTATION('',(#8911),#8915);
#8911 = LINE('',#8912,#8913);
#8912 = CARTESIAN_POINT('',(0.,0.));
#8913 = VECTOR('',#8914,1.);
#8914 = DIRECTION('',(0.,1.));
#8915 = ( GEOMETRIC_REPRESENTATION_CONTEXT(2) 
PARAMETRIC_REPRESENTATION_CONTEXT() REPRESENTATION_CONTEXT('2D SPACE',''
  ) );
#8916 = PCURVE('',#7774,#8917);
#8917 = DEFINITIONAL_REPRESENTATION('',(#8918),#8922);
#8918 = LINE('',#8919,#8920);
#8919 = CARTESIAN_POINT('',(0.,3.));
#8920 = VECTOR('',#8921,1.);
#8921 = DIRECTION('',(1.,0.));
#8922 = ( GEOMETRIC_REPRESENTATION_CONTEXT(2) 
PARAMETRIC_REPRESENTATION_CONTEXT() REPRESENTATION_CONTEXT('2D SPACE',''
  ) );
#8923 = ORIENTED_EDGE('',*,*,#7785,.F.);
#8924 = ORIENTED_EDGE('',*,*,#8925,.T.);
#8925 = EDGE_CURVE('',#7699,#8090,#8926,.T.);
#8926 = SURFACE_CURVE('',#8927,(#8931,#8938),.PCURVE_S1.);
#8927 = LINE('',#8928,#8929);
#8928 = CARTESIAN_POINT('',(2.525E+03,-4.5,2.277E+03));
#8929 = VECTOR('',#8930,1.);
#8930 = DIRECTION('',(1.,0.,-0.));
#8931 = PCURVE('',#7800,#8932);
#8932 = DEFINITIONAL_REPRESENTATION('',(#8933),#8937);
#8933 = LINE('',#8934,#8935);
#8934 = CARTESIAN_POINT('',(4.,0.));
#8935 = VECTOR('',#8936,1.);
#8936 = DIRECTION('',(0.,1.));
#8937 = ( GEOMETRIC_REPRESENTATION_CONTEXT(2) 
PARAMETRIC_REPRESENTATION_CONTEXT() REPRESENTATION_CONTEXT('2D SPACE',''
  ) );
#8938 = PCURVE('',#7715,#8939);
#8939 = DEFINITIONAL_REPRESENTATION('',(#8940),#8944);
#8940 = LINE('',#8941,#8942);
#8941 = CARTESIAN_POINT('',(0.,3.));
#8942 = VECTOR('',#8943,1.);
#8943 = DIRECTION('',(1.,0.));
#8944 = ( GEOMETRIC_REPRESENTATION_CONTEXT(2) 
PARAMETRIC_REPRESENTATION_CONTEXT() REPRESENTATION_CONTEXT('2D SPACE',''
  ) );
#8945 = ORIENTED_EDGE('',*,*,#8110,.F.);
#8946 = ADVANCED_FACE('',(#8947),#7774,.F.);
#8947 = FACE_BOUND('',#8948,.F.);
#8948 = EDGE_LOOP('',(#8949,#8950,#8951,#8972));
#8949 = ORIENTED_EDGE('',*,*,#8903,.F.);
#8950 = ORIENTED_EDGE('',*,*,#7759,.T.);
#8951 = ORIENTED_EDGE('',*,*,#8952,.T.);
#8952 = EDGE_CURVE('',#7727,#8041,#8953,.T.);
#8953 = SURFACE_CURVE('',#8954,(#8958,#8965),.PCURVE_S1.);
#8954 = LINE('',#8955,#8956);
#8955 = CARTESIAN_POINT('',(2.525E+03,-7.5,2.273E+03));
#8956 = VECTOR('',#8957,1.);
#8957 = DIRECTION('',(1.,0.,-0.));
#8958 = PCURVE('',#7774,#8959);
#8959 = DEFINITIONAL_REPRESENTATION('',(#8960),#8964);
#8960 = LINE('',#8961,#8962);
#8961 = CARTESIAN_POINT('',(0.,0.));
#8962 = VECTOR('',#8963,1.);
#8963 = DIRECTION('',(1.,0.));
#8964 = ( GEOMETRIC_REPRESENTATION_CONTEXT(2) 
PARAMETRIC_REPRESENTATION_CONTEXT() REPRESENTATION_CONTEXT('2D SPACE',''
  ) );
#8965 = PCURVE('',#7743,#8966);
#8966 = DEFINITIONAL_REPRESENTATION('',(#8967),#8971);
#8967 = LINE('',#8968,#8969);
#8968 = CARTESIAN_POINT('',(0.,0.));
#8969 = VECTOR('',#8970,1.);
#8970 = DIRECTION('',(0.,1.));
#8971 = ( GEOMETRIC_REPRESENTATION_CONTEXT(2) 
PARAMETRIC_REPRESENTATION_CONTEXT() REPRESENTATION_CONTEXT('2D SPACE',''
  ) );
#8972 = ORIENTED_EDGE('',*,*,#8038,.F.);
#8973 = ADVANCED_FACE('',(#8974),#7743,.F.);
#8974 = FACE_BOUND('',#8975,.F.);
#8975 = EDGE_LOOP('',(#8976,#8977,#8978,#8999));
#8976 = ORIENTED_EDGE('',*,*,#8952,.F.);
#8977 = ORIENTED_EDGE('',*,*,#7726,.F.);
#8978 = ORIENTED_EDGE('',*,*,#8979,.T.);
#8979 = EDGE_CURVE('',#7701,#8062,#8980,.T.);
#8980 = SURFACE_CURVE('',#8981,(#8985,#8992),.PCURVE_S1.);
#8981 = LINE('',#8982,#8983);
#8982 = CARTESIAN_POINT('',(2.525E+03,-7.5,2.277E+03));
#8983 = VECTOR('',#8984,1.);
#8984 = DIRECTION('',(1.,0.,-0.));
#8985 = PCURVE('',#7743,#8986);
#8986 = DEFINITIONAL_REPRESENTATION('',(#8987),#8991);
#8987 = LINE('',#8988,#8989);
#8988 = CARTESIAN_POINT('',(4.,0.));
#8989 = VECTOR('',#8990,1.);
#8990 = DIRECTION('',(0.,1.));
#8991 = ( GEOMETRIC_REPRESENTATION_CONTEXT(2) 
PARAMETRIC_REPRESENTATION_CONTEXT() REPRESENTATION_CONTEXT('2D SPACE',''
  ) );
#8992 = PCURVE('',#7715,#8993);
#8993 = DEFINITIONAL_REPRESENTATION('',(#8994),#8998);
#8994 = LINE('',#8995,#8996);
#8995 = CARTESIAN_POINT('',(0.,0.));
#8996 = VECTOR('',#8997,1.);
#8997 = DIRECTION('',(1.,0.));
#8998 = ( GEOMETRIC_REPRESENTATION_CONTEXT(2) 
PARAMETRIC_REPRESENTATION_CONTEXT() REPRESENTATION_CONTEXT('2D SPACE',''
  ) );
#8999 = ORIENTED_EDGE('',*,*,#8061,.F.);
#9000 = ADVANCED_FACE('',(#9001),#7715,.T.);
#9001 = FACE_BOUND('',#9002,.T.);
#9002 = EDGE_LOOP('',(#9003,#9004,#9005,#9006));
#9003 = ORIENTED_EDGE('',*,*,#8925,.F.);
#9004 = ORIENTED_EDGE('',*,*,#7698,.T.);
#9005 = ORIENTED_EDGE('',*,*,#8979,.T.);
#9006 = ORIENTED_EDGE('',*,*,#8089,.F.);
#9007 = ADVANCED_FACE('',(#9008),#7562,.F.);
#9008 = FACE_BOUND('',#9009,.F.);
#9009 = EDGE_LOOP('',(#9010,#9031,#9032,#9053));
#9010 = ORIENTED_EDGE('',*,*,#9011,.F.);
#9011 = EDGE_CURVE('',#7629,#7520,#9012,.T.);
#9012 = SURFACE_CURVE('',#9013,(#9017,#9024),.PCURVE_S1.);
#9013 = LINE('',#9014,#9015);
#9014 = CARTESIAN_POINT('',(2.525E+03,-4.5,2.298E+03));
#9015 = VECTOR('',#9016,1.);
#9016 = DIRECTION('',(1.,0.,-0.));
#9017 = PCURVE('',#7562,#9018);
#9018 = DEFINITIONAL_REPRESENTATION('',(#9019),#9023);
#9019 = LINE('',#9020,#9021);
#9020 = CARTESIAN_POINT('',(0.,3.));
#9021 = VECTOR('',#9022,1.);
#9022 = DIRECTION('',(1.,0.));
#9023 = ( GEOMETRIC_REPRESENTATION_CONTEXT(2) 
PARAMETRIC_REPRESENTATION_CONTEXT() REPRESENTATION_CONTEXT('2D SPACE',''
  ) );
#9024 = PCURVE('',#7480,#9025);
#9025 = DEFINITIONAL_REPRESENTATION('',(#9026),#9030);
#9026 = LINE('',#9027,#9028);
#9027 = CARTESIAN_POINT('',(0.,0.));
#9028 = VECTOR('',#9029,1.);
#9029 = DIRECTION('',(0.,1.));
#9030 = ( GEOMETRIC_REPRESENTATION_CONTEXT(2) 
PARAMETRIC_REPRESENTATION_CONTEXT() REPRESENTATION_CONTEXT('2D SPACE',''
  ) );
#9031 = ORIENTED_EDGE('',*,*,#7628,.T.);
#9032 = ORIENTED_EDGE('',*,*,#9033,.T.);
#9033 = EDGE_CURVE('',#7603,#7548,#9034,.T.);
#9034 = SURFACE_CURVE('',#9035,(#9039,#9046),.PCURVE_S1.);
#9035 = LINE('',#9036,#9037);
#9036 = CARTESIAN_POINT('',(2.525E+03,-7.5,2.298E+03));
#9037 = VECTOR('',#9038,1.);
#9038 = DIRECTION('',(1.,0.,-0.));
#9039 = PCURVE('',#7562,#9040);
#9040 = DEFINITIONAL_REPRESENTATION('',(#9041),#9045);
#9041 = LINE('',#9042,#9043);
#9042 = CARTESIAN_POINT('',(0.,0.));
#9043 = VECTOR('',#9044,1.);
#9044 = DIRECTION('',(1.,0.));
#9045 = ( GEOMETRIC_REPRESENTATION_CONTEXT(2) 
PARAMETRIC_REPRESENTATION_CONTEXT() REPRESENTATION_CONTEXT('2D SPACE',''
  ) );
#9046 = PCURVE('',#7421,#9047);
#9047 = DEFINITIONAL_REPRESENTATION('',(#9048),#9052);
#9048 = LINE('',#9049,#9050);
#9049 = CARTESIAN_POINT('',(0.,0.));
#9050 = VECTOR('',#9051,1.);
#9051 = DIRECTION('',(0.,1.));
#9052 = ( GEOMETRIC_REPRESENTATION_CONTEXT(2) 
PARAMETRIC_REPRESENTATION_CONTEXT() REPRESENTATION_CONTEXT('2D SPACE',''
  ) );
#9053 = ORIENTED_EDGE('',*,*,#7547,.F.);
#9054 = ADVANCED_FACE('',(#9055),#7480,.T.);
#9055 = FACE_BOUND('',#9056,.T.);
#9056 = EDGE_LOOP('',(#9057,#9058,#9059,#9080,#9081));
#9057 = ORIENTED_EDGE('',*,*,#9011,.F.);
#9058 = ORIENTED_EDGE('',*,*,#7649,.F.);
#9059 = ORIENTED_EDGE('',*,*,#9060,.T.);
#9060 = EDGE_CURVE('',#7650,#7438,#9061,.T.);
#9061 = SURFACE_CURVE('',#9062,(#9066,#9073),.PCURVE_S1.);
#9062 = LINE('',#9063,#9064);
#9063 = CARTESIAN_POINT('',(2.525E+03,-4.5,2.302E+03));
#9064 = VECTOR('',#9065,1.);
#9065 = DIRECTION('',(1.,0.,-0.));
#9066 = PCURVE('',#7480,#9067);
#9067 = DEFINITIONAL_REPRESENTATION('',(#9068),#9072);
#9068 = LINE('',#9069,#9070);
#9069 = CARTESIAN_POINT('',(4.,0.));
#9070 = VECTOR('',#9071,1.);
#9071 = DIRECTION('',(0.,1.));
#9072 = ( GEOMETRIC_REPRESENTATION_CONTEXT(2) 
PARAMETRIC_REPRESENTATION_CONTEXT() REPRESENTATION_CONTEXT('2D SPACE',''
  ) );
#9073 = PCURVE('',#7452,#9074);
#9074 = DEFINITIONAL_REPRESENTATION('',(#9075),#9079);
#9075 = LINE('',#9076,#9077);
#9076 = CARTESIAN_POINT('',(0.,3.));
#9077 = VECTOR('',#9078,1.);
#9078 = DIRECTION('',(1.,0.));
#9079 = ( GEOMETRIC_REPRESENTATION_CONTEXT(2) 
PARAMETRIC_REPRESENTATION_CONTEXT() REPRESENTATION_CONTEXT('2D SPACE',''
  ) );
#9080 = ORIENTED_EDGE('',*,*,#7463,.F.);
#9081 = ORIENTED_EDGE('',*,*,#7519,.F.);
#9082 = ADVANCED_FACE('',(#9083),#7452,.T.);
#9083 = FACE_BOUND('',#9084,.T.);
#9084 = EDGE_LOOP('',(#9085,#9086,#9087,#9108));
#9085 = ORIENTED_EDGE('',*,*,#9060,.F.);
#9086 = ORIENTED_EDGE('',*,*,#7677,.T.);
#9087 = ORIENTED_EDGE('',*,*,#9088,.T.);
#9088 = EDGE_CURVE('',#7605,#7405,#9089,.T.);
#9089 = SURFACE_CURVE('',#9090,(#9094,#9101),.PCURVE_S1.);
#9090 = LINE('',#9091,#9092);
#9091 = CARTESIAN_POINT('',(2.525E+03,-7.5,2.302E+03));
#9092 = VECTOR('',#9093,1.);
#9093 = DIRECTION('',(1.,0.,-0.));
#9094 = PCURVE('',#7452,#9095);
#9095 = DEFINITIONAL_REPRESENTATION('',(#9096),#9100);
#9096 = LINE('',#9097,#9098);
#9097 = CARTESIAN_POINT('',(0.,0.));
#9098 = VECTOR('',#9099,1.);
#9099 = DIRECTION('',(1.,0.));
#9100 = ( GEOMETRIC_REPRESENTATION_CONTEXT(2) 
PARAMETRIC_REPRESENTATION_CONTEXT() REPRESENTATION_CONTEXT('2D SPACE',''
  ) );
#9101 = PCURVE('',#7421,#9102);
#9102 = DEFINITIONAL_REPRESENTATION('',(#9103),#9107);
#9103 = LINE('',#9104,#9105);
#9104 = CARTESIAN_POINT('',(4.,0.));
#9105 = VECTOR('',#9106,1.);
#9106 = DIRECTION('',(0.,1.));
#9107 = ( GEOMETRIC_REPRESENTATION_CONTEXT(2) 
PARAMETRIC_REPRESENTATION_CONTEXT() REPRESENTATION_CONTEXT('2D SPACE',''
  ) );
#9108 = ORIENTED_EDGE('',*,*,#7437,.F.);
#9109 = ADVANCED_FACE('',(#9110),#7421,.F.);
#9110 = FACE_BOUND('',#9111,.F.);
#9111 = EDGE_LOOP('',(#9112,#9113,#9114,#9115,#9116));
#9112 = ORIENTED_EDGE('',*,*,#9033,.F.);
#9113 = ORIENTED_EDGE('',*,*,#7602,.T.);
#9114 = ORIENTED_EDGE('',*,*,#9088,.T.);
#9115 = ORIENTED_EDGE('',*,*,#7404,.F.);
#9116 = ORIENTED_EDGE('',*,*,#7573,.F.);
#9117 = ADVANCED_FACE('',(#9118,#9149),#7369,.T.);
#9118 = FACE_BOUND('',#9119,.T.);
#9119 = EDGE_LOOP('',(#9120));
#9120 = ORIENTED_EDGE('',*,*,#9121,.T.);
#9121 = EDGE_CURVE('',#9122,#9122,#9124,.T.);
#9122 = VERTEX_POINT('',#9123);
#9123 = CARTESIAN_POINT('',(2.678E+03,-20.,2.3E+03));
#9124 = SURFACE_CURVE('',#9125,(#9130,#9137),.PCURVE_S1.);
#9125 = CIRCLE('',#9126,78.);
#9126 = AXIS2_PLACEMENT_3D('',#9127,#9128,#9129);
#9127 = CARTESIAN_POINT('',(2.6E+03,-20.,2.3E+03));
#9128 = DIRECTION('',(0.,-1.,2.22044604925E-16));
#9129 = DIRECTION('',(1.,0.,0.));
#9130 = PCURVE('',#7369,#9131);
#9131 = DEFINITIONAL_REPRESENTATION('',(#9132),#9136);
#9132 = CIRCLE('',#9133,78.);
#9133 = AXIS2_PLACEMENT_2D('',#9134,#9135);
#9134 = CARTESIAN_POINT('',(0.,0.));
#9135 = DIRECTION('',(1.,0.));
#9136 = ( GEOMETRIC_REPRESENTATION_CONTEXT(2) 
PARAMETRIC_REPRESENTATION_CONTEXT() REPRESENTATION_CONTEXT('2D SPACE',''
  ) );
#9137 = PCURVE('',#9138,#9143);
#9138 = CYLINDRICAL_SURFACE('',#9139,78.);
#9139 = AXIS2_PLACEMENT_3D('',#9140,#9141,#9142);
#9140 = CARTESIAN_POINT('',(2.6E+03,170.,2.3E+03));
#9141 = DIRECTION('',(0.,-1.,2.22044604925E-16));
#9142 = DIRECTION('',(1.,0.,0.));
#9143 = DEFINITIONAL_REPRESENTATION('',(#9144),#9148);
#9144 = LINE('',#9145,#9146);
#9145 = CARTESIAN_POINT('',(0.,190.));
#9146 = VECTOR('',#9147,1.);
#9147 = DIRECTION('',(1.,0.));
#9148 = ( GEOMETRIC_REPRESENTATION_CONTEXT(2) 
PARAMETRIC_REPRESENTATION_CONTEXT() REPRESENTATION_CONTEXT('2D SPACE',''
  ) );
#9149 = FACE_BOUND('',#9150,.T.);
#9150 = EDGE_LOOP('',(#9151));
#9151 = ORIENTED_EDGE('',*,*,#7352,.F.);
#9152 = ADVANCED_FACE('',(#9153),#9138,.T.);
#9153 = FACE_BOUND('',#9154,.T.);
#9154 = EDGE_LOOP('',(#9155,#9178,#9179,#9180));
#9155 = ORIENTED_EDGE('',*,*,#9156,.T.);
#9156 = EDGE_CURVE('',#9157,#9122,#9159,.T.);
#9157 = VERTEX_POINT('',#9158);
#9158 = CARTESIAN_POINT('',(2.678E+03,-12.,2.3E+03));
#9159 = SEAM_CURVE('',#9160,(#9164,#9171),.PCURVE_S1.);
#9160 = LINE('',#9161,#9162);
#9161 = CARTESIAN_POINT('',(2.678E+03,170.,2.3E+03));
#9162 = VECTOR('',#9163,1.);
#9163 = DIRECTION('',(0.,-1.,2.22044604925E-16));
#9164 = PCURVE('',#9138,#9165);
#9165 = DEFINITIONAL_REPRESENTATION('',(#9166),#9170);
#9166 = LINE('',#9167,#9168);
#9167 = CARTESIAN_POINT('',(6.28318530718,-0.));
#9168 = VECTOR('',#9169,1.);
#9169 = DIRECTION('',(0.,1.));
#9170 = ( GEOMETRIC_REPRESENTATION_CONTEXT(2) 
PARAMETRIC_REPRESENTATION_CONTEXT() REPRESENTATION_CONTEXT('2D SPACE',''
  ) );
#9171 = PCURVE('',#9138,#9172);
#9172 = DEFINITIONAL_REPRESENTATION('',(#9173),#9177);
#9173 = LINE('',#9174,#9175);
#9174 = CARTESIAN_POINT('',(0.,-0.));
#9175 = VECTOR('',#9176,1.);
#9176 = DIRECTION('',(0.,1.));
#9177 = ( GEOMETRIC_REPRESENTATION_CONTEXT(2) 
PARAMETRIC_REPRESENTATION_CONTEXT() REPRESENTATION_CONTEXT('2D SPACE',''
  ) );
#9178 = ORIENTED_EDGE('',*,*,#9121,.F.);
#9179 = ORIENTED_EDGE('',*,*,#9156,.F.);
#9180 = ORIENTED_EDGE('',*,*,#9181,.T.);
#9181 = EDGE_CURVE('',#9157,#9157,#9182,.T.);
#9182 = SURFACE_CURVE('',#9183,(#9188,#9195),.PCURVE_S1.);
#9183 = CIRCLE('',#9184,78.);
#9184 = AXIS2_PLACEMENT_3D('',#9185,#9186,#9187);
#9185 = CARTESIAN_POINT('',(2.6E+03,-12.,2.3E+03));
#9186 = DIRECTION('',(0.,-1.,2.22044604925E-16));
#9187 = DIRECTION('',(1.,0.,0.));
#9188 = PCURVE('',#9138,#9189);
#9189 = DEFINITIONAL_REPRESENTATION('',(#9190),#9194);
#9190 = LINE('',#9191,#9192);
#9191 = CARTESIAN_POINT('',(0.,182.));
#9192 = VECTOR('',#9193,1.);
#9193 = DIRECTION('',(1.,0.));
#9194 = ( GEOMETRIC_REPRESENTATION_CONTEXT(2) 
PARAMETRIC_REPRESENTATION_CONTEXT() REPRESENTATION_CONTEXT('2D SPACE',''
  ) );
#9195 = PCURVE('',#6956,#9196);
#9196 = DEFINITIONAL_REPRESENTATION('',(#9197),#9205);
#9197 = ( BOUNDED_CURVE() B_SPLINE_CURVE(2,(#9198,#9199,#9200,#9201,
#9202,#9203,#9204),.UNSPECIFIED.,.T.,.F.) B_SPLINE_CURVE_WITH_KNOTS((1,2
    ,2,2,2,1),(-2.094395102393,0.,2.094395102393,4.188790204786,
6.28318530718,8.377580409573),.UNSPECIFIED.) CURVE() 
GEOMETRIC_REPRESENTATION_ITEM() RATIONAL_B_SPLINE_CURVE((1.,0.5,1.,0.5,
1.,0.5,1.)) REPRESENTATION_ITEM('') );
#9198 = CARTESIAN_POINT('',(120.,198.));
#9199 = CARTESIAN_POINT('',(255.09996299037,198.));
#9200 = CARTESIAN_POINT('',(187.54998149518,81.));
#9201 = CARTESIAN_POINT('',(120.,-36.));
#9202 = CARTESIAN_POINT('',(52.450018504814,81.));
#9203 = CARTESIAN_POINT('',(-15.09996299037,198.));
#9204 = CARTESIAN_POINT('',(120.,198.));
#9205 = ( GEOMETRIC_REPRESENTATION_CONTEXT(2) 
PARAMETRIC_REPRESENTATION_CONTEXT() REPRESENTATION_CONTEXT('2D SPACE',''
  ) );
#9206 = ADVANCED_FACE('',(#9207),#7038,.T.);
#9207 = FACE_BOUND('',#9208,.T.);
#9208 = EDGE_LOOP('',(#9209,#9210,#9231,#9232));
#9209 = ORIENTED_EDGE('',*,*,#7024,.F.);
#9210 = ORIENTED_EDGE('',*,*,#9211,.T.);
#9211 = EDGE_CURVE('',#6936,#7130,#9212,.T.);
#9212 = SURFACE_CURVE('',#9213,(#9217,#9224),.PCURVE_S1.);
#9213 = LINE('',#9214,#9215);
#9214 = CARTESIAN_POINT('',(2.48E+03,-12.,2.42E+03));
#9215 = VECTOR('',#9216,1.);
#9216 = DIRECTION('',(1.,0.,-0.));
#9217 = PCURVE('',#7038,#9218);
#9218 = DEFINITIONAL_REPRESENTATION('',(#9219),#9223);
#9219 = LINE('',#9220,#9221);
#9220 = CARTESIAN_POINT('',(0.,0.));
#9221 = VECTOR('',#9222,1.);
#9222 = DIRECTION('',(1.,0.));
#9223 = ( GEOMETRIC_REPRESENTATION_CONTEXT(2) 
PARAMETRIC_REPRESENTATION_CONTEXT() REPRESENTATION_CONTEXT('2D SPACE',''
  ) );
#9224 = PCURVE('',#6956,#9225);
#9225 = DEFINITIONAL_REPRESENTATION('',(#9226),#9230);
#9226 = LINE('',#9227,#9228);
#9227 = CARTESIAN_POINT('',(240.,0.));
#9228 = VECTOR('',#9229,1.);
#9229 = DIRECTION('',(0.,1.));
#9230 = ( GEOMETRIC_REPRESENTATION_CONTEXT(2) 
PARAMETRIC_REPRESENTATION_CONTEXT() REPRESENTATION_CONTEXT('2D SPACE',''
  ) );
#9231 = ORIENTED_EDGE('',*,*,#7176,.T.);
#9232 = ORIENTED_EDGE('',*,*,#7202,.F.);
#9233 = ADVANCED_FACE('',(#9234,#9240),#6956,.F.);
#9234 = FACE_BOUND('',#9235,.F.);
#9235 = EDGE_LOOP('',(#9236,#9237,#9238,#9239));
#9236 = ORIENTED_EDGE('',*,*,#7054,.F.);
#9237 = ORIENTED_EDGE('',*,*,#6933,.T.);
#9238 = ORIENTED_EDGE('',*,*,#9211,.T.);
#9239 = ORIENTED_EDGE('',*,*,#7129,.F.);
#9240 = FACE_BOUND('',#9241,.F.);
#9241 = EDGE_LOOP('',(#9242));
#9242 = ORIENTED_EDGE('',*,*,#9181,.T.);
#9243 = MANIFOLD_SOLID_BREP('',#9244);
#9244 = CLOSED_SHELL('',(#9245,#9333,#9368,#9403,#9458,#9513,#9517));
#9245 = ADVANCED_FACE('',(#9246),#9259,.T.);
#9246 = FACE_BOUND('',#9247,.T.);
#9247 = EDGE_LOOP('',(#9248,#9282,#9305,#9332));
#9248 = ORIENTED_EDGE('',*,*,#9249,.F.);
#9249 = EDGE_CURVE('',#9250,#9250,#9252,.T.);
#9250 = VERTEX_POINT('',#9251);
#9251 = CARTESIAN_POINT('',(2.673E+03,20.,2.3E+03));
#9252 = SURFACE_CURVE('',#9253,(#9258,#9270),.PCURVE_S1.);
#9253 = CIRCLE('',#9254,73.);
#9254 = AXIS2_PLACEMENT_3D('',#9255,#9256,#9257);
#9255 = CARTESIAN_POINT('',(2.6E+03,20.,2.3E+03));
#9256 = DIRECTION('',(0.,-1.,2.22044604925E-16));
#9257 = DIRECTION('',(1.,0.,0.));
#9258 = PCURVE('',#9259,#9264);
#9259 = CYLINDRICAL_SURFACE('',#9260,73.);
#9260 = AXIS2_PLACEMENT_3D('',#9261,#9262,#9263);
#9261 = CARTESIAN_POINT('',(2.6E+03,130.,2.3E+03));
#9262 = DIRECTION('',(0.,-1.,2.22044604925E-16));
#9263 = DIRECTION('',(1.,0.,0.));
#9264 = DEFINITIONAL_REPRESENTATION('',(#9265),#9269);
#9265 = LINE('',#9266,#9267);
#9266 = CARTESIAN_POINT('',(0.,110.));
#9267 = VECTOR('',#9268,1.);
#9268 = DIRECTION('',(1.,0.));
#9269 = ( GEOMETRIC_REPRESENTATION_CONTEXT(2) 
PARAMETRIC_REPRESENTATION_CONTEXT() REPRESENTATION_CONTEXT('2D SPACE',''
  ) );
#9270 = PCURVE('',#9271,#9276);
#9271 = PLANE('',#9272);
#9272 = AXIS2_PLACEMENT_3D('',#9273,#9274,#9275);
#9273 = CARTESIAN_POINT('',(2.6E+03,20.,2.3E+03));
#9274 = DIRECTION('',(0.,-1.,2.22044604925E-16));
#9275 = DIRECTION('',(1.,0.,0.));
#9276 = DEFINITIONAL_REPRESENTATION('',(#9277),#9281);
#9277 = CIRCLE('',#9278,73.);
#9278 = AXIS2_PLACEMENT_2D('',#9279,#9280);
#9279 = CARTESIAN_POINT('',(0.,0.));
#9280 = DIRECTION('',(1.,0.));
#9281 = ( GEOMETRIC_REPRESENTATION_CONTEXT(2) 
PARAMETRIC_REPRESENTATION_CONTEXT() REPRESENTATION_CONTEXT('2D SPACE',''
  ) );
#9282 = ORIENTED_EDGE('',*,*,#9283,.F.);
#9283 = EDGE_CURVE('',#9284,#9250,#9286,.T.);
#9284 = VERTEX_POINT('',#9285);
#9285 = CARTESIAN_POINT('',(2.673E+03,130.,2.3E+03));
#9286 = SEAM_CURVE('',#9287,(#9291,#9298),.PCURVE_S1.);
#9287 = LINE('',#9288,#9289);
#9288 = CARTESIAN_POINT('',(2.673E+03,130.,2.3E+03));
#9289 = VECTOR('',#9290,1.);
#9290 = DIRECTION('',(0.,-1.,2.22044604925E-16));
#9291 = PCURVE('',#9259,#9292);
#9292 = DEFINITIONAL_REPRESENTATION('',(#9293),#9297);
#9293 = LINE('',#9294,#9295);
#9294 = CARTESIAN_POINT('',(6.28318530718,-0.));
#9295 = VECTOR('',#9296,1.);
#9296 = DIRECTION('',(0.,1.));
#9297 = ( GEOMETRIC_REPRESENTATION_CONTEXT(2) 
PARAMETRIC_REPRESENTATION_CONTEXT() REPRESENTATION_CONTEXT('2D SPACE',''
  ) );
#9298 = PCURVE('',#9259,#9299);
#9299 = DEFINITIONAL_REPRESENTATION('',(#9300),#9304);
#9300 = LINE('',#9301,#9302);
#9301 = CARTESIAN_POINT('',(0.,-0.));
#9302 = VECTOR('',#9303,1.);
#9303 = DIRECTION('',(0.,1.));
#9304 = ( GEOMETRIC_REPRESENTATION_CONTEXT(2) 
PARAMETRIC_REPRESENTATION_CONTEXT() REPRESENTATION_CONTEXT('2D SPACE',''
  ) );
#9305 = ORIENTED_EDGE('',*,*,#9306,.T.);
#9306 = EDGE_CURVE('',#9284,#9284,#9307,.T.);
#9307 = SURFACE_CURVE('',#9308,(#9313,#9320),.PCURVE_S1.);
#9308 = CIRCLE('',#9309,73.);
#9309 = AXIS2_PLACEMENT_3D('',#9310,#9311,#9312);
#9310 = CARTESIAN_POINT('',(2.6E+03,130.,2.3E+03));
#9311 = DIRECTION('',(0.,-1.,2.22044604925E-16));
#9312 = DIRECTION('',(1.,0.,0.));
#9313 = PCURVE('',#9259,#9314);
#9314 = DEFINITIONAL_REPRESENTATION('',(#9315),#9319);
#9315 = LINE('',#9316,#9317);
#9316 = CARTESIAN_POINT('',(0.,0.));
#9317 = VECTOR('',#9318,1.);
#9318 = DIRECTION('',(1.,0.));
#9319 = ( GEOMETRIC_REPRESENTATION_CONTEXT(2) 
PARAMETRIC_REPRESENTATION_CONTEXT() REPRESENTATION_CONTEXT('2D SPACE',''
  ) );
#9320 = PCURVE('',#9321,#9326);
#9321 = PLANE('',#9322);
#9322 = AXIS2_PLACEMENT_3D('',#9323,#9324,#9325);
#9323 = CARTESIAN_POINT('',(2.6E+03,130.,2.3E+03));
#9324 = DIRECTION('',(0.,-1.,2.22044604925E-16));
#9325 = DIRECTION('',(1.,0.,0.));
#9326 = DEFINITIONAL_REPRESENTATION('',(#9327),#9331);
#9327 = CIRCLE('',#9328,73.);
#9328 = AXIS2_PLACEMENT_2D('',#9329,#9330);
#9329 = CARTESIAN_POINT('',(0.,0.));
#9330 = DIRECTION('',(1.,0.));
#9331 = ( GEOMETRIC_REPRESENTATION_CONTEXT(2) 
PARAMETRIC_REPRESENTATION_CONTEXT() REPRESENTATION_CONTEXT('2D SPACE',''
  ) );
#9332 = ORIENTED_EDGE('',*,*,#9283,.T.);
#9333 = ADVANCED_FACE('',(#9334,#9337),#9271,.T.);
#9334 = FACE_BOUND('',#9335,.T.);
#9335 = EDGE_LOOP('',(#9336));
#9336 = ORIENTED_EDGE('',*,*,#9249,.T.);
#9337 = FACE_BOUND('',#9338,.T.);
#9338 = EDGE_LOOP('',(#9339));
#9339 = ORIENTED_EDGE('',*,*,#9340,.F.);
#9340 = EDGE_CURVE('',#9341,#9341,#9343,.T.);
#9341 = VERTEX_POINT('',#9342);
#9342 = CARTESIAN_POINT('',(2.63E+03,20.,2.3E+03));
#9343 = SURFACE_CURVE('',#9344,(#9349,#9356),.PCURVE_S1.);
#9344 = CIRCLE('',#9345,30.);
#9345 = AXIS2_PLACEMENT_3D('',#9346,#9347,#9348);
#9346 = CARTESIAN_POINT('',(2.6E+03,20.,2.3E+03));
#9347 = DIRECTION('',(0.,-1.,2.22044604925E-16));
#9348 = DIRECTION('',(1.,0.,0.));
#9349 = PCURVE('',#9271,#9350);
#9350 = DEFINITIONAL_REPRESENTATION('',(#9351),#9355);
#9351 = CIRCLE('',#9352,30.);
#9352 = AXIS2_PLACEMENT_2D('',#9353,#9354);
#9353 = CARTESIAN_POINT('',(0.,0.));
#9354 = DIRECTION('',(1.,0.));
#9355 = ( GEOMETRIC_REPRESENTATION_CONTEXT(2) 
PARAMETRIC_REPRESENTATION_CONTEXT() REPRESENTATION_CONTEXT('2D SPACE',''
  ) );
#9356 = PCURVE('',#9357,#9362);
#9357 = CYLINDRICAL_SURFACE('',#9358,30.);
#9358 = AXIS2_PLACEMENT_3D('',#9359,#9360,#9361);
#9359 = CARTESIAN_POINT('',(2.6E+03,135.,2.3E+03));
#9360 = DIRECTION('',(0.,-1.,2.22044604925E-16));
#9361 = DIRECTION('',(1.,0.,0.));
#9362 = DEFINITIONAL_REPRESENTATION('',(#9363),#9367);
#9363 = LINE('',#9364,#9365);
#9364 = CARTESIAN_POINT('',(0.,115.));
#9365 = VECTOR('',#9366,1.);
#9366 = DIRECTION('',(1.,0.));
#9367 = ( GEOMETRIC_REPRESENTATION_CONTEXT(2) 
PARAMETRIC_REPRESENTATION_CONTEXT() REPRESENTATION_CONTEXT('2D SPACE',''
  ) );
#9368 = ADVANCED_FACE('',(#9369,#9372),#9321,.F.);
#9369 = FACE_BOUND('',#9370,.F.);
#9370 = EDGE_LOOP('',(#9371));
#9371 = ORIENTED_EDGE('',*,*,#9306,.T.);
#9372 = FACE_BOUND('',#9373,.F.);
#9373 = EDGE_LOOP('',(#9374));
#9374 = ORIENTED_EDGE('',*,*,#9375,.F.);
#9375 = EDGE_CURVE('',#9376,#9376,#9378,.T.);
#9376 = VERTEX_POINT('',#9377);
#9377 = CARTESIAN_POINT('',(2.63E+03,130.,2.3E+03));
#9378 = SURFACE_CURVE('',#9379,(#9384,#9391),.PCURVE_S1.);
#9379 = CIRCLE('',#9380,30.);
#9380 = AXIS2_PLACEMENT_3D('',#9381,#9382,#9383);
#9381 = CARTESIAN_POINT('',(2.6E+03,130.,2.3E+03));
#9382 = DIRECTION('',(0.,-1.,2.22044604925E-16));
#9383 = DIRECTION('',(1.,0.,0.));
#9384 = PCURVE('',#9321,#9385);
#9385 = DEFINITIONAL_REPRESENTATION('',(#9386),#9390);
#9386 = CIRCLE('',#9387,30.);
#9387 = AXIS2_PLACEMENT_2D('',#9388,#9389);
#9388 = CARTESIAN_POINT('',(0.,0.));
#9389 = DIRECTION('',(1.,0.));
#9390 = ( GEOMETRIC_REPRESENTATION_CONTEXT(2) 
PARAMETRIC_REPRESENTATION_CONTEXT() REPRESENTATION_CONTEXT('2D SPACE',''
  ) );
#9391 = PCURVE('',#9392,#9397);
#9392 = CYLINDRICAL_SURFACE('',#9393,30.);
#9393 = AXIS2_PLACEMENT_3D('',#9394,#9395,#9396);
#9394 = CARTESIAN_POINT('',(2.6E+03,135.,2.3E+03));
#9395 = DIRECTION('',(0.,-1.,2.22044604925E-16));
#9396 = DIRECTION('',(1.,0.,0.));
#9397 = DEFINITIONAL_REPRESENTATION('',(#9398),#9402);
#9398 = LINE('',#9399,#9400);
#9399 = CARTESIAN_POINT('',(0.,5.));
#9400 = VECTOR('',#9401,1.);
#9401 = DIRECTION('',(1.,0.));
#9402 = ( GEOMETRIC_REPRESENTATION_CONTEXT(2) 
PARAMETRIC_REPRESENTATION_CONTEXT() REPRESENTATION_CONTEXT('2D SPACE',''
  ) );
#9403 = ADVANCED_FACE('',(#9404),#9357,.T.);
#9404 = FACE_BOUND('',#9405,.T.);
#9405 = EDGE_LOOP('',(#9406,#9429,#9456,#9457));
#9406 = ORIENTED_EDGE('',*,*,#9407,.T.);
#9407 = EDGE_CURVE('',#9341,#9408,#9410,.T.);
#9408 = VERTEX_POINT('',#9409);
#9409 = CARTESIAN_POINT('',(2.63E+03,15.,2.3E+03));
#9410 = SEAM_CURVE('',#9411,(#9415,#9422),.PCURVE_S1.);
#9411 = LINE('',#9412,#9413);
#9412 = CARTESIAN_POINT('',(2.63E+03,135.,2.3E+03));
#9413 = VECTOR('',#9414,1.);
#9414 = DIRECTION('',(0.,-1.,2.22044604925E-16));
#9415 = PCURVE('',#9357,#9416);
#9416 = DEFINITIONAL_REPRESENTATION('',(#9417),#9421);
#9417 = LINE('',#9418,#9419);
#9418 = CARTESIAN_POINT('',(6.28318530718,-0.));
#9419 = VECTOR('',#9420,1.);
#9420 = DIRECTION('',(0.,1.));
#9421 = ( GEOMETRIC_REPRESENTATION_CONTEXT(2) 
PARAMETRIC_REPRESENTATION_CONTEXT() REPRESENTATION_CONTEXT('2D SPACE',''
  ) );
#9422 = PCURVE('',#9357,#9423);
#9423 = DEFINITIONAL_REPRESENTATION('',(#9424),#9428);
#9424 = LINE('',#9425,#9426);
#9425 = CARTESIAN_POINT('',(0.,-0.));
#9426 = VECTOR('',#9427,1.);
#9427 = DIRECTION('',(0.,1.));
#9428 = ( GEOMETRIC_REPRESENTATION_CONTEXT(2) 
PARAMETRIC_REPRESENTATION_CONTEXT() REPRESENTATION_CONTEXT('2D SPACE',''
  ) );
#9429 = ORIENTED_EDGE('',*,*,#9430,.F.);
#9430 = EDGE_CURVE('',#9408,#9408,#9431,.T.);
#9431 = SURFACE_CURVE('',#9432,(#9437,#9444),.PCURVE_S1.);
#9432 = CIRCLE('',#9433,30.);
#9433 = AXIS2_PLACEMENT_3D('',#9434,#9435,#9436);
#9434 = CARTESIAN_POINT('',(2.6E+03,15.,2.3E+03));
#9435 = DIRECTION('',(0.,-1.,2.22044604925E-16));
#9436 = DIRECTION('',(1.,0.,0.));
#9437 = PCURVE('',#9357,#9438);
#9438 = DEFINITIONAL_REPRESENTATION('',(#9439),#9443);
#9439 = LINE('',#9440,#9441);
#9440 = CARTESIAN_POINT('',(0.,120.));
#9441 = VECTOR('',#9442,1.);
#9442 = DIRECTION('',(1.,0.));
#9443 = ( GEOMETRIC_REPRESENTATION_CONTEXT(2) 
PARAMETRIC_REPRESENTATION_CONTEXT() REPRESENTATION_CONTEXT('2D SPACE',''
  ) );
#9444 = PCURVE('',#9445,#9450);
#9445 = PLANE('',#9446);
#9446 = AXIS2_PLACEMENT_3D('',#9447,#9448,#9449);
#9447 = CARTESIAN_POINT('',(2.6E+03,15.,2.3E+03));
#9448 = DIRECTION('',(0.,-1.,2.22044604925E-16));
#9449 = DIRECTION('',(1.,0.,0.));
#9450 = DEFINITIONAL_REPRESENTATION('',(#9451),#9455);
#9451 = CIRCLE('',#9452,30.);
#9452 = AXIS2_PLACEMENT_2D('',#9453,#9454);
#9453 = CARTESIAN_POINT('',(0.,0.));
#9454 = DIRECTION('',(1.,0.));
#9455 = ( GEOMETRIC_REPRESENTATION_CONTEXT(2) 
PARAMETRIC_REPRESENTATION_CONTEXT() REPRESENTATION_CONTEXT('2D SPACE',''
  ) );
#9456 = ORIENTED_EDGE('',*,*,#9407,.F.);
#9457 = ORIENTED_EDGE('',*,*,#9340,.T.);
#9458 = ADVANCED_FACE('',(#9459),#9392,.T.);
#9459 = FACE_BOUND('',#9460,.T.);
#9460 = EDGE_LOOP('',(#9461,#9462,#9485,#9512));
#9461 = ORIENTED_EDGE('',*,*,#9375,.F.);
#9462 = ORIENTED_EDGE('',*,*,#9463,.F.);
#9463 = EDGE_CURVE('',#9464,#9376,#9466,.T.);
#9464 = VERTEX_POINT('',#9465);
#9465 = CARTESIAN_POINT('',(2.63E+03,135.,2.3E+03));
#9466 = SEAM_CURVE('',#9467,(#9471,#9478),.PCURVE_S1.);
#9467 = LINE('',#9468,#9469);
#9468 = CARTESIAN_POINT('',(2.63E+03,135.,2.3E+03));
#9469 = VECTOR('',#9470,1.);
#9470 = DIRECTION('',(0.,-1.,2.22044604925E-16));
#9471 = PCURVE('',#9392,#9472);
#9472 = DEFINITIONAL_REPRESENTATION('',(#9473),#9477);
#9473 = LINE('',#9474,#9475);
#9474 = CARTESIAN_POINT('',(6.28318530718,-0.));
#9475 = VECTOR('',#9476,1.);
#9476 = DIRECTION('',(0.,1.));
#9477 = ( GEOMETRIC_REPRESENTATION_CONTEXT(2) 
PARAMETRIC_REPRESENTATION_CONTEXT() REPRESENTATION_CONTEXT('2D SPACE',''
  ) );
#9478 = PCURVE('',#9392,#9479);
#9479 = DEFINITIONAL_REPRESENTATION('',(#9480),#9484);
#9480 = LINE('',#9481,#9482);
#9481 = CARTESIAN_POINT('',(0.,-0.));
#9482 = VECTOR('',#9483,1.);
#9483 = DIRECTION('',(0.,1.));
#9484 = ( GEOMETRIC_REPRESENTATION_CONTEXT(2) 
PARAMETRIC_REPRESENTATION_CONTEXT() REPRESENTATION_CONTEXT('2D SPACE',''
  ) );
#9485 = ORIENTED_EDGE('',*,*,#9486,.T.);
#9486 = EDGE_CURVE('',#9464,#9464,#9487,.T.);
#9487 = SURFACE_CURVE('',#9488,(#9493,#9500),.PCURVE_S1.);
#9488 = CIRCLE('',#9489,30.);
#9489 = AXIS2_PLACEMENT_3D('',#9490,#9491,#9492);
#9490 = CARTESIAN_POINT('',(2.6E+03,135.,2.3E+03));
#9491 = DIRECTION('',(0.,-1.,2.22044604925E-16));
#9492 = DIRECTION('',(1.,0.,0.));
#9493 = PCURVE('',#9392,#9494);
#9494 = DEFINITIONAL_REPRESENTATION('',(#9495),#9499);
#9495 = LINE('',#9496,#9497);
#9496 = CARTESIAN_POINT('',(0.,0.));
#9497 = VECTOR('',#9498,1.);
#9498 = DIRECTION('',(1.,0.));
#9499 = ( GEOMETRIC_REPRESENTATION_CONTEXT(2) 
PARAMETRIC_REPRESENTATION_CONTEXT() REPRESENTATION_CONTEXT('2D SPACE',''
  ) );
#9500 = PCURVE('',#9501,#9506);
#9501 = PLANE('',#9502);
#9502 = AXIS2_PLACEMENT_3D('',#9503,#9504,#9505);
#9503 = CARTESIAN_POINT('',(2.6E+03,135.,2.3E+03));
#9504 = DIRECTION('',(0.,-1.,2.22044604925E-16));
#9505 = DIRECTION('',(1.,0.,0.));
#9506 = DEFINITIONAL_REPRESENTATION('',(#9507),#9511);
#9507 = CIRCLE('',#9508,30.);
#9508 = AXIS2_PLACEMENT_2D('',#9509,#9510);
#9509 = CARTESIAN_POINT('',(0.,0.));
#9510 = DIRECTION('',(1.,0.));
#9511 = ( GEOMETRIC_REPRESENTATION_CONTEXT(2) 
PARAMETRIC_REPRESENTATION_CONTEXT() REPRESENTATION_CONTEXT('2D SPACE',''
  ) );
#9512 = ORIENTED_EDGE('',*,*,#9463,.T.);
#9513 = ADVANCED_FACE('',(#9514),#9445,.T.);
#9514 = FACE_BOUND('',#9515,.T.);
#9515 = EDGE_LOOP('',(#9516));
#9516 = ORIENTED_EDGE('',*,*,#9430,.T.);
#9517 = ADVANCED_FACE('',(#9518),#9501,.F.);
#9518 = FACE_BOUND('',#9519,.T.);
#9519 = EDGE_LOOP('',(#9520));
#9520 = ORIENTED_EDGE('',*,*,#9486,.F.);
#9521 = MANIFOLD_SOLID_BREP('',#9522);
#9522 = CLOSED_SHELL('',(#9523,#9643,#9820,#9869,#9918,#10012,#10061,
    #10110,#10137,#10144));
#9523 = ADVANCED_FACE('',(#9524),#9538,.F.);
#9524 = FACE_BOUND('',#9525,.F.);
#9525 = EDGE_LOOP('',(#9526,#9561,#9589,#9617));
#9526 = ORIENTED_EDGE('',*,*,#9527,.F.);
#9527 = EDGE_CURVE('',#9528,#9530,#9532,.T.);
#9528 = VERTEX_POINT('',#9529);
#9529 = CARTESIAN_POINT('',(2.49E+03,150.,2.24E+03));
#9530 = VERTEX_POINT('',#9531);
#9531 = CARTESIAN_POINT('',(2.49E+03,150.,2.4E+03));
#9532 = SURFACE_CURVE('',#9533,(#9537,#9549),.PCURVE_S1.);
#9533 = LINE('',#9534,#9535);
#9534 = CARTESIAN_POINT('',(2.49E+03,150.,2.24E+03));
#9535 = VECTOR('',#9536,1.);
#9536 = DIRECTION('',(0.,0.,1.));
#9537 = PCURVE('',#9538,#9543);
#9538 = PLANE('',#9539);
#9539 = AXIS2_PLACEMENT_3D('',#9540,#9541,#9542);
#9540 = CARTESIAN_POINT('',(2.49E+03,150.,2.24E+03));
#9541 = DIRECTION('',(1.,0.,-0.));
#9542 = DIRECTION('',(0.,0.,1.));
#9543 = DEFINITIONAL_REPRESENTATION('',(#9544),#9548);
#9544 = LINE('',#9545,#9546);
#9545 = CARTESIAN_POINT('',(0.,0.));
#9546 = VECTOR('',#9547,1.);
#9547 = DIRECTION('',(1.,0.));
#9548 = ( GEOMETRIC_REPRESENTATION_CONTEXT(2) 
PARAMETRIC_REPRESENTATION_CONTEXT() REPRESENTATION_CONTEXT('2D SPACE',''
  ) );
#9549 = PCURVE('',#9550,#9555);
#9550 = PLANE('',#9551);
#9551 = AXIS2_PLACEMENT_3D('',#9552,#9553,#9554);
#9552 = CARTESIAN_POINT('',(2.49E+03,150.,2.24E+03));
#9553 = DIRECTION('',(-0.,1.,0.));
#9554 = DIRECTION('',(0.,0.,1.));
#9555 = DEFINITIONAL_REPRESENTATION('',(#9556),#9560);
#9556 = LINE('',#9557,#9558);
#9557 = CARTESIAN_POINT('',(0.,0.));
#9558 = VECTOR('',#9559,1.);
#9559 = DIRECTION('',(1.,0.));
#9560 = ( GEOMETRIC_REPRESENTATION_CONTEXT(2) 
PARAMETRIC_REPRESENTATION_CONTEXT() REPRESENTATION_CONTEXT('2D SPACE',''
  ) );
#9561 = ORIENTED_EDGE('',*,*,#9562,.T.);
#9562 = EDGE_CURVE('',#9528,#9563,#9565,.T.);
#9563 = VERTEX_POINT('',#9564);
#9564 = CARTESIAN_POINT('',(2.49E+03,370.,2.24E+03));
#9565 = SURFACE_CURVE('',#9566,(#9570,#9577),.PCURVE_S1.);
#9566 = LINE('',#9567,#9568);
#9567 = CARTESIAN_POINT('',(2.49E+03,150.,2.24E+03));
#9568 = VECTOR('',#9569,1.);
#9569 = DIRECTION('',(-0.,1.,0.));
#9570 = PCURVE('',#9538,#9571);
#9571 = DEFINITIONAL_REPRESENTATION('',(#9572),#9576);
#9572 = LINE('',#9573,#9574);
#9573 = CARTESIAN_POINT('',(0.,0.));
#9574 = VECTOR('',#9575,1.);
#9575 = DIRECTION('',(0.,-1.));
#9576 = ( GEOMETRIC_REPRESENTATION_CONTEXT(2) 
PARAMETRIC_REPRESENTATION_CONTEXT() REPRESENTATION_CONTEXT('2D SPACE',''
  ) );
#9577 = PCURVE('',#9578,#9583);
#9578 = PLANE('',#9579);
#9579 = AXIS2_PLACEMENT_3D('',#9580,#9581,#9582);
#9580 = CARTESIAN_POINT('',(2.49E+03,150.,2.24E+03));
#9581 = DIRECTION('',(0.,0.,1.));
#9582 = DIRECTION('',(1.,0.,-0.));
#9583 = DEFINITIONAL_REPRESENTATION('',(#9584),#9588);
#9584 = LINE('',#9585,#9586);
#9585 = CARTESIAN_POINT('',(0.,0.));
#9586 = VECTOR('',#9587,1.);
#9587 = DIRECTION('',(0.,1.));
#9588 = ( GEOMETRIC_REPRESENTATION_CONTEXT(2) 
PARAMETRIC_REPRESENTATION_CONTEXT() REPRESENTATION_CONTEXT('2D SPACE',''
  ) );
#9589 = ORIENTED_EDGE('',*,*,#9590,.T.);
#9590 = EDGE_CURVE('',#9563,#9591,#9593,.T.);
#9591 = VERTEX_POINT('',#9592);
#9592 = CARTESIAN_POINT('',(2.49E+03,370.,2.4E+03));
#9593 = SURFACE_CURVE('',#9594,(#9598,#9605),.PCURVE_S1.);
#9594 = LINE('',#9595,#9596);
#9595 = CARTESIAN_POINT('',(2.49E+03,370.,2.24E+03));
#9596 = VECTOR('',#9597,1.);
#9597 = DIRECTION('',(0.,0.,1.));
#9598 = PCURVE('',#9538,#9599);
#9599 = DEFINITIONAL_REPRESENTATION('',(#9600),#9604);
#9600 = LINE('',#9601,#9602);
#9601 = CARTESIAN_POINT('',(0.,-220.));
#9602 = VECTOR('',#9603,1.);
#9603 = DIRECTION('',(1.,0.));
#9604 = ( GEOMETRIC_REPRESENTATION_CONTEXT(2) 
PARAMETRIC_REPRESENTATION_CONTEXT() REPRESENTATION_CONTEXT('2D SPACE',''
  ) );
#9605 = PCURVE('',#9606,#9611);
#9606 = PLANE('',#9607);
#9607 = AXIS2_PLACEMENT_3D('',#9608,#9609,#9610);
#9608 = CARTESIAN_POINT('',(2.49E+03,370.,2.24E+03));
#9609 = DIRECTION('',(-0.,1.,0.));
#9610 = DIRECTION('',(0.,0.,1.));
#9611 = DEFINITIONAL_REPRESENTATION('',(#9612),#9616);
#9612 = LINE('',#9613,#9614);
#9613 = CARTESIAN_POINT('',(0.,0.));
#9614 = VECTOR('',#9615,1.);
#9615 = DIRECTION('',(1.,0.));
#9616 = ( GEOMETRIC_REPRESENTATION_CONTEXT(2) 
PARAMETRIC_REPRESENTATION_CONTEXT() REPRESENTATION_CONTEXT('2D SPACE',''
  ) );
#9617 = ORIENTED_EDGE('',*,*,#9618,.F.);
#9618 = EDGE_CURVE('',#9530,#9591,#9619,.T.);
#9619 = SURFACE_CURVE('',#9620,(#9624,#9631),.PCURVE_S1.);
#9620 = LINE('',#9621,#9622);
#9621 = CARTESIAN_POINT('',(2.49E+03,150.,2.4E+03));
#9622 = VECTOR('',#9623,1.);
#9623 = DIRECTION('',(-0.,1.,0.));
#9624 = PCURVE('',#9538,#9625);
#9625 = DEFINITIONAL_REPRESENTATION('',(#9626),#9630);
#9626 = LINE('',#9627,#9628);
#9627 = CARTESIAN_POINT('',(160.,0.));
#9628 = VECTOR('',#9629,1.);
#9629 = DIRECTION('',(0.,-1.));
#9630 = ( GEOMETRIC_REPRESENTATION_CONTEXT(2) 
PARAMETRIC_REPRESENTATION_CONTEXT() REPRESENTATION_CONTEXT('2D SPACE',''
  ) );
#9631 = PCURVE('',#9632,#9637);
#9632 = PLANE('',#9633);
#9633 = AXIS2_PLACEMENT_3D('',#9634,#9635,#9636);
#9634 = CARTESIAN_POINT('',(2.49E+03,150.,2.4E+03));
#9635 = DIRECTION('',(0.,0.,1.));
#9636 = DIRECTION('',(1.,0.,-0.));
#9637 = DEFINITIONAL_REPRESENTATION('',(#9638),#9642);
#9638 = LINE('',#9639,#9640);
#9639 = CARTESIAN_POINT('',(0.,0.));
#9640 = VECTOR('',#9641,1.);
#9641 = DIRECTION('',(0.,1.));
#9642 = ( GEOMETRIC_REPRESENTATION_CONTEXT(2) 
PARAMETRIC_REPRESENTATION_CONTEXT() REPRESENTATION_CONTEXT('2D SPACE',''
  ) );
#9643 = ADVANCED_FACE('',(#9644),#9550,.F.);
#9644 = FACE_BOUND('',#9645,.F.);
#9645 = EDGE_LOOP('',(#9646,#9669,#9670,#9693,#9721,#9744,#9770,#9796));
#9646 = ORIENTED_EDGE('',*,*,#9647,.F.);
#9647 = EDGE_CURVE('',#9528,#9648,#9650,.T.);
#9648 = VERTEX_POINT('',#9649);
#9649 = CARTESIAN_POINT('',(2.493E+03,150.,2.24E+03));
#9650 = SURFACE_CURVE('',#9651,(#9655,#9662),.PCURVE_S1.);
#9651 = LINE('',#9652,#9653);
#9652 = CARTESIAN_POINT('',(2.49E+03,150.,2.24E+03));
#9653 = VECTOR('',#9654,1.);
#9654 = DIRECTION('',(1.,0.,-0.));
#9655 = PCURVE('',#9550,#9656);
#9656 = DEFINITIONAL_REPRESENTATION('',(#9657),#9661);
#9657 = LINE('',#9658,#9659);
#9658 = CARTESIAN_POINT('',(0.,0.));
#9659 = VECTOR('',#9660,1.);
#9660 = DIRECTION('',(0.,1.));
#9661 = ( GEOMETRIC_REPRESENTATION_CONTEXT(2) 
PARAMETRIC_REPRESENTATION_CONTEXT() REPRESENTATION_CONTEXT('2D SPACE',''
  ) );
#9662 = PCURVE('',#9578,#9663);
#9663 = DEFINITIONAL_REPRESENTATION('',(#9664),#9668);
#9664 = LINE('',#9665,#9666);
#9665 = CARTESIAN_POINT('',(0.,0.));
#9666 = VECTOR('',#9667,1.);
#9667 = DIRECTION('',(1.,0.));
#9668 = ( GEOMETRIC_REPRESENTATION_CONTEXT(2) 
PARAMETRIC_REPRESENTATION_CONTEXT() REPRESENTATION_CONTEXT('2D SPACE',''
  ) );
#9669 = ORIENTED_EDGE('',*,*,#9527,.T.);
#9670 = ORIENTED_EDGE('',*,*,#9671,.T.);
#9671 = EDGE_CURVE('',#9530,#9672,#9674,.T.);
#9672 = VERTEX_POINT('',#9673);
#9673 = CARTESIAN_POINT('',(2.71E+03,150.,2.4E+03));
#9674 = SURFACE_CURVE('',#9675,(#9679,#9686),.PCURVE_S1.);
#9675 = LINE('',#9676,#9677);
#9676 = CARTESIAN_POINT('',(2.49E+03,150.,2.4E+03));
#9677 = VECTOR('',#9678,1.);
#9678 = DIRECTION('',(1.,0.,-0.));
#9679 = PCURVE('',#9550,#9680);
#9680 = DEFINITIONAL_REPRESENTATION('',(#9681),#9685);
#9681 = LINE('',#9682,#9683);
#9682 = CARTESIAN_POINT('',(160.,0.));
#9683 = VECTOR('',#9684,1.);
#9684 = DIRECTION('',(0.,1.));
#9685 = ( GEOMETRIC_REPRESENTATION_CONTEXT(2) 
PARAMETRIC_REPRESENTATION_CONTEXT() REPRESENTATION_CONTEXT('2D SPACE',''
  ) );
#9686 = PCURVE('',#9632,#9687);
#9687 = DEFINITIONAL_REPRESENTATION('',(#9688),#9692);
#9688 = LINE('',#9689,#9690);
#9689 = CARTESIAN_POINT('',(0.,0.));
#9690 = VECTOR('',#9691,1.);
#9691 = DIRECTION('',(1.,0.));
#9692 = ( GEOMETRIC_REPRESENTATION_CONTEXT(2) 
PARAMETRIC_REPRESENTATION_CONTEXT() REPRESENTATION_CONTEXT('2D SPACE',''
  ) );
#9693 = ORIENTED_EDGE('',*,*,#9694,.F.);
#9694 = EDGE_CURVE('',#9695,#9672,#9697,.T.);
#9695 = VERTEX_POINT('',#9696);
#9696 = CARTESIAN_POINT('',(2.71E+03,150.,2.24E+03));
#9697 = SURFACE_CURVE('',#9698,(#9702,#9709),.PCURVE_S1.);
#9698 = LINE('',#9699,#9700);
#9699 = CARTESIAN_POINT('',(2.71E+03,150.,2.24E+03));
#9700 = VECTOR('',#9701,1.);
#9701 = DIRECTION('',(0.,0.,1.));
#9702 = PCURVE('',#9550,#9703);
#9703 = DEFINITIONAL_REPRESENTATION('',(#9704),#9708);
#9704 = LINE('',#9705,#9706);
#9705 = CARTESIAN_POINT('',(0.,220.));
#9706 = VECTOR('',#9707,1.);
#9707 = DIRECTION('',(1.,0.));
#9708 = ( GEOMETRIC_REPRESENTATION_CONTEXT(2) 
PARAMETRIC_REPRESENTATION_CONTEXT() REPRESENTATION_CONTEXT('2D SPACE',''
  ) );
#9709 = PCURVE('',#9710,#9715);
#9710 = PLANE('',#9711);
#9711 = AXIS2_PLACEMENT_3D('',#9712,#9713,#9714);
#9712 = CARTESIAN_POINT('',(2.71E+03,150.,2.24E+03));
#9713 = DIRECTION('',(1.,0.,-0.));
#9714 = DIRECTION('',(0.,0.,1.));
#9715 = DEFINITIONAL_REPRESENTATION('',(#9716),#9720);
#9716 = LINE('',#9717,#9718);
#9717 = CARTESIAN_POINT('',(0.,0.));
#9718 = VECTOR('',#9719,1.);
#9719 = DIRECTION('',(1.,0.));
#9720 = ( GEOMETRIC_REPRESENTATION_CONTEXT(2) 
PARAMETRIC_REPRESENTATION_CONTEXT() REPRESENTATION_CONTEXT('2D SPACE',''
  ) );
#9721 = ORIENTED_EDGE('',*,*,#9722,.F.);
#9722 = EDGE_CURVE('',#9723,#9695,#9725,.T.);
#9723 = VERTEX_POINT('',#9724);
#9724 = CARTESIAN_POINT('',(2.707E+03,150.,2.24E+03));
#9725 = SURFACE_CURVE('',#9726,(#9730,#9737),.PCURVE_S1.);
#9726 = LINE('',#9727,#9728);
#9727 = CARTESIAN_POINT('',(2.49E+03,150.,2.24E+03));
#9728 = VECTOR('',#9729,1.);
#9729 = DIRECTION('',(1.,0.,-0.));
#9730 = PCURVE('',#9550,#9731);
#9731 = DEFINITIONAL_REPRESENTATION('',(#9732),#9736);
#9732 = LINE('',#9733,#9734);
#9733 = CARTESIAN_POINT('',(0.,0.));
#9734 = VECTOR('',#9735,1.);
#9735 = DIRECTION('',(0.,1.));
#9736 = ( GEOMETRIC_REPRESENTATION_CONTEXT(2) 
PARAMETRIC_REPRESENTATION_CONTEXT() REPRESENTATION_CONTEXT('2D SPACE',''
  ) );
#9737 = PCURVE('',#9578,#9738);
#9738 = DEFINITIONAL_REPRESENTATION('',(#9739),#9743);
#9739 = LINE('',#9740,#9741);
#9740 = CARTESIAN_POINT('',(0.,0.));
#9741 = VECTOR('',#9742,1.);
#9742 = DIRECTION('',(1.,0.));
#9743 = ( GEOMETRIC_REPRESENTATION_CONTEXT(2) 
PARAMETRIC_REPRESENTATION_CONTEXT() REPRESENTATION_CONTEXT('2D SPACE',''
  ) );
#9744 = ORIENTED_EDGE('',*,*,#9745,.F.);
#9745 = EDGE_CURVE('',#9746,#9723,#9748,.T.);
#9746 = VERTEX_POINT('',#9747);
#9747 = CARTESIAN_POINT('',(2.707E+03,150.,2.38E+03));
#9748 = SURFACE_CURVE('',#9749,(#9753,#9759),.PCURVE_S1.);
#9749 = LINE('',#9750,#9751);
#9750 = CARTESIAN_POINT('',(2.707E+03,150.,2.23E+03));
#9751 = VECTOR('',#9752,1.);
#9752 = DIRECTION('',(-0.,0.,-1.));
#9753 = PCURVE('',#9550,#9754);
#9754 = DEFINITIONAL_REPRESENTATION('',(#9755),#9758);
#9755 = B_SPLINE_CURVE_WITH_KNOTS('',1,(#9756,#9757),.UNSPECIFIED.,.F.,
  .F.,(2,2),(-150.,-10.),.PIECEWISE_BEZIER_KNOTS.);
#9756 = CARTESIAN_POINT('',(140.,217.));
#9757 = CARTESIAN_POINT('',(0.,217.));
#9758 = ( GEOMETRIC_REPRESENTATION_CONTEXT(2) 
PARAMETRIC_REPRESENTATION_CONTEXT() REPRESENTATION_CONTEXT('2D SPACE',''
  ) );
#9759 = PCURVE('',#9760,#9765);
#9760 = PLANE('',#9761);
#9761 = AXIS2_PLACEMENT_3D('',#9762,#9763,#9764);
#9762 = CARTESIAN_POINT('',(2.707E+03,147.,2.22E+03));
#9763 = DIRECTION('',(1.,0.,-0.));
#9764 = DIRECTION('',(0.,0.,1.));
#9765 = DEFINITIONAL_REPRESENTATION('',(#9766),#9769);
#9766 = B_SPLINE_CURVE_WITH_KNOTS('',1,(#9767,#9768),.UNSPECIFIED.,.F.,
  .F.,(2,2),(-150.,-10.),.PIECEWISE_BEZIER_KNOTS.);
#9767 = CARTESIAN_POINT('',(160.,-3.));
#9768 = CARTESIAN_POINT('',(20.,-3.));
#9769 = ( GEOMETRIC_REPRESENTATION_CONTEXT(2) 
PARAMETRIC_REPRESENTATION_CONTEXT() REPRESENTATION_CONTEXT('2D SPACE',''
  ) );
#9770 = ORIENTED_EDGE('',*,*,#9771,.F.);
#9771 = EDGE_CURVE('',#9772,#9746,#9774,.T.);
#9772 = VERTEX_POINT('',#9773);
#9773 = CARTESIAN_POINT('',(2.493E+03,150.,2.38E+03));
#9774 = SURFACE_CURVE('',#9775,(#9779,#9785),.PCURVE_S1.);
#9775 = LINE('',#9776,#9777);
#9776 = CARTESIAN_POINT('',(2.4915E+03,150.,2.38E+03));
#9777 = VECTOR('',#9778,1.);
#9778 = DIRECTION('',(1.,0.,-0.));
#9779 = PCURVE('',#9550,#9780);
#9780 = DEFINITIONAL_REPRESENTATION('',(#9781),#9784);
#9781 = B_SPLINE_CURVE_WITH_KNOTS('',1,(#9782,#9783),.UNSPECIFIED.,.F.,
  .F.,(2,2),(1.5,215.5),.PIECEWISE_BEZIER_KNOTS.);
#9782 = CARTESIAN_POINT('',(140.,3.));
#9783 = CARTESIAN_POINT('',(140.,217.));
#9784 = ( GEOMETRIC_REPRESENTATION_CONTEXT(2) 
PARAMETRIC_REPRESENTATION_CONTEXT() REPRESENTATION_CONTEXT('2D SPACE',''
  ) );
#9785 = PCURVE('',#9786,#9791);
#9786 = PLANE('',#9787);
#9787 = AXIS2_PLACEMENT_3D('',#9788,#9789,#9790);
#9788 = CARTESIAN_POINT('',(2.493E+03,147.,2.38E+03));
#9789 = DIRECTION('',(0.,0.,1.));
#9790 = DIRECTION('',(1.,0.,-0.));
#9791 = DEFINITIONAL_REPRESENTATION('',(#9792),#9795);
#9792 = B_SPLINE_CURVE_WITH_KNOTS('',1,(#9793,#9794),.UNSPECIFIED.,.F.,
  .F.,(2,2),(1.5,215.5),.PIECEWISE_BEZIER_KNOTS.);
#9793 = CARTESIAN_POINT('',(0.,3.));
#9794 = CARTESIAN_POINT('',(214.,3.));
#9795 = ( GEOMETRIC_REPRESENTATION_CONTEXT(2) 
PARAMETRIC_REPRESENTATION_CONTEXT() REPRESENTATION_CONTEXT('2D SPACE',''
  ) );
#9796 = ORIENTED_EDGE('',*,*,#9797,.T.);
#9797 = EDGE_CURVE('',#9772,#9648,#9798,.T.);
#9798 = SURFACE_CURVE('',#9799,(#9803,#9809),.PCURVE_S1.);
#9799 = LINE('',#9800,#9801);
#9800 = CARTESIAN_POINT('',(2.493E+03,150.,2.23E+03));
#9801 = VECTOR('',#9802,1.);
#9802 = DIRECTION('',(-0.,0.,-1.));
#9803 = PCURVE('',#9550,#9804);
#9804 = DEFINITIONAL_REPRESENTATION('',(#9805),#9808);
#9805 = B_SPLINE_CURVE_WITH_KNOTS('',1,(#9806,#9807),.UNSPECIFIED.,.F.,
  .F.,(2,2),(-150.,-10.),.PIECEWISE_BEZIER_KNOTS.);
#9806 = CARTESIAN_POINT('',(140.,3.));
#9807 = CARTESIAN_POINT('',(0.,3.));
#9808 = ( GEOMETRIC_REPRESENTATION_CONTEXT(2) 
PARAMETRIC_REPRESENTATION_CONTEXT() REPRESENTATION_CONTEXT('2D SPACE',''
  ) );
#9809 = PCURVE('',#9810,#9815);
#9810 = PLANE('',#9811);
#9811 = AXIS2_PLACEMENT_3D('',#9812,#9813,#9814);
#9812 = CARTESIAN_POINT('',(2.493E+03,147.,2.22E+03));
#9813 = DIRECTION('',(1.,0.,-0.));
#9814 = DIRECTION('',(0.,0.,1.));
#9815 = DEFINITIONAL_REPRESENTATION('',(#9816),#9819);
#9816 = B_SPLINE_CURVE_WITH_KNOTS('',1,(#9817,#9818),.UNSPECIFIED.,.F.,
  .F.,(2,2),(-150.,-10.),.PIECEWISE_BEZIER_KNOTS.);
#9817 = CARTESIAN_POINT('',(160.,-3.));
#9818 = CARTESIAN_POINT('',(20.,-3.));
#9819 = ( GEOMETRIC_REPRESENTATION_CONTEXT(2) 
PARAMETRIC_REPRESENTATION_CONTEXT() REPRESENTATION_CONTEXT('2D SPACE',''
  ) );
#9820 = ADVANCED_FACE('',(#9821),#9632,.T.);
#9821 = FACE_BOUND('',#9822,.T.);
#9822 = EDGE_LOOP('',(#9823,#9824,#9825,#9848));
#9823 = ORIENTED_EDGE('',*,*,#9618,.F.);
#9824 = ORIENTED_EDGE('',*,*,#9671,.T.);
#9825 = ORIENTED_EDGE('',*,*,#9826,.T.);
#9826 = EDGE_CURVE('',#9672,#9827,#9829,.T.);
#9827 = VERTEX_POINT('',#9828);
#9828 = CARTESIAN_POINT('',(2.71E+03,370.,2.4E+03));
#9829 = SURFACE_CURVE('',#9830,(#9834,#9841),.PCURVE_S1.);
#9830 = LINE('',#9831,#9832);
#9831 = CARTESIAN_POINT('',(2.71E+03,150.,2.4E+03));
#9832 = VECTOR('',#9833,1.);
#9833 = DIRECTION('',(-0.,1.,0.));
#9834 = PCURVE('',#9632,#9835);
#9835 = DEFINITIONAL_REPRESENTATION('',(#9836),#9840);
#9836 = LINE('',#9837,#9838);
#9837 = CARTESIAN_POINT('',(220.,0.));
#9838 = VECTOR('',#9839,1.);
#9839 = DIRECTION('',(0.,1.));
#9840 = ( GEOMETRIC_REPRESENTATION_CONTEXT(2) 
PARAMETRIC_REPRESENTATION_CONTEXT() REPRESENTATION_CONTEXT('2D SPACE',''
  ) );
#9841 = PCURVE('',#9710,#9842);
#9842 = DEFINITIONAL_REPRESENTATION('',(#9843),#9847);
#9843 = LINE('',#9844,#9845);
#9844 = CARTESIAN_POINT('',(160.,0.));
#9845 = VECTOR('',#9846,1.);
#9846 = DIRECTION('',(0.,-1.));
#9847 = ( GEOMETRIC_REPRESENTATION_CONTEXT(2) 
PARAMETRIC_REPRESENTATION_CONTEXT() REPRESENTATION_CONTEXT('2D SPACE',''
  ) );
#9848 = ORIENTED_EDGE('',*,*,#9849,.F.);
#9849 = EDGE_CURVE('',#9591,#9827,#9850,.T.);
#9850 = SURFACE_CURVE('',#9851,(#9855,#9862),.PCURVE_S1.);
#9851 = LINE('',#9852,#9853);
#9852 = CARTESIAN_POINT('',(2.49E+03,370.,2.4E+03));
#9853 = VECTOR('',#9854,1.);
#9854 = DIRECTION('',(1.,0.,-0.));
#9855 = PCURVE('',#9632,#9856);
#9856 = DEFINITIONAL_REPRESENTATION('',(#9857),#9861);
#9857 = LINE('',#9858,#9859);
#9858 = CARTESIAN_POINT('',(0.,220.));
#9859 = VECTOR('',#9860,1.);
#9860 = DIRECTION('',(1.,0.));
#9861 = ( GEOMETRIC_REPRESENTATION_CONTEXT(2) 
PARAMETRIC_REPRESENTATION_CONTEXT() REPRESENTATION_CONTEXT('2D SPACE',''
  ) );
#9862 = PCURVE('',#9606,#9863);
#9863 = DEFINITIONAL_REPRESENTATION('',(#9864),#9868);
#9864 = LINE('',#9865,#9866);
#9865 = CARTESIAN_POINT('',(160.,0.));
#9866 = VECTOR('',#9867,1.);
#9867 = DIRECTION('',(0.,1.));
#9868 = ( GEOMETRIC_REPRESENTATION_CONTEXT(2) 
PARAMETRIC_REPRESENTATION_CONTEXT() REPRESENTATION_CONTEXT('2D SPACE',''
  ) );
#9869 = ADVANCED_FACE('',(#9870),#9606,.T.);
#9870 = FACE_BOUND('',#9871,.T.);
#9871 = EDGE_LOOP('',(#9872,#9895,#9896,#9897));
#9872 = ORIENTED_EDGE('',*,*,#9873,.F.);
#9873 = EDGE_CURVE('',#9563,#9874,#9876,.T.);
#9874 = VERTEX_POINT('',#9875);
#9875 = CARTESIAN_POINT('',(2.71E+03,370.,2.24E+03));
#9876 = SURFACE_CURVE('',#9877,(#9881,#9888),.PCURVE_S1.);
#9877 = LINE('',#9878,#9879);
#9878 = CARTESIAN_POINT('',(2.49E+03,370.,2.24E+03));
#9879 = VECTOR('',#9880,1.);
#9880 = DIRECTION('',(1.,0.,-0.));
#9881 = PCURVE('',#9606,#9882);
#9882 = DEFINITIONAL_REPRESENTATION('',(#9883),#9887);
#9883 = LINE('',#9884,#9885);
#9884 = CARTESIAN_POINT('',(0.,0.));
#9885 = VECTOR('',#9886,1.);
#9886 = DIRECTION('',(0.,1.));
#9887 = ( GEOMETRIC_REPRESENTATION_CONTEXT(2) 
PARAMETRIC_REPRESENTATION_CONTEXT() REPRESENTATION_CONTEXT('2D SPACE',''
  ) );
#9888 = PCURVE('',#9578,#9889);
#9889 = DEFINITIONAL_REPRESENTATION('',(#9890),#9894);
#9890 = LINE('',#9891,#9892);
#9891 = CARTESIAN_POINT('',(0.,220.));
#9892 = VECTOR('',#9893,1.);
#9893 = DIRECTION('',(1.,0.));
#9894 = ( GEOMETRIC_REPRESENTATION_CONTEXT(2) 
PARAMETRIC_REPRESENTATION_CONTEXT() REPRESENTATION_CONTEXT('2D SPACE',''
  ) );
#9895 = ORIENTED_EDGE('',*,*,#9590,.T.);
#9896 = ORIENTED_EDGE('',*,*,#9849,.T.);
#9897 = ORIENTED_EDGE('',*,*,#9898,.F.);
#9898 = EDGE_CURVE('',#9874,#9827,#9899,.T.);
#9899 = SURFACE_CURVE('',#9900,(#9904,#9911),.PCURVE_S1.);
#9900 = LINE('',#9901,#9902);
#9901 = CARTESIAN_POINT('',(2.71E+03,370.,2.24E+03));
#9902 = VECTOR('',#9903,1.);
#9903 = DIRECTION('',(0.,0.,1.));
#9904 = PCURVE('',#9606,#9905);
#9905 = DEFINITIONAL_REPRESENTATION('',(#9906),#9910);
#9906 = LINE('',#9907,#9908);
#9907 = CARTESIAN_POINT('',(0.,220.));
#9908 = VECTOR('',#9909,1.);
#9909 = DIRECTION('',(1.,0.));
#9910 = ( GEOMETRIC_REPRESENTATION_CONTEXT(2) 
PARAMETRIC_REPRESENTATION_CONTEXT() REPRESENTATION_CONTEXT('2D SPACE',''
  ) );
#9911 = PCURVE('',#9710,#9912);
#9912 = DEFINITIONAL_REPRESENTATION('',(#9913),#9917);
#9913 = LINE('',#9914,#9915);
#9914 = CARTESIAN_POINT('',(0.,-220.));
#9915 = VECTOR('',#9916,1.);
#9916 = DIRECTION('',(1.,0.));
#9917 = ( GEOMETRIC_REPRESENTATION_CONTEXT(2) 
PARAMETRIC_REPRESENTATION_CONTEXT() REPRESENTATION_CONTEXT('2D SPACE',''
  ) );
#9918 = ADVANCED_FACE('',(#9919),#9578,.F.);
#9919 = FACE_BOUND('',#9920,.F.);
#9920 = EDGE_LOOP('',(#9921,#9922,#9923,#9924,#9945,#9971,#9990,#9991));
#9921 = ORIENTED_EDGE('',*,*,#9873,.F.);
#9922 = ORIENTED_EDGE('',*,*,#9562,.F.);
#9923 = ORIENTED_EDGE('',*,*,#9647,.T.);
#9924 = ORIENTED_EDGE('',*,*,#9925,.T.);
#9925 = EDGE_CURVE('',#9648,#9926,#9928,.T.);
#9926 = VERTEX_POINT('',#9927);
#9927 = CARTESIAN_POINT('',(2.493E+03,367.,2.24E+03));
#9928 = SURFACE_CURVE('',#9929,(#9933,#9939),.PCURVE_S1.);
#9929 = LINE('',#9930,#9931);
#9930 = CARTESIAN_POINT('',(2.493E+03,148.5,2.24E+03));
#9931 = VECTOR('',#9932,1.);
#9932 = DIRECTION('',(-0.,1.,0.));
#9933 = PCURVE('',#9578,#9934);
#9934 = DEFINITIONAL_REPRESENTATION('',(#9935),#9938);
#9935 = B_SPLINE_CURVE_WITH_KNOTS('',1,(#9936,#9937),.UNSPECIFIED.,.F.,
  .F.,(2,2),(1.5,218.5),.PIECEWISE_BEZIER_KNOTS.);
#9936 = CARTESIAN_POINT('',(3.,0.));
#9937 = CARTESIAN_POINT('',(3.,217.));
#9938 = ( GEOMETRIC_REPRESENTATION_CONTEXT(2) 
PARAMETRIC_REPRESENTATION_CONTEXT() REPRESENTATION_CONTEXT('2D SPACE',''
  ) );
#9939 = PCURVE('',#9810,#9940);
#9940 = DEFINITIONAL_REPRESENTATION('',(#9941),#9944);
#9941 = B_SPLINE_CURVE_WITH_KNOTS('',1,(#9942,#9943),.UNSPECIFIED.,.F.,
  .F.,(2,2),(1.5,218.5),.PIECEWISE_BEZIER_KNOTS.);
#9942 = CARTESIAN_POINT('',(20.,-3.));
#9943 = CARTESIAN_POINT('',(20.,-220.));
#9944 = ( GEOMETRIC_REPRESENTATION_CONTEXT(2) 
PARAMETRIC_REPRESENTATION_CONTEXT() REPRESENTATION_CONTEXT('2D SPACE',''
  ) );
#9945 = ORIENTED_EDGE('',*,*,#9946,.F.);
#9946 = EDGE_CURVE('',#9947,#9926,#9949,.T.);
#9947 = VERTEX_POINT('',#9948);
#9948 = CARTESIAN_POINT('',(2.707E+03,367.,2.24E+03));
#9949 = SURFACE_CURVE('',#9950,(#9954,#9960),.PCURVE_S1.);
#9950 = LINE('',#9951,#9952);
#9951 = CARTESIAN_POINT('',(2.4915E+03,367.,2.24E+03));
#9952 = VECTOR('',#9953,1.);
#9953 = DIRECTION('',(-1.,-0.,0.));
#9954 = PCURVE('',#9578,#9955);
#9955 = DEFINITIONAL_REPRESENTATION('',(#9956),#9959);
#9956 = B_SPLINE_CURVE_WITH_KNOTS('',1,(#9957,#9958),.UNSPECIFIED.,.F.,
  .F.,(2,2),(-215.5,-1.5),.PIECEWISE_BEZIER_KNOTS.);
#9957 = CARTESIAN_POINT('',(217.,217.));
#9958 = CARTESIAN_POINT('',(3.,217.));
#9959 = ( GEOMETRIC_REPRESENTATION_CONTEXT(2) 
PARAMETRIC_REPRESENTATION_CONTEXT() REPRESENTATION_CONTEXT('2D SPACE',''
  ) );
#9960 = PCURVE('',#9961,#9966);
#9961 = PLANE('',#9962);
#9962 = AXIS2_PLACEMENT_3D('',#9963,#9964,#9965);
#9963 = CARTESIAN_POINT('',(2.493E+03,367.,2.22E+03));
#9964 = DIRECTION('',(-0.,1.,0.));
#9965 = DIRECTION('',(0.,0.,1.));
#9966 = DEFINITIONAL_REPRESENTATION('',(#9967),#9970);
#9967 = B_SPLINE_CURVE_WITH_KNOTS('',1,(#9968,#9969),.UNSPECIFIED.,.F.,
  .F.,(2,2),(-215.5,-1.5),.PIECEWISE_BEZIER_KNOTS.);
#9968 = CARTESIAN_POINT('',(20.,214.));
#9969 = CARTESIAN_POINT('',(20.,0.));
#9970 = ( GEOMETRIC_REPRESENTATION_CONTEXT(2) 
PARAMETRIC_REPRESENTATION_CONTEXT() REPRESENTATION_CONTEXT('2D SPACE',''
  ) );
#9971 = ORIENTED_EDGE('',*,*,#9972,.F.);
#9972 = EDGE_CURVE('',#9723,#9947,#9973,.T.);
#9973 = SURFACE_CURVE('',#9974,(#9978,#9984),.PCURVE_S1.);
#9974 = LINE('',#9975,#9976);
#9975 = CARTESIAN_POINT('',(2.707E+03,148.5,2.24E+03));
#9976 = VECTOR('',#9977,1.);
#9977 = DIRECTION('',(-0.,1.,0.));
#9978 = PCURVE('',#9578,#9979);
#9979 = DEFINITIONAL_REPRESENTATION('',(#9980),#9983);
#9980 = B_SPLINE_CURVE_WITH_KNOTS('',1,(#9981,#9982),.UNSPECIFIED.,.F.,
  .F.,(2,2),(1.5,218.5),.PIECEWISE_BEZIER_KNOTS.);
#9981 = CARTESIAN_POINT('',(217.,0.));
#9982 = CARTESIAN_POINT('',(217.,217.));
#9983 = ( GEOMETRIC_REPRESENTATION_CONTEXT(2) 
PARAMETRIC_REPRESENTATION_CONTEXT() REPRESENTATION_CONTEXT('2D SPACE',''
  ) );
#9984 = PCURVE('',#9760,#9985);
#9985 = DEFINITIONAL_REPRESENTATION('',(#9986),#9989);
#9986 = B_SPLINE_CURVE_WITH_KNOTS('',1,(#9987,#9988),.UNSPECIFIED.,.F.,
  .F.,(2,2),(1.5,218.5),.PIECEWISE_BEZIER_KNOTS.);
#9987 = CARTESIAN_POINT('',(20.,-3.));
#9988 = CARTESIAN_POINT('',(20.,-220.));
#9989 = ( GEOMETRIC_REPRESENTATION_CONTEXT(2) 
PARAMETRIC_REPRESENTATION_CONTEXT() REPRESENTATION_CONTEXT('2D SPACE',''
  ) );
#9990 = ORIENTED_EDGE('',*,*,#9722,.T.);
#9991 = ORIENTED_EDGE('',*,*,#9992,.T.);
#9992 = EDGE_CURVE('',#9695,#9874,#9993,.T.);
#9993 = SURFACE_CURVE('',#9994,(#9998,#10005),.PCURVE_S1.);
#9994 = LINE('',#9995,#9996);
#9995 = CARTESIAN_POINT('',(2.71E+03,150.,2.24E+03));
#9996 = VECTOR('',#9997,1.);
#9997 = DIRECTION('',(-0.,1.,0.));
#9998 = PCURVE('',#9578,#9999);
#9999 = DEFINITIONAL_REPRESENTATION('',(#10000),#10004);
#10000 = LINE('',#10001,#10002);
#10001 = CARTESIAN_POINT('',(220.,0.));
#10002 = VECTOR('',#10003,1.);
#10003 = DIRECTION('',(0.,1.));
#10004 = ( GEOMETRIC_REPRESENTATION_CONTEXT(2) 
PARAMETRIC_REPRESENTATION_CONTEXT() REPRESENTATION_CONTEXT('2D SPACE',''
  ) );
#10005 = PCURVE('',#9710,#10006);
#10006 = DEFINITIONAL_REPRESENTATION('',(#10007),#10011);
#10007 = LINE('',#10008,#10009);
#10008 = CARTESIAN_POINT('',(0.,0.));
#10009 = VECTOR('',#10010,1.);
#10010 = DIRECTION('',(0.,-1.));
#10011 = ( GEOMETRIC_REPRESENTATION_CONTEXT(2) 
PARAMETRIC_REPRESENTATION_CONTEXT() REPRESENTATION_CONTEXT('2D SPACE',''
  ) );
#10012 = ADVANCED_FACE('',(#10013),#9810,.T.);
#10013 = FACE_BOUND('',#10014,.T.);
#10014 = EDGE_LOOP('',(#10015,#10038,#10039,#10040));
#10015 = ORIENTED_EDGE('',*,*,#10016,.F.);
#10016 = EDGE_CURVE('',#9772,#10017,#10019,.T.);
#10017 = VERTEX_POINT('',#10018);
#10018 = CARTESIAN_POINT('',(2.493E+03,367.,2.38E+03));
#10019 = SURFACE_CURVE('',#10020,(#10024,#10031),.PCURVE_S1.);
#10020 = LINE('',#10021,#10022);
#10021 = CARTESIAN_POINT('',(2.493E+03,147.,2.38E+03));
#10022 = VECTOR('',#10023,1.);
#10023 = DIRECTION('',(-0.,1.,0.));
#10024 = PCURVE('',#9810,#10025);
#10025 = DEFINITIONAL_REPRESENTATION('',(#10026),#10030);
#10026 = LINE('',#10027,#10028);
#10027 = CARTESIAN_POINT('',(160.,0.));
#10028 = VECTOR('',#10029,1.);
#10029 = DIRECTION('',(0.,-1.));
#10030 = ( GEOMETRIC_REPRESENTATION_CONTEXT(2) 
PARAMETRIC_REPRESENTATION_CONTEXT() REPRESENTATION_CONTEXT('2D SPACE',''
  ) );
#10031 = PCURVE('',#9786,#10032);
#10032 = DEFINITIONAL_REPRESENTATION('',(#10033),#10037);
#10033 = LINE('',#10034,#10035);
#10034 = CARTESIAN_POINT('',(0.,0.));
#10035 = VECTOR('',#10036,1.);
#10036 = DIRECTION('',(0.,1.));
#10037 = ( GEOMETRIC_REPRESENTATION_CONTEXT(2) 
PARAMETRIC_REPRESENTATION_CONTEXT() REPRESENTATION_CONTEXT('2D SPACE',''
  ) );
#10038 = ORIENTED_EDGE('',*,*,#9797,.T.);
#10039 = ORIENTED_EDGE('',*,*,#9925,.T.);
#10040 = ORIENTED_EDGE('',*,*,#10041,.T.);
#10041 = EDGE_CURVE('',#9926,#10017,#10042,.T.);
#10042 = SURFACE_CURVE('',#10043,(#10047,#10054),.PCURVE_S1.);
#10043 = LINE('',#10044,#10045);
#10044 = CARTESIAN_POINT('',(2.493E+03,367.,2.22E+03));
#10045 = VECTOR('',#10046,1.);
#10046 = DIRECTION('',(0.,0.,1.));
#10047 = PCURVE('',#9810,#10048);
#10048 = DEFINITIONAL_REPRESENTATION('',(#10049),#10053);
#10049 = LINE('',#10050,#10051);
#10050 = CARTESIAN_POINT('',(0.,-220.));
#10051 = VECTOR('',#10052,1.);
#10052 = DIRECTION('',(1.,0.));
#10053 = ( GEOMETRIC_REPRESENTATION_CONTEXT(2) 
PARAMETRIC_REPRESENTATION_CONTEXT() REPRESENTATION_CONTEXT('2D SPACE',''
  ) );
#10054 = PCURVE('',#9961,#10055);
#10055 = DEFINITIONAL_REPRESENTATION('',(#10056),#10060);
#10056 = LINE('',#10057,#10058);
#10057 = CARTESIAN_POINT('',(0.,0.));
#10058 = VECTOR('',#10059,1.);
#10059 = DIRECTION('',(1.,0.));
#10060 = ( GEOMETRIC_REPRESENTATION_CONTEXT(2) 
PARAMETRIC_REPRESENTATION_CONTEXT() REPRESENTATION_CONTEXT('2D SPACE',''
  ) );
#10061 = ADVANCED_FACE('',(#10062),#9786,.F.);
#10062 = FACE_BOUND('',#10063,.F.);
#10063 = EDGE_LOOP('',(#10064,#10065,#10066,#10089));
#10064 = ORIENTED_EDGE('',*,*,#10016,.F.);
#10065 = ORIENTED_EDGE('',*,*,#9771,.T.);
#10066 = ORIENTED_EDGE('',*,*,#10067,.T.);
#10067 = EDGE_CURVE('',#9746,#10068,#10070,.T.);
#10068 = VERTEX_POINT('',#10069);
#10069 = CARTESIAN_POINT('',(2.707E+03,367.,2.38E+03));
#10070 = SURFACE_CURVE('',#10071,(#10075,#10082),.PCURVE_S1.);
#10071 = LINE('',#10072,#10073);
#10072 = CARTESIAN_POINT('',(2.707E+03,147.,2.38E+03));
#10073 = VECTOR('',#10074,1.);
#10074 = DIRECTION('',(-0.,1.,0.));
#10075 = PCURVE('',#9786,#10076);
#10076 = DEFINITIONAL_REPRESENTATION('',(#10077),#10081);
#10077 = LINE('',#10078,#10079);
#10078 = CARTESIAN_POINT('',(214.,0.));
#10079 = VECTOR('',#10080,1.);
#10080 = DIRECTION('',(0.,1.));
#10081 = ( GEOMETRIC_REPRESENTATION_CONTEXT(2) 
PARAMETRIC_REPRESENTATION_CONTEXT() REPRESENTATION_CONTEXT('2D SPACE',''
  ) );
#10082 = PCURVE('',#9760,#10083);
#10083 = DEFINITIONAL_REPRESENTATION('',(#10084),#10088);
#10084 = LINE('',#10085,#10086);
#10085 = CARTESIAN_POINT('',(160.,0.));
#10086 = VECTOR('',#10087,1.);
#10087 = DIRECTION('',(0.,-1.));
#10088 = ( GEOMETRIC_REPRESENTATION_CONTEXT(2) 
PARAMETRIC_REPRESENTATION_CONTEXT() REPRESENTATION_CONTEXT('2D SPACE',''
  ) );
#10089 = ORIENTED_EDGE('',*,*,#10090,.F.);
#10090 = EDGE_CURVE('',#10017,#10068,#10091,.T.);
#10091 = SURFACE_CURVE('',#10092,(#10096,#10103),.PCURVE_S1.);
#10092 = LINE('',#10093,#10094);
#10093 = CARTESIAN_POINT('',(2.493E+03,367.,2.38E+03));
#10094 = VECTOR('',#10095,1.);
#10095 = DIRECTION('',(1.,0.,-0.));
#10096 = PCURVE('',#9786,#10097);
#10097 = DEFINITIONAL_REPRESENTATION('',(#10098),#10102);
#10098 = LINE('',#10099,#10100);
#10099 = CARTESIAN_POINT('',(0.,220.));
#10100 = VECTOR('',#10101,1.);
#10101 = DIRECTION('',(1.,0.));
#10102 = ( GEOMETRIC_REPRESENTATION_CONTEXT(2) 
PARAMETRIC_REPRESENTATION_CONTEXT() REPRESENTATION_CONTEXT('2D SPACE',''
  ) );
#10103 = PCURVE('',#9961,#10104);
#10104 = DEFINITIONAL_REPRESENTATION('',(#10105),#10109);
#10105 = LINE('',#10106,#10107);
#10106 = CARTESIAN_POINT('',(160.,0.));
#10107 = VECTOR('',#10108,1.);
#10108 = DIRECTION('',(0.,1.));
#10109 = ( GEOMETRIC_REPRESENTATION_CONTEXT(2) 
PARAMETRIC_REPRESENTATION_CONTEXT() REPRESENTATION_CONTEXT('2D SPACE',''
  ) );
#10110 = ADVANCED_FACE('',(#10111),#9760,.F.);
#10111 = FACE_BOUND('',#10112,.F.);
#10112 = EDGE_LOOP('',(#10113,#10114,#10115,#10116));
#10113 = ORIENTED_EDGE('',*,*,#10067,.F.);
#10114 = ORIENTED_EDGE('',*,*,#9745,.T.);
#10115 = ORIENTED_EDGE('',*,*,#9972,.T.);
#10116 = ORIENTED_EDGE('',*,*,#10117,.T.);
#10117 = EDGE_CURVE('',#9947,#10068,#10118,.T.);
#10118 = SURFACE_CURVE('',#10119,(#10123,#10130),.PCURVE_S1.);
#10119 = LINE('',#10120,#10121);
#10120 = CARTESIAN_POINT('',(2.707E+03,367.,2.22E+03));
#10121 = VECTOR('',#10122,1.);
#10122 = DIRECTION('',(0.,0.,1.));
#10123 = PCURVE('',#9760,#10124);
#10124 = DEFINITIONAL_REPRESENTATION('',(#10125),#10129);
#10125 = LINE('',#10126,#10127);
#10126 = CARTESIAN_POINT('',(0.,-220.));
#10127 = VECTOR('',#10128,1.);
#10128 = DIRECTION('',(1.,0.));
#10129 = ( GEOMETRIC_REPRESENTATION_CONTEXT(2) 
PARAMETRIC_REPRESENTATION_CONTEXT() REPRESENTATION_CONTEXT('2D SPACE',''
  ) );
#10130 = PCURVE('',#9961,#10131);
#10131 = DEFINITIONAL_REPRESENTATION('',(#10132),#10136);
#10132 = LINE('',#10133,#10134);
#10133 = CARTESIAN_POINT('',(0.,214.));
#10134 = VECTOR('',#10135,1.);
#10135 = DIRECTION('',(1.,0.));
#10136 = ( GEOMETRIC_REPRESENTATION_CONTEXT(2) 
PARAMETRIC_REPRESENTATION_CONTEXT() REPRESENTATION_CONTEXT('2D SPACE',''
  ) );
#10137 = ADVANCED_FACE('',(#10138),#9710,.T.);
#10138 = FACE_BOUND('',#10139,.T.);
#10139 = EDGE_LOOP('',(#10140,#10141,#10142,#10143));
#10140 = ORIENTED_EDGE('',*,*,#9694,.F.);
#10141 = ORIENTED_EDGE('',*,*,#9992,.T.);
#10142 = ORIENTED_EDGE('',*,*,#9898,.T.);
#10143 = ORIENTED_EDGE('',*,*,#9826,.F.);
#10144 = ADVANCED_FACE('',(#10145),#9961,.F.);
#10145 = FACE_BOUND('',#10146,.F.);
#10146 = EDGE_LOOP('',(#10147,#10148,#10149,#10150));
#10147 = ORIENTED_EDGE('',*,*,#10117,.F.);
#10148 = ORIENTED_EDGE('',*,*,#9946,.T.);
#10149 = ORIENTED_EDGE('',*,*,#10041,.T.);
#10150 = ORIENTED_EDGE('',*,*,#10090,.T.);
#10151 = ( GEOMETRIC_REPRESENTATION_CONTEXT(3) 
GLOBAL_UNCERTAINTY_ASSIGNED_CONTEXT((#10155)) 
GLOBAL_UNIT_ASSIGNED_CONTEXT((#10152,#10153,#10154)) 
REPRESENTATION_CONTEXT('Context #1',
  '3D Context with UNIT and UNCERTAINTY') );
#10152 = ( LENGTH_UNIT() NAMED_UNIT(*) SI_UNIT(.MILLI.,.METRE.) );
#10153 = ( NAMED_UNIT(*) PLANE_ANGLE_UNIT() SI_UNIT($,.RADIAN.) );
#10154 = ( NAMED_UNIT(*) SI_UNIT($,.STERADIAN.) SOLID_ANGLE_UNIT() );
#10155 = UNCERTAINTY_MEASURE_WITH_UNIT(LENGTH_MEASURE(1.E-07),#10152,
  'distance_accuracy_value','confusion accuracy');
#10156 = CONTEXT_DEPENDENT_SHAPE_REPRESENTATION(#10157,#10159);
#10157 = ( REPRESENTATION_RELATIONSHIP('','',#6926,#10) 
REPRESENTATION_RELATIONSHIP_WITH_TRANSFORMATION(#10158) 
SHAPE_REPRESENTATION_RELATIONSHIP() );
#10158 = ITEM_DEFINED_TRANSFORMATION('','',#11,#47);
#10159 = PRODUCT_DEFINITION_SHAPE('Placement','Placement of an item',
  #10160);
#10160 = NEXT_ASSEMBLY_USAGE_OCCURRENCE('9','=>[0:1:1:10]','',#5,#6921,$
  );
#10161 = PRODUCT_RELATED_PRODUCT_CATEGORY('part',$,(#6923));
#10162 = SHAPE_DEFINITION_REPRESENTATION(#10163,#10169);
#10163 = PRODUCT_DEFINITION_SHAPE('','',#10164);
#10164 = PRODUCT_DEFINITION('design','',#10165,#10168);
#10165 = PRODUCT_DEFINITION_FORMATION('','',#10166);
#10166 = PRODUCT('COMPOUND','COMPOUND','',(#10167));
#10167 = PRODUCT_CONTEXT('',#2,'mechanical');
#10168 = PRODUCT_DEFINITION_CONTEXT('part definition',#2,'design');
#10169 = ADVANCED_BREP_SHAPE_REPRESENTATION('',(#11,#10170),#12064);
#10170 = MANIFOLD_SOLID_BREP('',#10171);
#10171 = CLOSED_SHELL('',(#10172,#10398,#10474,#10523,#10572,#10599,
    #10668,#11171,#11218,#11619,#11632,#11679,#11706,#11733,#11740,
    #11787,#11814,#11841,#11848,#11895,#11922,#11949,#11956,#12003,
    #12030,#12057));
#10172 = ADVANCED_FACE('',(#10173,#10292),#10187,.F.);
#10173 = FACE_BOUND('',#10174,.F.);
#10174 = EDGE_LOOP('',(#10175,#10210,#10238,#10266));
#10175 = ORIENTED_EDGE('',*,*,#10176,.F.);
#10176 = EDGE_CURVE('',#10177,#10179,#10181,.T.);
#10177 = VERTEX_POINT('',#10178);
#10178 = CARTESIAN_POINT('',(0.,-1.65E+03,120.));
#10179 = VERTEX_POINT('',#10180);
#10180 = CARTESIAN_POINT('',(0.,-1.65E+03,280.));
#10181 = SURFACE_CURVE('',#10182,(#10186,#10198),.PCURVE_S1.);
#10182 = LINE('',#10183,#10184);
#10183 = CARTESIAN_POINT('',(0.,-1.65E+03,120.));
#10184 = VECTOR('',#10185,1.);
#10185 = DIRECTION('',(0.,0.,1.));
#10186 = PCURVE('',#10187,#10192);
#10187 = PLANE('',#10188);
#10188 = AXIS2_PLACEMENT_3D('',#10189,#10190,#10191);
#10189 = CARTESIAN_POINT('',(0.,-1.65E+03,120.));
#10190 = DIRECTION('',(1.,0.,-0.));
#10191 = DIRECTION('',(0.,0.,1.));
#10192 = DEFINITIONAL_REPRESENTATION('',(#10193),#10197);
#10193 = LINE('',#10194,#10195);
#10194 = CARTESIAN_POINT('',(0.,0.));
#10195 = VECTOR('',#10196,1.);
#10196 = DIRECTION('',(1.,0.));
#10197 = ( GEOMETRIC_REPRESENTATION_CONTEXT(2) 
PARAMETRIC_REPRESENTATION_CONTEXT() REPRESENTATION_CONTEXT('2D SPACE',''
  ) );
#10198 = PCURVE('',#10199,#10204);
#10199 = PLANE('',#10200);
#10200 = AXIS2_PLACEMENT_3D('',#10201,#10202,#10203);
#10201 = CARTESIAN_POINT('',(0.,-1.65E+03,120.));
#10202 = DIRECTION('',(-0.,1.,0.));
#10203 = DIRECTION('',(0.,0.,1.));
#10204 = DEFINITIONAL_REPRESENTATION('',(#10205),#10209);
#10205 = LINE('',#10206,#10207);
#10206 = CARTESIAN_POINT('',(0.,0.));
#10207 = VECTOR('',#10208,1.);
#10208 = DIRECTION('',(1.,0.));
#10209 = ( GEOMETRIC_REPRESENTATION_CONTEXT(2) 
PARAMETRIC_REPRESENTATION_CONTEXT() REPRESENTATION_CONTEXT('2D SPACE',''
  ) );
#10210 = ORIENTED_EDGE('',*,*,#10211,.T.);
#10211 = EDGE_CURVE('',#10177,#10212,#10214,.T.);
#10212 = VERTEX_POINT('',#10213);
#10213 = CARTESIAN_POINT('',(0.,-1.35E+03,120.));
#10214 = SURFACE_CURVE('',#10215,(#10219,#10226),.PCURVE_S1.);
#10215 = LINE('',#10216,#10217);
#10216 = CARTESIAN_POINT('',(0.,-1.65E+03,120.));
#10217 = VECTOR('',#10218,1.);
#10218 = DIRECTION('',(-0.,1.,0.));
#10219 = PCURVE('',#10187,#10220);
#10220 = DEFINITIONAL_REPRESENTATION('',(#10221),#10225);
#10221 = LINE('',#10222,#10223);
#10222 = CARTESIAN_POINT('',(0.,0.));
#10223 = VECTOR('',#10224,1.);
#10224 = DIRECTION('',(0.,-1.));
#10225 = ( GEOMETRIC_REPRESENTATION_CONTEXT(2) 
PARAMETRIC_REPRESENTATION_CONTEXT() REPRESENTATION_CONTEXT('2D SPACE',''
  ) );
#10226 = PCURVE('',#10227,#10232);
#10227 = PLANE('',#10228);
#10228 = AXIS2_PLACEMENT_3D('',#10229,#10230,#10231);
#10229 = CARTESIAN_POINT('',(0.,-1.65E+03,120.));
#10230 = DIRECTION('',(0.,0.,1.));
#10231 = DIRECTION('',(1.,0.,-0.));
#10232 = DEFINITIONAL_REPRESENTATION('',(#10233),#10237);
#10233 = LINE('',#10234,#10235);
#10234 = CARTESIAN_POINT('',(0.,0.));
#10235 = VECTOR('',#10236,1.);
#10236 = DIRECTION('',(0.,1.));
#10237 = ( GEOMETRIC_REPRESENTATION_CONTEXT(2) 
PARAMETRIC_REPRESENTATION_CONTEXT() REPRESENTATION_CONTEXT('2D SPACE',''
  ) );
#10238 = ORIENTED_EDGE('',*,*,#10239,.T.);
#10239 = EDGE_CURVE('',#10212,#10240,#10242,.T.);
#10240 = VERTEX_POINT('',#10241);
#10241 = CARTESIAN_POINT('',(0.,-1.35E+03,280.));
#10242 = SURFACE_CURVE('',#10243,(#10247,#10254),.PCURVE_S1.);
#10243 = LINE('',#10244,#10245);
#10244 = CARTESIAN_POINT('',(0.,-1.35E+03,120.));
#10245 = VECTOR('',#10246,1.);
#10246 = DIRECTION('',(0.,0.,1.));
#10247 = PCURVE('',#10187,#10248);
#10248 = DEFINITIONAL_REPRESENTATION('',(#10249),#10253);
#10249 = LINE('',#10250,#10251);
#10250 = CARTESIAN_POINT('',(0.,-300.));
#10251 = VECTOR('',#10252,1.);
#10252 = DIRECTION('',(1.,0.));
#10253 = ( GEOMETRIC_REPRESENTATION_CONTEXT(2) 
PARAMETRIC_REPRESENTATION_CONTEXT() REPRESENTATION_CONTEXT('2D SPACE',''
  ) );
#10254 = PCURVE('',#10255,#10260);
#10255 = PLANE('',#10256);
#10256 = AXIS2_PLACEMENT_3D('',#10257,#10258,#10259);
#10257 = CARTESIAN_POINT('',(0.,-1.35E+03,120.));
#10258 = DIRECTION('',(-0.,1.,0.));
#10259 = DIRECTION('',(0.,0.,1.));
#10260 = DEFINITIONAL_REPRESENTATION('',(#10261),#10265);
#10261 = LINE('',#10262,#10263);
#10262 = CARTESIAN_POINT('',(0.,0.));
#10263 = VECTOR('',#10264,1.);
#10264 = DIRECTION('',(1.,0.));
#10265 = ( GEOMETRIC_REPRESENTATION_CONTEXT(2) 
PARAMETRIC_REPRESENTATION_CONTEXT() REPRESENTATION_CONTEXT('2D SPACE',''
  ) );
#10266 = ORIENTED_EDGE('',*,*,#10267,.F.);
#10267 = EDGE_CURVE('',#10179,#10240,#10268,.T.);
#10268 = SURFACE_CURVE('',#10269,(#10273,#10280),.PCURVE_S1.);
#10269 = LINE('',#10270,#10271);
#10270 = CARTESIAN_POINT('',(0.,-1.65E+03,280.));
#10271 = VECTOR('',#10272,1.);
#10272 = DIRECTION('',(-0.,1.,0.));
#10273 = PCURVE('',#10187,#10274);
#10274 = DEFINITIONAL_REPRESENTATION('',(#10275),#10279);
#10275 = LINE('',#10276,#10277);
#10276 = CARTESIAN_POINT('',(160.,0.));
#10277 = VECTOR('',#10278,1.);
#10278 = DIRECTION('',(0.,-1.));
#10279 = ( GEOMETRIC_REPRESENTATION_CONTEXT(2) 
PARAMETRIC_REPRESENTATION_CONTEXT() REPRESENTATION_CONTEXT('2D SPACE',''
  ) );
#10280 = PCURVE('',#10281,#10286);
#10281 = PLANE('',#10282);
#10282 = AXIS2_PLACEMENT_3D('',#10283,#10284,#10285);
#10283 = CARTESIAN_POINT('',(0.,-1.65E+03,280.));
#10284 = DIRECTION('',(0.,0.,1.));
#10285 = DIRECTION('',(1.,0.,-0.));
#10286 = DEFINITIONAL_REPRESENTATION('',(#10287),#10291);
#10287 = LINE('',#10288,#10289);
#10288 = CARTESIAN_POINT('',(0.,0.));
#10289 = VECTOR('',#10290,1.);
#10290 = DIRECTION('',(0.,1.));
#10291 = ( GEOMETRIC_REPRESENTATION_CONTEXT(2) 
PARAMETRIC_REPRESENTATION_CONTEXT() REPRESENTATION_CONTEXT('2D SPACE',''
  ) );
#10292 = FACE_BOUND('',#10293,.F.);
#10293 = EDGE_LOOP('',(#10294,#10322,#10348,#10374));
#10294 = ORIENTED_EDGE('',*,*,#10295,.T.);
#10295 = EDGE_CURVE('',#10296,#10298,#10300,.T.);
#10296 = VERTEX_POINT('',#10297);
#10297 = CARTESIAN_POINT('',(0.,-1.365E+03,135.));
#10298 = VERTEX_POINT('',#10299);
#10299 = CARTESIAN_POINT('',(0.,-1.635E+03,135.));
#10300 = SURFACE_CURVE('',#10301,(#10305,#10311),.PCURVE_S1.);
#10301 = LINE('',#10302,#10303);
#10302 = CARTESIAN_POINT('',(0.,-1.6425E+03,135.));
#10303 = VECTOR('',#10304,1.);
#10304 = DIRECTION('',(0.,-1.,0.));
#10305 = PCURVE('',#10187,#10306);
#10306 = DEFINITIONAL_REPRESENTATION('',(#10307),#10310);
#10307 = B_SPLINE_CURVE_WITH_KNOTS('',1,(#10308,#10309),.UNSPECIFIED.,
  .F.,.F.,(2,2),(-277.5,-7.5),.PIECEWISE_BEZIER_KNOTS.);
#10308 = CARTESIAN_POINT('',(15.,-285.));
#10309 = CARTESIAN_POINT('',(15.,-15.));
#10310 = ( GEOMETRIC_REPRESENTATION_CONTEXT(2) 
PARAMETRIC_REPRESENTATION_CONTEXT() REPRESENTATION_CONTEXT('2D SPACE',''
  ) );
#10311 = PCURVE('',#10312,#10317);
#10312 = PLANE('',#10313);
#10313 = AXIS2_PLACEMENT_3D('',#10314,#10315,#10316);
#10314 = CARTESIAN_POINT('',(-1.,-1.635E+03,135.));
#10315 = DIRECTION('',(0.,0.,1.));
#10316 = DIRECTION('',(1.,0.,-0.));
#10317 = DEFINITIONAL_REPRESENTATION('',(#10318),#10321);
#10318 = B_SPLINE_CURVE_WITH_KNOTS('',1,(#10319,#10320),.UNSPECIFIED.,
  .F.,.F.,(2,2),(-277.5,-7.5),.PIECEWISE_BEZIER_KNOTS.);
#10319 = CARTESIAN_POINT('',(1.,270.));
#10320 = CARTESIAN_POINT('',(1.,0.));
#10321 = ( GEOMETRIC_REPRESENTATION_CONTEXT(2) 
PARAMETRIC_REPRESENTATION_CONTEXT() REPRESENTATION_CONTEXT('2D SPACE',''
  ) );
#10322 = ORIENTED_EDGE('',*,*,#10323,.T.);
#10323 = EDGE_CURVE('',#10298,#10324,#10326,.T.);
#10324 = VERTEX_POINT('',#10325);
#10325 = CARTESIAN_POINT('',(0.,-1.635E+03,265.));
#10326 = SURFACE_CURVE('',#10327,(#10331,#10337),.PCURVE_S1.);
#10327 = LINE('',#10328,#10329);
#10328 = CARTESIAN_POINT('',(0.,-1.635E+03,127.5));
#10329 = VECTOR('',#10330,1.);
#10330 = DIRECTION('',(0.,0.,1.));
#10331 = PCURVE('',#10187,#10332);
#10332 = DEFINITIONAL_REPRESENTATION('',(#10333),#10336);
#10333 = B_SPLINE_CURVE_WITH_KNOTS('',1,(#10334,#10335),.UNSPECIFIED.,
  .F.,.F.,(2,2),(7.5,137.5),.PIECEWISE_BEZIER_KNOTS.);
#10334 = CARTESIAN_POINT('',(15.,-15.));
#10335 = CARTESIAN_POINT('',(145.,-15.));
#10336 = ( GEOMETRIC_REPRESENTATION_CONTEXT(2) 
PARAMETRIC_REPRESENTATION_CONTEXT() REPRESENTATION_CONTEXT('2D SPACE',''
  ) );
#10337 = PCURVE('',#10338,#10343);
#10338 = PLANE('',#10339);
#10339 = AXIS2_PLACEMENT_3D('',#10340,#10341,#10342);
#10340 = CARTESIAN_POINT('',(-1.,-1.635E+03,135.));
#10341 = DIRECTION('',(-0.,1.,0.));
#10342 = DIRECTION('',(0.,0.,1.));
#10343 = DEFINITIONAL_REPRESENTATION('',(#10344),#10347);
#10344 = B_SPLINE_CURVE_WITH_KNOTS('',1,(#10345,#10346),.UNSPECIFIED.,
  .F.,.F.,(2,2),(7.5,137.5),.PIECEWISE_BEZIER_KNOTS.);
#10345 = CARTESIAN_POINT('',(0.,1.));
#10346 = CARTESIAN_POINT('',(130.,1.));
#10347 = ( GEOMETRIC_REPRESENTATION_CONTEXT(2) 
PARAMETRIC_REPRESENTATION_CONTEXT() REPRESENTATION_CONTEXT('2D SPACE',''
  ) );
#10348 = ORIENTED_EDGE('',*,*,#10349,.F.);
#10349 = EDGE_CURVE('',#10350,#10324,#10352,.T.);
#10350 = VERTEX_POINT('',#10351);
#10351 = CARTESIAN_POINT('',(0.,-1.365E+03,265.));
#10352 = SURFACE_CURVE('',#10353,(#10357,#10363),.PCURVE_S1.);
#10353 = LINE('',#10354,#10355);
#10354 = CARTESIAN_POINT('',(0.,-1.6425E+03,265.));
#10355 = VECTOR('',#10356,1.);
#10356 = DIRECTION('',(0.,-1.,0.));
#10357 = PCURVE('',#10187,#10358);
#10358 = DEFINITIONAL_REPRESENTATION('',(#10359),#10362);
#10359 = B_SPLINE_CURVE_WITH_KNOTS('',1,(#10360,#10361),.UNSPECIFIED.,
  .F.,.F.,(2,2),(-277.5,-7.5),.PIECEWISE_BEZIER_KNOTS.);
#10360 = CARTESIAN_POINT('',(145.,-285.));
#10361 = CARTESIAN_POINT('',(145.,-15.));
#10362 = ( GEOMETRIC_REPRESENTATION_CONTEXT(2) 
PARAMETRIC_REPRESENTATION_CONTEXT() REPRESENTATION_CONTEXT('2D SPACE',''
  ) );
#10363 = PCURVE('',#10364,#10369);
#10364 = PLANE('',#10365);
#10365 = AXIS2_PLACEMENT_3D('',#10366,#10367,#10368);
#10366 = CARTESIAN_POINT('',(-1.,-1.635E+03,265.));
#10367 = DIRECTION('',(0.,0.,1.));
#10368 = DIRECTION('',(1.,0.,-0.));
#10369 = DEFINITIONAL_REPRESENTATION('',(#10370),#10373);
#10370 = B_SPLINE_CURVE_WITH_KNOTS('',1,(#10371,#10372),.UNSPECIFIED.,
  .F.,.F.,(2,2),(-277.5,-7.5),.PIECEWISE_BEZIER_KNOTS.);
#10371 = CARTESIAN_POINT('',(1.,270.));
#10372 = CARTESIAN_POINT('',(1.,0.));
#10373 = ( GEOMETRIC_REPRESENTATION_CONTEXT(2) 
PARAMETRIC_REPRESENTATION_CONTEXT() REPRESENTATION_CONTEXT('2D SPACE',''
  ) );
#10374 = ORIENTED_EDGE('',*,*,#10375,.F.);
#10375 = EDGE_CURVE('',#10296,#10350,#10376,.T.);
#10376 = SURFACE_CURVE('',#10377,(#10381,#10387),.PCURVE_S1.);
#10377 = LINE('',#10378,#10379);
#10378 = CARTESIAN_POINT('',(0.,-1.365E+03,127.5));
#10379 = VECTOR('',#10380,1.);
#10380 = DIRECTION('',(0.,0.,1.));
#10381 = PCURVE('',#10187,#10382);
#10382 = DEFINITIONAL_REPRESENTATION('',(#10383),#10386);
#10383 = B_SPLINE_CURVE_WITH_KNOTS('',1,(#10384,#10385),.UNSPECIFIED.,
  .F.,.F.,(2,2),(7.5,137.5),.PIECEWISE_BEZIER_KNOTS.);
#10384 = CARTESIAN_POINT('',(15.,-285.));
#10385 = CARTESIAN_POINT('',(145.,-285.));
#10386 = ( GEOMETRIC_REPRESENTATION_CONTEXT(2) 
PARAMETRIC_REPRESENTATION_CONTEXT() REPRESENTATION_CONTEXT('2D SPACE',''
  ) );
#10387 = PCURVE('',#10388,#10393);
#10388 = PLANE('',#10389);
#10389 = AXIS2_PLACEMENT_3D('',#10390,#10391,#10392);
#10390 = CARTESIAN_POINT('',(-1.,-1.365E+03,135.));
#10391 = DIRECTION('',(-0.,1.,0.));
#10392 = DIRECTION('',(0.,0.,1.));
#10393 = DEFINITIONAL_REPRESENTATION('',(#10394),#10397);
#10394 = B_SPLINE_CURVE_WITH_KNOTS('',1,(#10395,#10396),.UNSPECIFIED.,
  .F.,.F.,(2,2),(7.5,137.5),.PIECEWISE_BEZIER_KNOTS.);
#10395 = CARTESIAN_POINT('',(0.,1.));
#10396 = CARTESIAN_POINT('',(130.,1.));
#10397 = ( GEOMETRIC_REPRESENTATION_CONTEXT(2) 
PARAMETRIC_REPRESENTATION_CONTEXT() REPRESENTATION_CONTEXT('2D SPACE',''
  ) );
#10398 = ADVANCED_FACE('',(#10399),#10199,.F.);
#10399 = FACE_BOUND('',#10400,.F.);
#10400 = EDGE_LOOP('',(#10401,#10424,#10425,#10448));
#10401 = ORIENTED_EDGE('',*,*,#10402,.F.);
#10402 = EDGE_CURVE('',#10177,#10403,#10405,.T.);
#10403 = VERTEX_POINT('',#10404);
#10404 = CARTESIAN_POINT('',(12.,-1.65E+03,120.));
#10405 = SURFACE_CURVE('',#10406,(#10410,#10417),.PCURVE_S1.);
#10406 = LINE('',#10407,#10408);
#10407 = CARTESIAN_POINT('',(0.,-1.65E+03,120.));
#10408 = VECTOR('',#10409,1.);
#10409 = DIRECTION('',(1.,0.,-0.));
#10410 = PCURVE('',#10199,#10411);
#10411 = DEFINITIONAL_REPRESENTATION('',(#10412),#10416);
#10412 = LINE('',#10413,#10414);
#10413 = CARTESIAN_POINT('',(0.,0.));
#10414 = VECTOR('',#10415,1.);
#10415 = DIRECTION('',(0.,1.));
#10416 = ( GEOMETRIC_REPRESENTATION_CONTEXT(2) 
PARAMETRIC_REPRESENTATION_CONTEXT() REPRESENTATION_CONTEXT('2D SPACE',''
  ) );
#10417 = PCURVE('',#10227,#10418);
#10418 = DEFINITIONAL_REPRESENTATION('',(#10419),#10423);
#10419 = LINE('',#10420,#10421);
#10420 = CARTESIAN_POINT('',(0.,0.));
#10421 = VECTOR('',#10422,1.);
#10422 = DIRECTION('',(1.,0.));
#10423 = ( GEOMETRIC_REPRESENTATION_CONTEXT(2) 
PARAMETRIC_REPRESENTATION_CONTEXT() REPRESENTATION_CONTEXT('2D SPACE',''
  ) );
#10424 = ORIENTED_EDGE('',*,*,#10176,.T.);
#10425 = ORIENTED_EDGE('',*,*,#10426,.T.);
#10426 = EDGE_CURVE('',#10179,#10427,#10429,.T.);
#10427 = VERTEX_POINT('',#10428);
#10428 = CARTESIAN_POINT('',(12.,-1.65E+03,280.));
#10429 = SURFACE_CURVE('',#10430,(#10434,#10441),.PCURVE_S1.);
#10430 = LINE('',#10431,#10432);
#10431 = CARTESIAN_POINT('',(0.,-1.65E+03,280.));
#10432 = VECTOR('',#10433,1.);
#10433 = DIRECTION('',(1.,0.,-0.));
#10434 = PCURVE('',#10199,#10435);
#10435 = DEFINITIONAL_REPRESENTATION('',(#10436),#10440);
#10436 = LINE('',#10437,#10438);
#10437 = CARTESIAN_POINT('',(160.,0.));
#10438 = VECTOR('',#10439,1.);
#10439 = DIRECTION('',(0.,1.));
#10440 = ( GEOMETRIC_REPRESENTATION_CONTEXT(2) 
PARAMETRIC_REPRESENTATION_CONTEXT() REPRESENTATION_CONTEXT('2D SPACE',''
  ) );
#10441 = PCURVE('',#10281,#10442);
#10442 = DEFINITIONAL_REPRESENTATION('',(#10443),#10447);
#10443 = LINE('',#10444,#10445);
#10444 = CARTESIAN_POINT('',(0.,0.));
#10445 = VECTOR('',#10446,1.);
#10446 = DIRECTION('',(1.,0.));
#10447 = ( GEOMETRIC_REPRESENTATION_CONTEXT(2) 
PARAMETRIC_REPRESENTATION_CONTEXT() REPRESENTATION_CONTEXT('2D SPACE',''
  ) );
#10448 = ORIENTED_EDGE('',*,*,#10449,.F.);
#10449 = EDGE_CURVE('',#10403,#10427,#10450,.T.);
#10450 = SURFACE_CURVE('',#10451,(#10455,#10462),.PCURVE_S1.);
#10451 = LINE('',#10452,#10453);
#10452 = CARTESIAN_POINT('',(12.,-1.65E+03,120.));
#10453 = VECTOR('',#10454,1.);
#10454 = DIRECTION('',(0.,0.,1.));
#10455 = PCURVE('',#10199,#10456);
#10456 = DEFINITIONAL_REPRESENTATION('',(#10457),#10461);
#10457 = LINE('',#10458,#10459);
#10458 = CARTESIAN_POINT('',(0.,12.));
#10459 = VECTOR('',#10460,1.);
#10460 = DIRECTION('',(1.,0.));
#10461 = ( GEOMETRIC_REPRESENTATION_CONTEXT(2) 
PARAMETRIC_REPRESENTATION_CONTEXT() REPRESENTATION_CONTEXT('2D SPACE',''
  ) );
#10462 = PCURVE('',#10463,#10468);
#10463 = PLANE('',#10464);
#10464 = AXIS2_PLACEMENT_3D('',#10465,#10466,#10467);
#10465 = CARTESIAN_POINT('',(12.,-1.65E+03,120.));
#10466 = DIRECTION('',(1.,0.,-0.));
#10467 = DIRECTION('',(0.,0.,1.));
#10468 = DEFINITIONAL_REPRESENTATION('',(#10469),#10473);
#10469 = LINE('',#10470,#10471);
#10470 = CARTESIAN_POINT('',(0.,0.));
#10471 = VECTOR('',#10472,1.);
#10472 = DIRECTION('',(1.,0.));
#10473 = ( GEOMETRIC_REPRESENTATION_CONTEXT(2) 
PARAMETRIC_REPRESENTATION_CONTEXT() REPRESENTATION_CONTEXT('2D SPACE',''
  ) );
#10474 = ADVANCED_FACE('',(#10475),#10281,.T.);
#10475 = FACE_BOUND('',#10476,.T.);
#10476 = EDGE_LOOP('',(#10477,#10478,#10479,#10502));
#10477 = ORIENTED_EDGE('',*,*,#10267,.F.);
#10478 = ORIENTED_EDGE('',*,*,#10426,.T.);
#10479 = ORIENTED_EDGE('',*,*,#10480,.T.);
#10480 = EDGE_CURVE('',#10427,#10481,#10483,.T.);
#10481 = VERTEX_POINT('',#10482);
#10482 = CARTESIAN_POINT('',(12.,-1.35E+03,280.));
#10483 = SURFACE_CURVE('',#10484,(#10488,#10495),.PCURVE_S1.);
#10484 = LINE('',#10485,#10486);
#10485 = CARTESIAN_POINT('',(12.,-1.65E+03,280.));
#10486 = VECTOR('',#10487,1.);
#10487 = DIRECTION('',(-0.,1.,0.));
#10488 = PCURVE('',#10281,#10489);
#10489 = DEFINITIONAL_REPRESENTATION('',(#10490),#10494);
#10490 = LINE('',#10491,#10492);
#10491 = CARTESIAN_POINT('',(12.,0.));
#10492 = VECTOR('',#10493,1.);
#10493 = DIRECTION('',(0.,1.));
#10494 = ( GEOMETRIC_REPRESENTATION_CONTEXT(2) 
PARAMETRIC_REPRESENTATION_CONTEXT() REPRESENTATION_CONTEXT('2D SPACE',''
  ) );
#10495 = PCURVE('',#10463,#10496);
#10496 = DEFINITIONAL_REPRESENTATION('',(#10497),#10501);
#10497 = LINE('',#10498,#10499);
#10498 = CARTESIAN_POINT('',(160.,0.));
#10499 = VECTOR('',#10500,1.);
#10500 = DIRECTION('',(0.,-1.));
#10501 = ( GEOMETRIC_REPRESENTATION_CONTEXT(2) 
PARAMETRIC_REPRESENTATION_CONTEXT() REPRESENTATION_CONTEXT('2D SPACE',''
  ) );
#10502 = ORIENTED_EDGE('',*,*,#10503,.F.);
#10503 = EDGE_CURVE('',#10240,#10481,#10504,.T.);
#10504 = SURFACE_CURVE('',#10505,(#10509,#10516),.PCURVE_S1.);
#10505 = LINE('',#10506,#10507);
#10506 = CARTESIAN_POINT('',(0.,-1.35E+03,280.));
#10507 = VECTOR('',#10508,1.);
#10508 = DIRECTION('',(1.,0.,-0.));
#10509 = PCURVE('',#10281,#10510);
#10510 = DEFINITIONAL_REPRESENTATION('',(#10511),#10515);
#10511 = LINE('',#10512,#10513);
#10512 = CARTESIAN_POINT('',(0.,300.));
#10513 = VECTOR('',#10514,1.);
#10514 = DIRECTION('',(1.,0.));
#10515 = ( GEOMETRIC_REPRESENTATION_CONTEXT(2) 
PARAMETRIC_REPRESENTATION_CONTEXT() REPRESENTATION_CONTEXT('2D SPACE',''
  ) );
#10516 = PCURVE('',#10255,#10517);
#10517 = DEFINITIONAL_REPRESENTATION('',(#10518),#10522);
#10518 = LINE('',#10519,#10520);
#10519 = CARTESIAN_POINT('',(160.,0.));
#10520 = VECTOR('',#10521,1.);
#10521 = DIRECTION('',(0.,1.));
#10522 = ( GEOMETRIC_REPRESENTATION_CONTEXT(2) 
PARAMETRIC_REPRESENTATION_CONTEXT() REPRESENTATION_CONTEXT('2D SPACE',''
  ) );
#10523 = ADVANCED_FACE('',(#10524),#10227,.F.);
#10524 = FACE_BOUND('',#10525,.F.);
#10525 = EDGE_LOOP('',(#10526,#10527,#10528,#10551));
#10526 = ORIENTED_EDGE('',*,*,#10211,.F.);
#10527 = ORIENTED_EDGE('',*,*,#10402,.T.);
#10528 = ORIENTED_EDGE('',*,*,#10529,.T.);
#10529 = EDGE_CURVE('',#10403,#10530,#10532,.T.);
#10530 = VERTEX_POINT('',#10531);
#10531 = CARTESIAN_POINT('',(12.,-1.35E+03,120.));
#10532 = SURFACE_CURVE('',#10533,(#10537,#10544),.PCURVE_S1.);
#10533 = LINE('',#10534,#10535);
#10534 = CARTESIAN_POINT('',(12.,-1.65E+03,120.));
#10535 = VECTOR('',#10536,1.);
#10536 = DIRECTION('',(-0.,1.,0.));
#10537 = PCURVE('',#10227,#10538);
#10538 = DEFINITIONAL_REPRESENTATION('',(#10539),#10543);
#10539 = LINE('',#10540,#10541);
#10540 = CARTESIAN_POINT('',(12.,0.));
#10541 = VECTOR('',#10542,1.);
#10542 = DIRECTION('',(0.,1.));
#10543 = ( GEOMETRIC_REPRESENTATION_CONTEXT(2) 
PARAMETRIC_REPRESENTATION_CONTEXT() REPRESENTATION_CONTEXT('2D SPACE',''
  ) );
#10544 = PCURVE('',#10463,#10545);
#10545 = DEFINITIONAL_REPRESENTATION('',(#10546),#10550);
#10546 = LINE('',#10547,#10548);
#10547 = CARTESIAN_POINT('',(0.,0.));
#10548 = VECTOR('',#10549,1.);
#10549 = DIRECTION('',(0.,-1.));
#10550 = ( GEOMETRIC_REPRESENTATION_CONTEXT(2) 
PARAMETRIC_REPRESENTATION_CONTEXT() REPRESENTATION_CONTEXT('2D SPACE',''
  ) );
#10551 = ORIENTED_EDGE('',*,*,#10552,.F.);
#10552 = EDGE_CURVE('',#10212,#10530,#10553,.T.);
#10553 = SURFACE_CURVE('',#10554,(#10558,#10565),.PCURVE_S1.);
#10554 = LINE('',#10555,#10556);
#10555 = CARTESIAN_POINT('',(0.,-1.35E+03,120.));
#10556 = VECTOR('',#10557,1.);
#10557 = DIRECTION('',(1.,0.,-0.));
#10558 = PCURVE('',#10227,#10559);
#10559 = DEFINITIONAL_REPRESENTATION('',(#10560),#10564);
#10560 = LINE('',#10561,#10562);
#10561 = CARTESIAN_POINT('',(0.,300.));
#10562 = VECTOR('',#10563,1.);
#10563 = DIRECTION('',(1.,0.));
#10564 = ( GEOMETRIC_REPRESENTATION_CONTEXT(2) 
PARAMETRIC_REPRESENTATION_CONTEXT() REPRESENTATION_CONTEXT('2D SPACE',''
  ) );
#10565 = PCURVE('',#10255,#10566);
#10566 = DEFINITIONAL_REPRESENTATION('',(#10567),#10571);
#10567 = LINE('',#10568,#10569);
#10568 = CARTESIAN_POINT('',(0.,0.));
#10569 = VECTOR('',#10570,1.);
#10570 = DIRECTION('',(0.,1.));
#10571 = ( GEOMETRIC_REPRESENTATION_CONTEXT(2) 
PARAMETRIC_REPRESENTATION_CONTEXT() REPRESENTATION_CONTEXT('2D SPACE',''
  ) );
#10572 = ADVANCED_FACE('',(#10573),#10255,.T.);
#10573 = FACE_BOUND('',#10574,.T.);
#10574 = EDGE_LOOP('',(#10575,#10576,#10577,#10578));
#10575 = ORIENTED_EDGE('',*,*,#10552,.F.);
#10576 = ORIENTED_EDGE('',*,*,#10239,.T.);
#10577 = ORIENTED_EDGE('',*,*,#10503,.T.);
#10578 = ORIENTED_EDGE('',*,*,#10579,.F.);
#10579 = EDGE_CURVE('',#10530,#10481,#10580,.T.);
#10580 = SURFACE_CURVE('',#10581,(#10585,#10592),.PCURVE_S1.);
#10581 = LINE('',#10582,#10583);
#10582 = CARTESIAN_POINT('',(12.,-1.35E+03,120.));
#10583 = VECTOR('',#10584,1.);
#10584 = DIRECTION('',(0.,0.,1.));
#10585 = PCURVE('',#10255,#10586);
#10586 = DEFINITIONAL_REPRESENTATION('',(#10587),#10591);
#10587 = LINE('',#10588,#10589);
#10588 = CARTESIAN_POINT('',(0.,12.));
#10589 = VECTOR('',#10590,1.);
#10590 = DIRECTION('',(1.,0.));
#10591 = ( GEOMETRIC_REPRESENTATION_CONTEXT(2) 
PARAMETRIC_REPRESENTATION_CONTEXT() REPRESENTATION_CONTEXT('2D SPACE',''
  ) );
#10592 = PCURVE('',#10463,#10593);
#10593 = DEFINITIONAL_REPRESENTATION('',(#10594),#10598);
#10594 = LINE('',#10595,#10596);
#10595 = CARTESIAN_POINT('',(0.,-300.));
#10596 = VECTOR('',#10597,1.);
#10597 = DIRECTION('',(1.,0.));
#10598 = ( GEOMETRIC_REPRESENTATION_CONTEXT(2) 
PARAMETRIC_REPRESENTATION_CONTEXT() REPRESENTATION_CONTEXT('2D SPACE',''
  ) );
#10599 = ADVANCED_FACE('',(#10600),#10312,.T.);
#10600 = FACE_BOUND('',#10601,.T.);
#10601 = EDGE_LOOP('',(#10602,#10625,#10626,#10649));
#10602 = ORIENTED_EDGE('',*,*,#10603,.F.);
#10603 = EDGE_CURVE('',#10296,#10604,#10606,.T.);
#10604 = VERTEX_POINT('',#10605);
#10605 = CARTESIAN_POINT('',(12.,-1.365E+03,135.));
#10606 = SURFACE_CURVE('',#10607,(#10611,#10618),.PCURVE_S1.);
#10607 = LINE('',#10608,#10609);
#10608 = CARTESIAN_POINT('',(-1.,-1.365E+03,135.));
#10609 = VECTOR('',#10610,1.);
#10610 = DIRECTION('',(1.,0.,-0.));
#10611 = PCURVE('',#10312,#10612);
#10612 = DEFINITIONAL_REPRESENTATION('',(#10613),#10617);
#10613 = LINE('',#10614,#10615);
#10614 = CARTESIAN_POINT('',(0.,270.));
#10615 = VECTOR('',#10616,1.);
#10616 = DIRECTION('',(1.,0.));
#10617 = ( GEOMETRIC_REPRESENTATION_CONTEXT(2) 
PARAMETRIC_REPRESENTATION_CONTEXT() REPRESENTATION_CONTEXT('2D SPACE',''
  ) );
#10618 = PCURVE('',#10388,#10619);
#10619 = DEFINITIONAL_REPRESENTATION('',(#10620),#10624);
#10620 = LINE('',#10621,#10622);
#10621 = CARTESIAN_POINT('',(0.,0.));
#10622 = VECTOR('',#10623,1.);
#10623 = DIRECTION('',(0.,1.));
#10624 = ( GEOMETRIC_REPRESENTATION_CONTEXT(2) 
PARAMETRIC_REPRESENTATION_CONTEXT() REPRESENTATION_CONTEXT('2D SPACE',''
  ) );
#10625 = ORIENTED_EDGE('',*,*,#10295,.T.);
#10626 = ORIENTED_EDGE('',*,*,#10627,.T.);
#10627 = EDGE_CURVE('',#10298,#10628,#10630,.T.);
#10628 = VERTEX_POINT('',#10629);
#10629 = CARTESIAN_POINT('',(12.,-1.635E+03,135.));
#10630 = SURFACE_CURVE('',#10631,(#10635,#10642),.PCURVE_S1.);
#10631 = LINE('',#10632,#10633);
#10632 = CARTESIAN_POINT('',(-1.,-1.635E+03,135.));
#10633 = VECTOR('',#10634,1.);
#10634 = DIRECTION('',(1.,0.,-0.));
#10635 = PCURVE('',#10312,#10636);
#10636 = DEFINITIONAL_REPRESENTATION('',(#10637),#10641);
#10637 = LINE('',#10638,#10639);
#10638 = CARTESIAN_POINT('',(0.,0.));
#10639 = VECTOR('',#10640,1.);
#10640 = DIRECTION('',(1.,0.));
#10641 = ( GEOMETRIC_REPRESENTATION_CONTEXT(2) 
PARAMETRIC_REPRESENTATION_CONTEXT() REPRESENTATION_CONTEXT('2D SPACE',''
  ) );
#10642 = PCURVE('',#10338,#10643);
#10643 = DEFINITIONAL_REPRESENTATION('',(#10644),#10648);
#10644 = LINE('',#10645,#10646);
#10645 = CARTESIAN_POINT('',(0.,0.));
#10646 = VECTOR('',#10647,1.);
#10647 = DIRECTION('',(0.,1.));
#10648 = ( GEOMETRIC_REPRESENTATION_CONTEXT(2) 
PARAMETRIC_REPRESENTATION_CONTEXT() REPRESENTATION_CONTEXT('2D SPACE',''
  ) );
#10649 = ORIENTED_EDGE('',*,*,#10650,.F.);
#10650 = EDGE_CURVE('',#10604,#10628,#10651,.T.);
#10651 = SURFACE_CURVE('',#10652,(#10656,#10662),.PCURVE_S1.);
#10652 = LINE('',#10653,#10654);
#10653 = CARTESIAN_POINT('',(12.,-1.6425E+03,135.));
#10654 = VECTOR('',#10655,1.);
#10655 = DIRECTION('',(0.,-1.,0.));
#10656 = PCURVE('',#10312,#10657);
#10657 = DEFINITIONAL_REPRESENTATION('',(#10658),#10661);
#10658 = B_SPLINE_CURVE_WITH_KNOTS('',1,(#10659,#10660),.UNSPECIFIED.,
  .F.,.F.,(2,2),(-277.5,-7.5),.PIECEWISE_BEZIER_KNOTS.);
#10659 = CARTESIAN_POINT('',(13.,270.));
#10660 = CARTESIAN_POINT('',(13.,0.));
#10661 = ( GEOMETRIC_REPRESENTATION_CONTEXT(2) 
PARAMETRIC_REPRESENTATION_CONTEXT() REPRESENTATION_CONTEXT('2D SPACE',''
  ) );
#10662 = PCURVE('',#10463,#10663);
#10663 = DEFINITIONAL_REPRESENTATION('',(#10664),#10667);
#10664 = B_SPLINE_CURVE_WITH_KNOTS('',1,(#10665,#10666),.UNSPECIFIED.,
  .F.,.F.,(2,2),(-277.5,-7.5),.PIECEWISE_BEZIER_KNOTS.);
#10665 = CARTESIAN_POINT('',(15.,-285.));
#10666 = CARTESIAN_POINT('',(15.,-15.));
#10667 = ( GEOMETRIC_REPRESENTATION_CONTEXT(2) 
PARAMETRIC_REPRESENTATION_CONTEXT() REPRESENTATION_CONTEXT('2D SPACE',''
  ) );
#10668 = ADVANCED_FACE('',(#10669,#10715,#10829,#10943,#11057),#10388,
  .F.);
#10669 = FACE_BOUND('',#10670,.F.);
#10670 = EDGE_LOOP('',(#10671,#10672,#10673,#10696));
#10671 = ORIENTED_EDGE('',*,*,#10603,.F.);
#10672 = ORIENTED_EDGE('',*,*,#10375,.T.);
#10673 = ORIENTED_EDGE('',*,*,#10674,.T.);
#10674 = EDGE_CURVE('',#10350,#10675,#10677,.T.);
#10675 = VERTEX_POINT('',#10676);
#10676 = CARTESIAN_POINT('',(12.,-1.365E+03,265.));
#10677 = SURFACE_CURVE('',#10678,(#10682,#10689),.PCURVE_S1.);
#10678 = LINE('',#10679,#10680);
#10679 = CARTESIAN_POINT('',(-1.,-1.365E+03,265.));
#10680 = VECTOR('',#10681,1.);
#10681 = DIRECTION('',(1.,0.,-0.));
#10682 = PCURVE('',#10388,#10683);
#10683 = DEFINITIONAL_REPRESENTATION('',(#10684),#10688);
#10684 = LINE('',#10685,#10686);
#10685 = CARTESIAN_POINT('',(130.,0.));
#10686 = VECTOR('',#10687,1.);
#10687 = DIRECTION('',(0.,1.));
#10688 = ( GEOMETRIC_REPRESENTATION_CONTEXT(2) 
PARAMETRIC_REPRESENTATION_CONTEXT() REPRESENTATION_CONTEXT('2D SPACE',''
  ) );
#10689 = PCURVE('',#10364,#10690);
#10690 = DEFINITIONAL_REPRESENTATION('',(#10691),#10695);
#10691 = LINE('',#10692,#10693);
#10692 = CARTESIAN_POINT('',(0.,270.));
#10693 = VECTOR('',#10694,1.);
#10694 = DIRECTION('',(1.,0.));
#10695 = ( GEOMETRIC_REPRESENTATION_CONTEXT(2) 
PARAMETRIC_REPRESENTATION_CONTEXT() REPRESENTATION_CONTEXT('2D SPACE',''
  ) );
#10696 = ORIENTED_EDGE('',*,*,#10697,.F.);
#10697 = EDGE_CURVE('',#10604,#10675,#10698,.T.);
#10698 = SURFACE_CURVE('',#10699,(#10703,#10709),.PCURVE_S1.);
#10699 = LINE('',#10700,#10701);
#10700 = CARTESIAN_POINT('',(12.,-1.365E+03,127.5));
#10701 = VECTOR('',#10702,1.);
#10702 = DIRECTION('',(0.,0.,1.));
#10703 = PCURVE('',#10388,#10704);
#10704 = DEFINITIONAL_REPRESENTATION('',(#10705),#10708);
#10705 = B_SPLINE_CURVE_WITH_KNOTS('',1,(#10706,#10707),.UNSPECIFIED.,
  .F.,.F.,(2,2),(7.5,137.5),.PIECEWISE_BEZIER_KNOTS.);
#10706 = CARTESIAN_POINT('',(0.,13.));
#10707 = CARTESIAN_POINT('',(130.,13.));
#10708 = ( GEOMETRIC_REPRESENTATION_CONTEXT(2) 
PARAMETRIC_REPRESENTATION_CONTEXT() REPRESENTATION_CONTEXT('2D SPACE',''
  ) );
#10709 = PCURVE('',#10463,#10710);
#10710 = DEFINITIONAL_REPRESENTATION('',(#10711),#10714);
#10711 = B_SPLINE_CURVE_WITH_KNOTS('',1,(#10712,#10713),.UNSPECIFIED.,
  .F.,.F.,(2,2),(7.5,137.5),.PIECEWISE_BEZIER_KNOTS.);
#10712 = CARTESIAN_POINT('',(15.,-285.));
#10713 = CARTESIAN_POINT('',(145.,-285.));
#10714 = ( GEOMETRIC_REPRESENTATION_CONTEXT(2) 
PARAMETRIC_REPRESENTATION_CONTEXT() REPRESENTATION_CONTEXT('2D SPACE',''
  ) );
#10715 = FACE_BOUND('',#10716,.F.);
#10716 = EDGE_LOOP('',(#10717,#10747,#10775,#10803));
#10717 = ORIENTED_EDGE('',*,*,#10718,.F.);
#10718 = EDGE_CURVE('',#10719,#10721,#10723,.T.);
#10719 = VERTEX_POINT('',#10720);
#10720 = CARTESIAN_POINT('',(4.,-1.365E+03,161.5));
#10721 = VERTEX_POINT('',#10722);
#10722 = CARTESIAN_POINT('',(8.,-1.365E+03,161.5));
#10723 = SURFACE_CURVE('',#10724,(#10728,#10735),.PCURVE_S1.);
#10724 = LINE('',#10725,#10726);
#10725 = CARTESIAN_POINT('',(4.,-1.365E+03,161.5));
#10726 = VECTOR('',#10727,1.);
#10727 = DIRECTION('',(1.,0.,-0.));
#10728 = PCURVE('',#10388,#10729);
#10729 = DEFINITIONAL_REPRESENTATION('',(#10730),#10734);
#10730 = LINE('',#10731,#10732);
#10731 = CARTESIAN_POINT('',(26.5,5.));
#10732 = VECTOR('',#10733,1.);
#10733 = DIRECTION('',(0.,1.));
#10734 = ( GEOMETRIC_REPRESENTATION_CONTEXT(2) 
PARAMETRIC_REPRESENTATION_CONTEXT() REPRESENTATION_CONTEXT('2D SPACE',''
  ) );
#10735 = PCURVE('',#10736,#10741);
#10736 = PLANE('',#10737);
#10737 = AXIS2_PLACEMENT_3D('',#10738,#10739,#10740);
#10738 = CARTESIAN_POINT('',(4.,-1.635E+03,161.5));
#10739 = DIRECTION('',(0.,0.,1.));
#10740 = DIRECTION('',(1.,0.,-0.));
#10741 = DEFINITIONAL_REPRESENTATION('',(#10742),#10746);
#10742 = LINE('',#10743,#10744);
#10743 = CARTESIAN_POINT('',(0.,270.));
#10744 = VECTOR('',#10745,1.);
#10745 = DIRECTION('',(1.,0.));
#10746 = ( GEOMETRIC_REPRESENTATION_CONTEXT(2) 
PARAMETRIC_REPRESENTATION_CONTEXT() REPRESENTATION_CONTEXT('2D SPACE',''
  ) );
#10747 = ORIENTED_EDGE('',*,*,#10748,.F.);
#10748 = EDGE_CURVE('',#10749,#10719,#10751,.T.);
#10749 = VERTEX_POINT('',#10750);
#10750 = CARTESIAN_POINT('',(4.,-1.365E+03,158.5));
#10751 = SURFACE_CURVE('',#10752,(#10756,#10763),.PCURVE_S1.);
#10752 = LINE('',#10753,#10754);
#10753 = CARTESIAN_POINT('',(4.,-1.365E+03,158.5));
#10754 = VECTOR('',#10755,1.);
#10755 = DIRECTION('',(0.,0.,1.));
#10756 = PCURVE('',#10388,#10757);
#10757 = DEFINITIONAL_REPRESENTATION('',(#10758),#10762);
#10758 = LINE('',#10759,#10760);
#10759 = CARTESIAN_POINT('',(23.5,5.));
#10760 = VECTOR('',#10761,1.);
#10761 = DIRECTION('',(1.,0.));
#10762 = ( GEOMETRIC_REPRESENTATION_CONTEXT(2) 
PARAMETRIC_REPRESENTATION_CONTEXT() REPRESENTATION_CONTEXT('2D SPACE',''
  ) );
#10763 = PCURVE('',#10764,#10769);
#10764 = PLANE('',#10765);
#10765 = AXIS2_PLACEMENT_3D('',#10766,#10767,#10768);
#10766 = CARTESIAN_POINT('',(4.,-1.635E+03,158.5));
#10767 = DIRECTION('',(1.,0.,-0.));
#10768 = DIRECTION('',(0.,0.,1.));
#10769 = DEFINITIONAL_REPRESENTATION('',(#10770),#10774);
#10770 = LINE('',#10771,#10772);
#10771 = CARTESIAN_POINT('',(0.,-270.));
#10772 = VECTOR('',#10773,1.);
#10773 = DIRECTION('',(1.,0.));
#10774 = ( GEOMETRIC_REPRESENTATION_CONTEXT(2) 
PARAMETRIC_REPRESENTATION_CONTEXT() REPRESENTATION_CONTEXT('2D SPACE',''
  ) );
#10775 = ORIENTED_EDGE('',*,*,#10776,.T.);
#10776 = EDGE_CURVE('',#10749,#10777,#10779,.T.);
#10777 = VERTEX_POINT('',#10778);
#10778 = CARTESIAN_POINT('',(8.,-1.365E+03,158.5));
#10779 = SURFACE_CURVE('',#10780,(#10784,#10791),.PCURVE_S1.);
#10780 = LINE('',#10781,#10782);
#10781 = CARTESIAN_POINT('',(4.,-1.365E+03,158.5));
#10782 = VECTOR('',#10783,1.);
#10783 = DIRECTION('',(1.,0.,-0.));
#10784 = PCURVE('',#10388,#10785);
#10785 = DEFINITIONAL_REPRESENTATION('',(#10786),#10790);
#10786 = LINE('',#10787,#10788);
#10787 = CARTESIAN_POINT('',(23.5,5.));
#10788 = VECTOR('',#10789,1.);
#10789 = DIRECTION('',(0.,1.));
#10790 = ( GEOMETRIC_REPRESENTATION_CONTEXT(2) 
PARAMETRIC_REPRESENTATION_CONTEXT() REPRESENTATION_CONTEXT('2D SPACE',''
  ) );
#10791 = PCURVE('',#10792,#10797);
#10792 = PLANE('',#10793);
#10793 = AXIS2_PLACEMENT_3D('',#10794,#10795,#10796);
#10794 = CARTESIAN_POINT('',(4.,-1.635E+03,158.5));
#10795 = DIRECTION('',(0.,0.,1.));
#10796 = DIRECTION('',(1.,0.,-0.));
#10797 = DEFINITIONAL_REPRESENTATION('',(#10798),#10802);
#10798 = LINE('',#10799,#10800);
#10799 = CARTESIAN_POINT('',(0.,270.));
#10800 = VECTOR('',#10801,1.);
#10801 = DIRECTION('',(1.,0.));
#10802 = ( GEOMETRIC_REPRESENTATION_CONTEXT(2) 
PARAMETRIC_REPRESENTATION_CONTEXT() REPRESENTATION_CONTEXT('2D SPACE',''
  ) );
#10803 = ORIENTED_EDGE('',*,*,#10804,.T.);
#10804 = EDGE_CURVE('',#10777,#10721,#10805,.T.);
#10805 = SURFACE_CURVE('',#10806,(#10810,#10817),.PCURVE_S1.);
#10806 = LINE('',#10807,#10808);
#10807 = CARTESIAN_POINT('',(8.,-1.365E+03,158.5));
#10808 = VECTOR('',#10809,1.);
#10809 = DIRECTION('',(0.,0.,1.));
#10810 = PCURVE('',#10388,#10811);
#10811 = DEFINITIONAL_REPRESENTATION('',(#10812),#10816);
#10812 = LINE('',#10813,#10814);
#10813 = CARTESIAN_POINT('',(23.5,9.));
#10814 = VECTOR('',#10815,1.);
#10815 = DIRECTION('',(1.,0.));
#10816 = ( GEOMETRIC_REPRESENTATION_CONTEXT(2) 
PARAMETRIC_REPRESENTATION_CONTEXT() REPRESENTATION_CONTEXT('2D SPACE',''
  ) );
#10817 = PCURVE('',#10818,#10823);
#10818 = PLANE('',#10819);
#10819 = AXIS2_PLACEMENT_3D('',#10820,#10821,#10822);
#10820 = CARTESIAN_POINT('',(8.,-1.635E+03,158.5));
#10821 = DIRECTION('',(1.,0.,-0.));
#10822 = DIRECTION('',(0.,0.,1.));
#10823 = DEFINITIONAL_REPRESENTATION('',(#10824),#10828);
#10824 = LINE('',#10825,#10826);
#10825 = CARTESIAN_POINT('',(0.,-270.));
#10826 = VECTOR('',#10827,1.);
#10827 = DIRECTION('',(1.,0.));
#10828 = ( GEOMETRIC_REPRESENTATION_CONTEXT(2) 
PARAMETRIC_REPRESENTATION_CONTEXT() REPRESENTATION_CONTEXT('2D SPACE',''
  ) );
#10829 = FACE_BOUND('',#10830,.F.);
#10830 = EDGE_LOOP('',(#10831,#10861,#10889,#10917));
#10831 = ORIENTED_EDGE('',*,*,#10832,.F.);
#10832 = EDGE_CURVE('',#10833,#10835,#10837,.T.);
#10833 = VERTEX_POINT('',#10834);
#10834 = CARTESIAN_POINT('',(4.,-1.365E+03,186.5));
#10835 = VERTEX_POINT('',#10836);
#10836 = CARTESIAN_POINT('',(8.,-1.365E+03,186.5));
#10837 = SURFACE_CURVE('',#10838,(#10842,#10849),.PCURVE_S1.);
#10838 = LINE('',#10839,#10840);
#10839 = CARTESIAN_POINT('',(4.,-1.365E+03,186.5));
#10840 = VECTOR('',#10841,1.);
#10841 = DIRECTION('',(1.,0.,-0.));
#10842 = PCURVE('',#10388,#10843);
#10843 = DEFINITIONAL_REPRESENTATION('',(#10844),#10848);
#10844 = LINE('',#10845,#10846);
#10845 = CARTESIAN_POINT('',(51.5,5.));
#10846 = VECTOR('',#10847,1.);
#10847 = DIRECTION('',(0.,1.));
#10848 = ( GEOMETRIC_REPRESENTATION_CONTEXT(2) 
PARAMETRIC_REPRESENTATION_CONTEXT() REPRESENTATION_CONTEXT('2D SPACE',''
  ) );
#10849 = PCURVE('',#10850,#10855);
#10850 = PLANE('',#10851);
#10851 = AXIS2_PLACEMENT_3D('',#10852,#10853,#10854);
#10852 = CARTESIAN_POINT('',(4.,-1.635E+03,186.5));
#10853 = DIRECTION('',(0.,0.,1.));
#10854 = DIRECTION('',(1.,0.,-0.));
#10855 = DEFINITIONAL_REPRESENTATION('',(#10856),#10860);
#10856 = LINE('',#10857,#10858);
#10857 = CARTESIAN_POINT('',(0.,270.));
#10858 = VECTOR('',#10859,1.);
#10859 = DIRECTION('',(1.,0.));
#10860 = ( GEOMETRIC_REPRESENTATION_CONTEXT(2) 
PARAMETRIC_REPRESENTATION_CONTEXT() REPRESENTATION_CONTEXT('2D SPACE',''
  ) );
#10861 = ORIENTED_EDGE('',*,*,#10862,.F.);
#10862 = EDGE_CURVE('',#10863,#10833,#10865,.T.);
#10863 = VERTEX_POINT('',#10864);
#10864 = CARTESIAN_POINT('',(4.,-1.365E+03,183.5));
#10865 = SURFACE_CURVE('',#10866,(#10870,#10877),.PCURVE_S1.);
#10866 = LINE('',#10867,#10868);
#10867 = CARTESIAN_POINT('',(4.,-1.365E+03,183.5));
#10868 = VECTOR('',#10869,1.);
#10869 = DIRECTION('',(0.,0.,1.));
#10870 = PCURVE('',#10388,#10871);
#10871 = DEFINITIONAL_REPRESENTATION('',(#10872),#10876);
#10872 = LINE('',#10873,#10874);
#10873 = CARTESIAN_POINT('',(48.5,5.));
#10874 = VECTOR('',#10875,1.);
#10875 = DIRECTION('',(1.,0.));
#10876 = ( GEOMETRIC_REPRESENTATION_CONTEXT(2) 
PARAMETRIC_REPRESENTATION_CONTEXT() REPRESENTATION_CONTEXT('2D SPACE',''
  ) );
#10877 = PCURVE('',#10878,#10883);
#10878 = PLANE('',#10879);
#10879 = AXIS2_PLACEMENT_3D('',#10880,#10881,#10882);
#10880 = CARTESIAN_POINT('',(4.,-1.635E+03,183.5));
#10881 = DIRECTION('',(1.,0.,-0.));
#10882 = DIRECTION('',(0.,0.,1.));
#10883 = DEFINITIONAL_REPRESENTATION('',(#10884),#10888);
#10884 = LINE('',#10885,#10886);
#10885 = CARTESIAN_POINT('',(0.,-270.));
#10886 = VECTOR('',#10887,1.);
#10887 = DIRECTION('',(1.,0.));
#10888 = ( GEOMETRIC_REPRESENTATION_CONTEXT(2) 
PARAMETRIC_REPRESENTATION_CONTEXT() REPRESENTATION_CONTEXT('2D SPACE',''
  ) );
#10889 = ORIENTED_EDGE('',*,*,#10890,.T.);
#10890 = EDGE_CURVE('',#10863,#10891,#10893,.T.);
#10891 = VERTEX_POINT('',#10892);
#10892 = CARTESIAN_POINT('',(8.,-1.365E+03,183.5));
#10893 = SURFACE_CURVE('',#10894,(#10898,#10905),.PCURVE_S1.);
#10894 = LINE('',#10895,#10896);
#10895 = CARTESIAN_POINT('',(4.,-1.365E+03,183.5));
#10896 = VECTOR('',#10897,1.);
#10897 = DIRECTION('',(1.,0.,-0.));
#10898 = PCURVE('',#10388,#10899);
#10899 = DEFINITIONAL_REPRESENTATION('',(#10900),#10904);
#10900 = LINE('',#10901,#10902);
#10901 = CARTESIAN_POINT('',(48.5,5.));
#10902 = VECTOR('',#10903,1.);
#10903 = DIRECTION('',(0.,1.));
#10904 = ( GEOMETRIC_REPRESENTATION_CONTEXT(2) 
PARAMETRIC_REPRESENTATION_CONTEXT() REPRESENTATION_CONTEXT('2D SPACE',''
  ) );
#10905 = PCURVE('',#10906,#10911);
#10906 = PLANE('',#10907);
#10907 = AXIS2_PLACEMENT_3D('',#10908,#10909,#10910);
#10908 = CARTESIAN_POINT('',(4.,-1.635E+03,183.5));
#10909 = DIRECTION('',(0.,0.,1.));
#10910 = DIRECTION('',(1.,0.,-0.));
#10911 = DEFINITIONAL_REPRESENTATION('',(#10912),#10916);
#10912 = LINE('',#10913,#10914);
#10913 = CARTESIAN_POINT('',(0.,270.));
#10914 = VECTOR('',#10915,1.);
#10915 = DIRECTION('',(1.,0.));
#10916 = ( GEOMETRIC_REPRESENTATION_CONTEXT(2) 
PARAMETRIC_REPRESENTATION_CONTEXT() REPRESENTATION_CONTEXT('2D SPACE',''
  ) );
#10917 = ORIENTED_EDGE('',*,*,#10918,.T.);
#10918 = EDGE_CURVE('',#10891,#10835,#10919,.T.);
#10919 = SURFACE_CURVE('',#10920,(#10924,#10931),.PCURVE_S1.);
#10920 = LINE('',#10921,#10922);
#10921 = CARTESIAN_POINT('',(8.,-1.365E+03,183.5));
#10922 = VECTOR('',#10923,1.);
#10923 = DIRECTION('',(0.,0.,1.));
#10924 = PCURVE('',#10388,#10925);
#10925 = DEFINITIONAL_REPRESENTATION('',(#10926),#10930);
#10926 = LINE('',#10927,#10928);
#10927 = CARTESIAN_POINT('',(48.5,9.));
#10928 = VECTOR('',#10929,1.);
#10929 = DIRECTION('',(1.,0.));
#10930 = ( GEOMETRIC_REPRESENTATION_CONTEXT(2) 
PARAMETRIC_REPRESENTATION_CONTEXT() REPRESENTATION_CONTEXT('2D SPACE',''
  ) );
#10931 = PCURVE('',#10932,#10937);
#10932 = PLANE('',#10933);
#10933 = AXIS2_PLACEMENT_3D('',#10934,#10935,#10936);
#10934 = CARTESIAN_POINT('',(8.,-1.635E+03,183.5));
#10935 = DIRECTION('',(1.,0.,-0.));
#10936 = DIRECTION('',(0.,0.,1.));
#10937 = DEFINITIONAL_REPRESENTATION('',(#10938),#10942);
#10938 = LINE('',#10939,#10940);
#10939 = CARTESIAN_POINT('',(0.,-270.));
#10940 = VECTOR('',#10941,1.);
#10941 = DIRECTION('',(1.,0.));
#10942 = ( GEOMETRIC_REPRESENTATION_CONTEXT(2) 
PARAMETRIC_REPRESENTATION_CONTEXT() REPRESENTATION_CONTEXT('2D SPACE',''
  ) );
#10943 = FACE_BOUND('',#10944,.F.);
#10944 = EDGE_LOOP('',(#10945,#10975,#11003,#11031));
#10945 = ORIENTED_EDGE('',*,*,#10946,.F.);
#10946 = EDGE_CURVE('',#10947,#10949,#10951,.T.);
#10947 = VERTEX_POINT('',#10948);
#10948 = CARTESIAN_POINT('',(4.,-1.365E+03,211.5));
#10949 = VERTEX_POINT('',#10950);
#10950 = CARTESIAN_POINT('',(8.,-1.365E+03,211.5));
#10951 = SURFACE_CURVE('',#10952,(#10956,#10963),.PCURVE_S1.);
#10952 = LINE('',#10953,#10954);
#10953 = CARTESIAN_POINT('',(4.,-1.365E+03,211.5));
#10954 = VECTOR('',#10955,1.);
#10955 = DIRECTION('',(1.,0.,-0.));
#10956 = PCURVE('',#10388,#10957);
#10957 = DEFINITIONAL_REPRESENTATION('',(#10958),#10962);
#10958 = LINE('',#10959,#10960);
#10959 = CARTESIAN_POINT('',(76.5,5.));
#10960 = VECTOR('',#10961,1.);
#10961 = DIRECTION('',(0.,1.));
#10962 = ( GEOMETRIC_REPRESENTATION_CONTEXT(2) 
PARAMETRIC_REPRESENTATION_CONTEXT() REPRESENTATION_CONTEXT('2D SPACE',''
  ) );
#10963 = PCURVE('',#10964,#10969);
#10964 = PLANE('',#10965);
#10965 = AXIS2_PLACEMENT_3D('',#10966,#10967,#10968);
#10966 = CARTESIAN_POINT('',(4.,-1.635E+03,211.5));
#10967 = DIRECTION('',(0.,0.,1.));
#10968 = DIRECTION('',(1.,0.,-0.));
#10969 = DEFINITIONAL_REPRESENTATION('',(#10970),#10974);
#10970 = LINE('',#10971,#10972);
#10971 = CARTESIAN_POINT('',(0.,270.));
#10972 = VECTOR('',#10973,1.);
#10973 = DIRECTION('',(1.,0.));
#10974 = ( GEOMETRIC_REPRESENTATION_CONTEXT(2) 
PARAMETRIC_REPRESENTATION_CONTEXT() REPRESENTATION_CONTEXT('2D SPACE',''
  ) );
#10975 = ORIENTED_EDGE('',*,*,#10976,.F.);
#10976 = EDGE_CURVE('',#10977,#10947,#10979,.T.);
#10977 = VERTEX_POINT('',#10978);
#10978 = CARTESIAN_POINT('',(4.,-1.365E+03,208.5));
#10979 = SURFACE_CURVE('',#10980,(#10984,#10991),.PCURVE_S1.);
#10980 = LINE('',#10981,#10982);
#10981 = CARTESIAN_POINT('',(4.,-1.365E+03,208.5));
#10982 = VECTOR('',#10983,1.);
#10983 = DIRECTION('',(0.,0.,1.));
#10984 = PCURVE('',#10388,#10985);
#10985 = DEFINITIONAL_REPRESENTATION('',(#10986),#10990);
#10986 = LINE('',#10987,#10988);
#10987 = CARTESIAN_POINT('',(73.5,5.));
#10988 = VECTOR('',#10989,1.);
#10989 = DIRECTION('',(1.,0.));
#10990 = ( GEOMETRIC_REPRESENTATION_CONTEXT(2) 
PARAMETRIC_REPRESENTATION_CONTEXT() REPRESENTATION_CONTEXT('2D SPACE',''
  ) );
#10991 = PCURVE('',#10992,#10997);
#10992 = PLANE('',#10993);
#10993 = AXIS2_PLACEMENT_3D('',#10994,#10995,#10996);
#10994 = CARTESIAN_POINT('',(4.,-1.635E+03,208.5));
#10995 = DIRECTION('',(1.,0.,-0.));
#10996 = DIRECTION('',(0.,0.,1.));
#10997 = DEFINITIONAL_REPRESENTATION('',(#10998),#11002);
#10998 = LINE('',#10999,#11000);
#10999 = CARTESIAN_POINT('',(0.,-270.));
#11000 = VECTOR('',#11001,1.);
#11001 = DIRECTION('',(1.,0.));
#11002 = ( GEOMETRIC_REPRESENTATION_CONTEXT(2) 
PARAMETRIC_REPRESENTATION_CONTEXT() REPRESENTATION_CONTEXT('2D SPACE',''
  ) );
#11003 = ORIENTED_EDGE('',*,*,#11004,.T.);
#11004 = EDGE_CURVE('',#10977,#11005,#11007,.T.);
#11005 = VERTEX_POINT('',#11006);
#11006 = CARTESIAN_POINT('',(8.,-1.365E+03,208.5));
#11007 = SURFACE_CURVE('',#11008,(#11012,#11019),.PCURVE_S1.);
#11008 = LINE('',#11009,#11010);
#11009 = CARTESIAN_POINT('',(4.,-1.365E+03,208.5));
#11010 = VECTOR('',#11011,1.);
#11011 = DIRECTION('',(1.,0.,-0.));
#11012 = PCURVE('',#10388,#11013);
#11013 = DEFINITIONAL_REPRESENTATION('',(#11014),#11018);
#11014 = LINE('',#11015,#11016);
#11015 = CARTESIAN_POINT('',(73.5,5.));
#11016 = VECTOR('',#11017,1.);
#11017 = DIRECTION('',(0.,1.));
#11018 = ( GEOMETRIC_REPRESENTATION_CONTEXT(2) 
PARAMETRIC_REPRESENTATION_CONTEXT() REPRESENTATION_CONTEXT('2D SPACE',''
  ) );
#11019 = PCURVE('',#11020,#11025);
#11020 = PLANE('',#11021);
#11021 = AXIS2_PLACEMENT_3D('',#11022,#11023,#11024);
#11022 = CARTESIAN_POINT('',(4.,-1.635E+03,208.5));
#11023 = DIRECTION('',(0.,0.,1.));
#11024 = DIRECTION('',(1.,0.,-0.));
#11025 = DEFINITIONAL_REPRESENTATION('',(#11026),#11030);
#11026 = LINE('',#11027,#11028);
#11027 = CARTESIAN_POINT('',(0.,270.));
#11028 = VECTOR('',#11029,1.);
#11029 = DIRECTION('',(1.,0.));
#11030 = ( GEOMETRIC_REPRESENTATION_CONTEXT(2) 
PARAMETRIC_REPRESENTATION_CONTEXT() REPRESENTATION_CONTEXT('2D SPACE',''
  ) );
#11031 = ORIENTED_EDGE('',*,*,#11032,.T.);
#11032 = EDGE_CURVE('',#11005,#10949,#11033,.T.);
#11033 = SURFACE_CURVE('',#11034,(#11038,#11045),.PCURVE_S1.);
#11034 = LINE('',#11035,#11036);
#11035 = CARTESIAN_POINT('',(8.,-1.365E+03,208.5));
#11036 = VECTOR('',#11037,1.);
#11037 = DIRECTION('',(0.,0.,1.));
#11038 = PCURVE('',#10388,#11039);
#11039 = DEFINITIONAL_REPRESENTATION('',(#11040),#11044);
#11040 = LINE('',#11041,#11042);
#11041 = CARTESIAN_POINT('',(73.5,9.));
#11042 = VECTOR('',#11043,1.);
#11043 = DIRECTION('',(1.,0.));
#11044 = ( GEOMETRIC_REPRESENTATION_CONTEXT(2) 
PARAMETRIC_REPRESENTATION_CONTEXT() REPRESENTATION_CONTEXT('2D SPACE',''
  ) );
#11045 = PCURVE('',#11046,#11051);
#11046 = PLANE('',#11047);
#11047 = AXIS2_PLACEMENT_3D('',#11048,#11049,#11050);
#11048 = CARTESIAN_POINT('',(8.,-1.635E+03,208.5));
#11049 = DIRECTION('',(1.,0.,-0.));
#11050 = DIRECTION('',(0.,0.,1.));
#11051 = DEFINITIONAL_REPRESENTATION('',(#11052),#11056);
#11052 = LINE('',#11053,#11054);
#11053 = CARTESIAN_POINT('',(0.,-270.));
#11054 = VECTOR('',#11055,1.);
#11055 = DIRECTION('',(1.,0.));
#11056 = ( GEOMETRIC_REPRESENTATION_CONTEXT(2) 
PARAMETRIC_REPRESENTATION_CONTEXT() REPRESENTATION_CONTEXT('2D SPACE',''
  ) );
#11057 = FACE_BOUND('',#11058,.F.);
#11058 = EDGE_LOOP('',(#11059,#11089,#11117,#11145));
#11059 = ORIENTED_EDGE('',*,*,#11060,.F.);
#11060 = EDGE_CURVE('',#11061,#11063,#11065,.T.);
#11061 = VERTEX_POINT('',#11062);
#11062 = CARTESIAN_POINT('',(4.,-1.365E+03,236.5));
#11063 = VERTEX_POINT('',#11064);
#11064 = CARTESIAN_POINT('',(8.,-1.365E+03,236.5));
#11065 = SURFACE_CURVE('',#11066,(#11070,#11077),.PCURVE_S1.);
#11066 = LINE('',#11067,#11068);
#11067 = CARTESIAN_POINT('',(4.,-1.365E+03,236.5));
#11068 = VECTOR('',#11069,1.);
#11069 = DIRECTION('',(1.,0.,-0.));
#11070 = PCURVE('',#10388,#11071);
#11071 = DEFINITIONAL_REPRESENTATION('',(#11072),#11076);
#11072 = LINE('',#11073,#11074);
#11073 = CARTESIAN_POINT('',(101.5,5.));
#11074 = VECTOR('',#11075,1.);
#11075 = DIRECTION('',(0.,1.));
#11076 = ( GEOMETRIC_REPRESENTATION_CONTEXT(2) 
PARAMETRIC_REPRESENTATION_CONTEXT() REPRESENTATION_CONTEXT('2D SPACE',''
  ) );
#11077 = PCURVE('',#11078,#11083);
#11078 = PLANE('',#11079);
#11079 = AXIS2_PLACEMENT_3D('',#11080,#11081,#11082);
#11080 = CARTESIAN_POINT('',(4.,-1.635E+03,236.5));
#11081 = DIRECTION('',(0.,0.,1.));
#11082 = DIRECTION('',(1.,0.,-0.));
#11083 = DEFINITIONAL_REPRESENTATION('',(#11084),#11088);
#11084 = LINE('',#11085,#11086);
#11085 = CARTESIAN_POINT('',(0.,270.));
#11086 = VECTOR('',#11087,1.);
#11087 = DIRECTION('',(1.,0.));
#11088 = ( GEOMETRIC_REPRESENTATION_CONTEXT(2) 
PARAMETRIC_REPRESENTATION_CONTEXT() REPRESENTATION_CONTEXT('2D SPACE',''
  ) );
#11089 = ORIENTED_EDGE('',*,*,#11090,.F.);
#11090 = EDGE_CURVE('',#11091,#11061,#11093,.T.);
#11091 = VERTEX_POINT('',#11092);
#11092 = CARTESIAN_POINT('',(4.,-1.365E+03,233.5));
#11093 = SURFACE_CURVE('',#11094,(#11098,#11105),.PCURVE_S1.);
#11094 = LINE('',#11095,#11096);
#11095 = CARTESIAN_POINT('',(4.,-1.365E+03,233.5));
#11096 = VECTOR('',#11097,1.);
#11097 = DIRECTION('',(0.,0.,1.));
#11098 = PCURVE('',#10388,#11099);
#11099 = DEFINITIONAL_REPRESENTATION('',(#11100),#11104);
#11100 = LINE('',#11101,#11102);
#11101 = CARTESIAN_POINT('',(98.5,5.));
#11102 = VECTOR('',#11103,1.);
#11103 = DIRECTION('',(1.,0.));
#11104 = ( GEOMETRIC_REPRESENTATION_CONTEXT(2) 
PARAMETRIC_REPRESENTATION_CONTEXT() REPRESENTATION_CONTEXT('2D SPACE',''
  ) );
#11105 = PCURVE('',#11106,#11111);
#11106 = PLANE('',#11107);
#11107 = AXIS2_PLACEMENT_3D('',#11108,#11109,#11110);
#11108 = CARTESIAN_POINT('',(4.,-1.635E+03,233.5));
#11109 = DIRECTION('',(1.,0.,-0.));
#11110 = DIRECTION('',(0.,0.,1.));
#11111 = DEFINITIONAL_REPRESENTATION('',(#11112),#11116);
#11112 = LINE('',#11113,#11114);
#11113 = CARTESIAN_POINT('',(0.,-270.));
#11114 = VECTOR('',#11115,1.);
#11115 = DIRECTION('',(1.,0.));
#11116 = ( GEOMETRIC_REPRESENTATION_CONTEXT(2) 
PARAMETRIC_REPRESENTATION_CONTEXT() REPRESENTATION_CONTEXT('2D SPACE',''
  ) );
#11117 = ORIENTED_EDGE('',*,*,#11118,.T.);
#11118 = EDGE_CURVE('',#11091,#11119,#11121,.T.);
#11119 = VERTEX_POINT('',#11120);
#11120 = CARTESIAN_POINT('',(8.,-1.365E+03,233.5));
#11121 = SURFACE_CURVE('',#11122,(#11126,#11133),.PCURVE_S1.);
#11122 = LINE('',#11123,#11124);
#11123 = CARTESIAN_POINT('',(4.,-1.365E+03,233.5));
#11124 = VECTOR('',#11125,1.);
#11125 = DIRECTION('',(1.,0.,-0.));
#11126 = PCURVE('',#10388,#11127);
#11127 = DEFINITIONAL_REPRESENTATION('',(#11128),#11132);
#11128 = LINE('',#11129,#11130);
#11129 = CARTESIAN_POINT('',(98.5,5.));
#11130 = VECTOR('',#11131,1.);
#11131 = DIRECTION('',(0.,1.));
#11132 = ( GEOMETRIC_REPRESENTATION_CONTEXT(2) 
PARAMETRIC_REPRESENTATION_CONTEXT() REPRESENTATION_CONTEXT('2D SPACE',''
  ) );
#11133 = PCURVE('',#11134,#11139);
#11134 = PLANE('',#11135);
#11135 = AXIS2_PLACEMENT_3D('',#11136,#11137,#11138);
#11136 = CARTESIAN_POINT('',(4.,-1.635E+03,233.5));
#11137 = DIRECTION('',(0.,0.,1.));
#11138 = DIRECTION('',(1.,0.,-0.));
#11139 = DEFINITIONAL_REPRESENTATION('',(#11140),#11144);
#11140 = LINE('',#11141,#11142);
#11141 = CARTESIAN_POINT('',(0.,270.));
#11142 = VECTOR('',#11143,1.);
#11143 = DIRECTION('',(1.,0.));
#11144 = ( GEOMETRIC_REPRESENTATION_CONTEXT(2) 
PARAMETRIC_REPRESENTATION_CONTEXT() REPRESENTATION_CONTEXT('2D SPACE',''
  ) );
#11145 = ORIENTED_EDGE('',*,*,#11146,.T.);
#11146 = EDGE_CURVE('',#11119,#11063,#11147,.T.);
#11147 = SURFACE_CURVE('',#11148,(#11152,#11159),.PCURVE_S1.);
#11148 = LINE('',#11149,#11150);
#11149 = CARTESIAN_POINT('',(8.,-1.365E+03,233.5));
#11150 = VECTOR('',#11151,1.);
#11151 = DIRECTION('',(0.,0.,1.));
#11152 = PCURVE('',#10388,#11153);
#11153 = DEFINITIONAL_REPRESENTATION('',(#11154),#11158);
#11154 = LINE('',#11155,#11156);
#11155 = CARTESIAN_POINT('',(98.5,9.));
#11156 = VECTOR('',#11157,1.);
#11157 = DIRECTION('',(1.,0.));
#11158 = ( GEOMETRIC_REPRESENTATION_CONTEXT(2) 
PARAMETRIC_REPRESENTATION_CONTEXT() REPRESENTATION_CONTEXT('2D SPACE',''
  ) );
#11159 = PCURVE('',#11160,#11165);
#11160 = PLANE('',#11161);
#11161 = AXIS2_PLACEMENT_3D('',#11162,#11163,#11164);
#11162 = CARTESIAN_POINT('',(8.,-1.635E+03,233.5));
#11163 = DIRECTION('',(1.,0.,-0.));
#11164 = DIRECTION('',(0.,0.,1.));
#11165 = DEFINITIONAL_REPRESENTATION('',(#11166),#11170);
#11166 = LINE('',#11167,#11168);
#11167 = CARTESIAN_POINT('',(0.,-270.));
#11168 = VECTOR('',#11169,1.);
#11169 = DIRECTION('',(1.,0.));
#11170 = ( GEOMETRIC_REPRESENTATION_CONTEXT(2) 
PARAMETRIC_REPRESENTATION_CONTEXT() REPRESENTATION_CONTEXT('2D SPACE',''
  ) );
#11171 = ADVANCED_FACE('',(#11172),#10364,.F.);
#11172 = FACE_BOUND('',#11173,.F.);
#11173 = EDGE_LOOP('',(#11174,#11175,#11176,#11199));
#11174 = ORIENTED_EDGE('',*,*,#10674,.F.);
#11175 = ORIENTED_EDGE('',*,*,#10349,.T.);
#11176 = ORIENTED_EDGE('',*,*,#11177,.T.);
#11177 = EDGE_CURVE('',#10324,#11178,#11180,.T.);
#11178 = VERTEX_POINT('',#11179);
#11179 = CARTESIAN_POINT('',(12.,-1.635E+03,265.));
#11180 = SURFACE_CURVE('',#11181,(#11185,#11192),.PCURVE_S1.);
#11181 = LINE('',#11182,#11183);
#11182 = CARTESIAN_POINT('',(-1.,-1.635E+03,265.));
#11183 = VECTOR('',#11184,1.);
#11184 = DIRECTION('',(1.,0.,-0.));
#11185 = PCURVE('',#10364,#11186);
#11186 = DEFINITIONAL_REPRESENTATION('',(#11187),#11191);
#11187 = LINE('',#11188,#11189);
#11188 = CARTESIAN_POINT('',(0.,0.));
#11189 = VECTOR('',#11190,1.);
#11190 = DIRECTION('',(1.,0.));
#11191 = ( GEOMETRIC_REPRESENTATION_CONTEXT(2) 
PARAMETRIC_REPRESENTATION_CONTEXT() REPRESENTATION_CONTEXT('2D SPACE',''
  ) );
#11192 = PCURVE('',#10338,#11193);
#11193 = DEFINITIONAL_REPRESENTATION('',(#11194),#11198);
#11194 = LINE('',#11195,#11196);
#11195 = CARTESIAN_POINT('',(130.,0.));
#11196 = VECTOR('',#11197,1.);
#11197 = DIRECTION('',(0.,1.));
#11198 = ( GEOMETRIC_REPRESENTATION_CONTEXT(2) 
PARAMETRIC_REPRESENTATION_CONTEXT() REPRESENTATION_CONTEXT('2D SPACE',''
  ) );
#11199 = ORIENTED_EDGE('',*,*,#11200,.F.);
#11200 = EDGE_CURVE('',#10675,#11178,#11201,.T.);
#11201 = SURFACE_CURVE('',#11202,(#11206,#11212),.PCURVE_S1.);
#11202 = LINE('',#11203,#11204);
#11203 = CARTESIAN_POINT('',(12.,-1.6425E+03,265.));
#11204 = VECTOR('',#11205,1.);
#11205 = DIRECTION('',(0.,-1.,0.));
#11206 = PCURVE('',#10364,#11207);
#11207 = DEFINITIONAL_REPRESENTATION('',(#11208),#11211);
#11208 = B_SPLINE_CURVE_WITH_KNOTS('',1,(#11209,#11210),.UNSPECIFIED.,
  .F.,.F.,(2,2),(-277.5,-7.5),.PIECEWISE_BEZIER_KNOTS.);
#11209 = CARTESIAN_POINT('',(13.,270.));
#11210 = CARTESIAN_POINT('',(13.,0.));
#11211 = ( GEOMETRIC_REPRESENTATION_CONTEXT(2) 
PARAMETRIC_REPRESENTATION_CONTEXT() REPRESENTATION_CONTEXT('2D SPACE',''
  ) );
#11212 = PCURVE('',#10463,#11213);
#11213 = DEFINITIONAL_REPRESENTATION('',(#11214),#11217);
#11214 = B_SPLINE_CURVE_WITH_KNOTS('',1,(#11215,#11216),.UNSPECIFIED.,
  .F.,.F.,(2,2),(-277.5,-7.5),.PIECEWISE_BEZIER_KNOTS.);
#11215 = CARTESIAN_POINT('',(145.,-285.));
#11216 = CARTESIAN_POINT('',(145.,-15.));
#11217 = ( GEOMETRIC_REPRESENTATION_CONTEXT(2) 
PARAMETRIC_REPRESENTATION_CONTEXT() REPRESENTATION_CONTEXT('2D SPACE',''
  ) );
#11218 = ADVANCED_FACE('',(#11219,#11243,#11337,#11431,#11525),#10338,
  .T.);
#11219 = FACE_BOUND('',#11220,.T.);
#11220 = EDGE_LOOP('',(#11221,#11222,#11223,#11224));
#11221 = ORIENTED_EDGE('',*,*,#10627,.F.);
#11222 = ORIENTED_EDGE('',*,*,#10323,.T.);
#11223 = ORIENTED_EDGE('',*,*,#11177,.T.);
#11224 = ORIENTED_EDGE('',*,*,#11225,.F.);
#11225 = EDGE_CURVE('',#10628,#11178,#11226,.T.);
#11226 = SURFACE_CURVE('',#11227,(#11231,#11237),.PCURVE_S1.);
#11227 = LINE('',#11228,#11229);
#11228 = CARTESIAN_POINT('',(12.,-1.635E+03,127.5));
#11229 = VECTOR('',#11230,1.);
#11230 = DIRECTION('',(0.,0.,1.));
#11231 = PCURVE('',#10338,#11232);
#11232 = DEFINITIONAL_REPRESENTATION('',(#11233),#11236);
#11233 = B_SPLINE_CURVE_WITH_KNOTS('',1,(#11234,#11235),.UNSPECIFIED.,
  .F.,.F.,(2,2),(7.5,137.5),.PIECEWISE_BEZIER_KNOTS.);
#11234 = CARTESIAN_POINT('',(0.,13.));
#11235 = CARTESIAN_POINT('',(130.,13.));
#11236 = ( GEOMETRIC_REPRESENTATION_CONTEXT(2) 
PARAMETRIC_REPRESENTATION_CONTEXT() REPRESENTATION_CONTEXT('2D SPACE',''
  ) );
#11237 = PCURVE('',#10463,#11238);
#11238 = DEFINITIONAL_REPRESENTATION('',(#11239),#11242);
#11239 = B_SPLINE_CURVE_WITH_KNOTS('',1,(#11240,#11241),.UNSPECIFIED.,
  .F.,.F.,(2,2),(7.5,137.5),.PIECEWISE_BEZIER_KNOTS.);
#11240 = CARTESIAN_POINT('',(15.,-15.));
#11241 = CARTESIAN_POINT('',(145.,-15.));
#11242 = ( GEOMETRIC_REPRESENTATION_CONTEXT(2) 
PARAMETRIC_REPRESENTATION_CONTEXT() REPRESENTATION_CONTEXT('2D SPACE',''
  ) );
#11243 = FACE_BOUND('',#11244,.T.);
#11244 = EDGE_LOOP('',(#11245,#11270,#11293,#11316));
#11245 = ORIENTED_EDGE('',*,*,#11246,.F.);
#11246 = EDGE_CURVE('',#11247,#11249,#11251,.T.);
#11247 = VERTEX_POINT('',#11248);
#11248 = CARTESIAN_POINT('',(4.,-1.635E+03,161.5));
#11249 = VERTEX_POINT('',#11250);
#11250 = CARTESIAN_POINT('',(8.,-1.635E+03,161.5));
#11251 = SURFACE_CURVE('',#11252,(#11256,#11263),.PCURVE_S1.);
#11252 = LINE('',#11253,#11254);
#11253 = CARTESIAN_POINT('',(4.,-1.635E+03,161.5));
#11254 = VECTOR('',#11255,1.);
#11255 = DIRECTION('',(1.,0.,-0.));
#11256 = PCURVE('',#10338,#11257);
#11257 = DEFINITIONAL_REPRESENTATION('',(#11258),#11262);
#11258 = LINE('',#11259,#11260);
#11259 = CARTESIAN_POINT('',(26.5,5.));
#11260 = VECTOR('',#11261,1.);
#11261 = DIRECTION('',(0.,1.));
#11262 = ( GEOMETRIC_REPRESENTATION_CONTEXT(2) 
PARAMETRIC_REPRESENTATION_CONTEXT() REPRESENTATION_CONTEXT('2D SPACE',''
  ) );
#11263 = PCURVE('',#10736,#11264);
#11264 = DEFINITIONAL_REPRESENTATION('',(#11265),#11269);
#11265 = LINE('',#11266,#11267);
#11266 = CARTESIAN_POINT('',(0.,0.));
#11267 = VECTOR('',#11268,1.);
#11268 = DIRECTION('',(1.,0.));
#11269 = ( GEOMETRIC_REPRESENTATION_CONTEXT(2) 
PARAMETRIC_REPRESENTATION_CONTEXT() REPRESENTATION_CONTEXT('2D SPACE',''
  ) );
#11270 = ORIENTED_EDGE('',*,*,#11271,.F.);
#11271 = EDGE_CURVE('',#11272,#11247,#11274,.T.);
#11272 = VERTEX_POINT('',#11273);
#11273 = CARTESIAN_POINT('',(4.,-1.635E+03,158.5));
#11274 = SURFACE_CURVE('',#11275,(#11279,#11286),.PCURVE_S1.);
#11275 = LINE('',#11276,#11277);
#11276 = CARTESIAN_POINT('',(4.,-1.635E+03,158.5));
#11277 = VECTOR('',#11278,1.);
#11278 = DIRECTION('',(0.,0.,1.));
#11279 = PCURVE('',#10338,#11280);
#11280 = DEFINITIONAL_REPRESENTATION('',(#11281),#11285);
#11281 = LINE('',#11282,#11283);
#11282 = CARTESIAN_POINT('',(23.5,5.));
#11283 = VECTOR('',#11284,1.);
#11284 = DIRECTION('',(1.,0.));
#11285 = ( GEOMETRIC_REPRESENTATION_CONTEXT(2) 
PARAMETRIC_REPRESENTATION_CONTEXT() REPRESENTATION_CONTEXT('2D SPACE',''
  ) );
#11286 = PCURVE('',#10764,#11287);
#11287 = DEFINITIONAL_REPRESENTATION('',(#11288),#11292);
#11288 = LINE('',#11289,#11290);
#11289 = CARTESIAN_POINT('',(0.,0.));
#11290 = VECTOR('',#11291,1.);
#11291 = DIRECTION('',(1.,0.));
#11292 = ( GEOMETRIC_REPRESENTATION_CONTEXT(2) 
PARAMETRIC_REPRESENTATION_CONTEXT() REPRESENTATION_CONTEXT('2D SPACE',''
  ) );
#11293 = ORIENTED_EDGE('',*,*,#11294,.T.);
#11294 = EDGE_CURVE('',#11272,#11295,#11297,.T.);
#11295 = VERTEX_POINT('',#11296);
#11296 = CARTESIAN_POINT('',(8.,-1.635E+03,158.5));
#11297 = SURFACE_CURVE('',#11298,(#11302,#11309),.PCURVE_S1.);
#11298 = LINE('',#11299,#11300);
#11299 = CARTESIAN_POINT('',(4.,-1.635E+03,158.5));
#11300 = VECTOR('',#11301,1.);
#11301 = DIRECTION('',(1.,0.,-0.));
#11302 = PCURVE('',#10338,#11303);
#11303 = DEFINITIONAL_REPRESENTATION('',(#11304),#11308);
#11304 = LINE('',#11305,#11306);
#11305 = CARTESIAN_POINT('',(23.5,5.));
#11306 = VECTOR('',#11307,1.);
#11307 = DIRECTION('',(0.,1.));
#11308 = ( GEOMETRIC_REPRESENTATION_CONTEXT(2) 
PARAMETRIC_REPRESENTATION_CONTEXT() REPRESENTATION_CONTEXT('2D SPACE',''
  ) );
#11309 = PCURVE('',#10792,#11310);
#11310 = DEFINITIONAL_REPRESENTATION('',(#11311),#11315);
#11311 = LINE('',#11312,#11313);
#11312 = CARTESIAN_POINT('',(0.,0.));
#11313 = VECTOR('',#11314,1.);
#11314 = DIRECTION('',(1.,0.));
#11315 = ( GEOMETRIC_REPRESENTATION_CONTEXT(2) 
PARAMETRIC_REPRESENTATION_CONTEXT() REPRESENTATION_CONTEXT('2D SPACE',''
  ) );
#11316 = ORIENTED_EDGE('',*,*,#11317,.T.);
#11317 = EDGE_CURVE('',#11295,#11249,#11318,.T.);
#11318 = SURFACE_CURVE('',#11319,(#11323,#11330),.PCURVE_S1.);
#11319 = LINE('',#11320,#11321);
#11320 = CARTESIAN_POINT('',(8.,-1.635E+03,158.5));
#11321 = VECTOR('',#11322,1.);
#11322 = DIRECTION('',(0.,0.,1.));
#11323 = PCURVE('',#10338,#11324);
#11324 = DEFINITIONAL_REPRESENTATION('',(#11325),#11329);
#11325 = LINE('',#11326,#11327);
#11326 = CARTESIAN_POINT('',(23.5,9.));
#11327 = VECTOR('',#11328,1.);
#11328 = DIRECTION('',(1.,0.));
#11329 = ( GEOMETRIC_REPRESENTATION_CONTEXT(2) 
PARAMETRIC_REPRESENTATION_CONTEXT() REPRESENTATION_CONTEXT('2D SPACE',''
  ) );
#11330 = PCURVE('',#10818,#11331);
#11331 = DEFINITIONAL_REPRESENTATION('',(#11332),#11336);
#11332 = LINE('',#11333,#11334);
#11333 = CARTESIAN_POINT('',(0.,0.));
#11334 = VECTOR('',#11335,1.);
#11335 = DIRECTION('',(1.,0.));
#11336 = ( GEOMETRIC_REPRESENTATION_CONTEXT(2) 
PARAMETRIC_REPRESENTATION_CONTEXT() REPRESENTATION_CONTEXT('2D SPACE',''
  ) );
#11337 = FACE_BOUND('',#11338,.T.);
#11338 = EDGE_LOOP('',(#11339,#11364,#11387,#11410));
#11339 = ORIENTED_EDGE('',*,*,#11340,.F.);
#11340 = EDGE_CURVE('',#11341,#11343,#11345,.T.);
#11341 = VERTEX_POINT('',#11342);
#11342 = CARTESIAN_POINT('',(4.,-1.635E+03,186.5));
#11343 = VERTEX_POINT('',#11344);
#11344 = CARTESIAN_POINT('',(8.,-1.635E+03,186.5));
#11345 = SURFACE_CURVE('',#11346,(#11350,#11357),.PCURVE_S1.);
#11346 = LINE('',#11347,#11348);
#11347 = CARTESIAN_POINT('',(4.,-1.635E+03,186.5));
#11348 = VECTOR('',#11349,1.);
#11349 = DIRECTION('',(1.,0.,-0.));
#11350 = PCURVE('',#10338,#11351);
#11351 = DEFINITIONAL_REPRESENTATION('',(#11352),#11356);
#11352 = LINE('',#11353,#11354);
#11353 = CARTESIAN_POINT('',(51.5,5.));
#11354 = VECTOR('',#11355,1.);
#11355 = DIRECTION('',(0.,1.));
#11356 = ( GEOMETRIC_REPRESENTATION_CONTEXT(2) 
PARAMETRIC_REPRESENTATION_CONTEXT() REPRESENTATION_CONTEXT('2D SPACE',''
  ) );
#11357 = PCURVE('',#10850,#11358);
#11358 = DEFINITIONAL_REPRESENTATION('',(#11359),#11363);
#11359 = LINE('',#11360,#11361);
#11360 = CARTESIAN_POINT('',(0.,0.));
#11361 = VECTOR('',#11362,1.);
#11362 = DIRECTION('',(1.,0.));
#11363 = ( GEOMETRIC_REPRESENTATION_CONTEXT(2) 
PARAMETRIC_REPRESENTATION_CONTEXT() REPRESENTATION_CONTEXT('2D SPACE',''
  ) );
#11364 = ORIENTED_EDGE('',*,*,#11365,.F.);
#11365 = EDGE_CURVE('',#11366,#11341,#11368,.T.);
#11366 = VERTEX_POINT('',#11367);
#11367 = CARTESIAN_POINT('',(4.,-1.635E+03,183.5));
#11368 = SURFACE_CURVE('',#11369,(#11373,#11380),.PCURVE_S1.);
#11369 = LINE('',#11370,#11371);
#11370 = CARTESIAN_POINT('',(4.,-1.635E+03,183.5));
#11371 = VECTOR('',#11372,1.);
#11372 = DIRECTION('',(0.,0.,1.));
#11373 = PCURVE('',#10338,#11374);
#11374 = DEFINITIONAL_REPRESENTATION('',(#11375),#11379);
#11375 = LINE('',#11376,#11377);
#11376 = CARTESIAN_POINT('',(48.5,5.));
#11377 = VECTOR('',#11378,1.);
#11378 = DIRECTION('',(1.,0.));
#11379 = ( GEOMETRIC_REPRESENTATION_CONTEXT(2) 
PARAMETRIC_REPRESENTATION_CONTEXT() REPRESENTATION_CONTEXT('2D SPACE',''
  ) );
#11380 = PCURVE('',#10878,#11381);
#11381 = DEFINITIONAL_REPRESENTATION('',(#11382),#11386);
#11382 = LINE('',#11383,#11384);
#11383 = CARTESIAN_POINT('',(0.,0.));
#11384 = VECTOR('',#11385,1.);
#11385 = DIRECTION('',(1.,0.));
#11386 = ( GEOMETRIC_REPRESENTATION_CONTEXT(2) 
PARAMETRIC_REPRESENTATION_CONTEXT() REPRESENTATION_CONTEXT('2D SPACE',''
  ) );
#11387 = ORIENTED_EDGE('',*,*,#11388,.T.);
#11388 = EDGE_CURVE('',#11366,#11389,#11391,.T.);
#11389 = VERTEX_POINT('',#11390);
#11390 = CARTESIAN_POINT('',(8.,-1.635E+03,183.5));
#11391 = SURFACE_CURVE('',#11392,(#11396,#11403),.PCURVE_S1.);
#11392 = LINE('',#11393,#11394);
#11393 = CARTESIAN_POINT('',(4.,-1.635E+03,183.5));
#11394 = VECTOR('',#11395,1.);
#11395 = DIRECTION('',(1.,0.,-0.));
#11396 = PCURVE('',#10338,#11397);
#11397 = DEFINITIONAL_REPRESENTATION('',(#11398),#11402);
#11398 = LINE('',#11399,#11400);
#11399 = CARTESIAN_POINT('',(48.5,5.));
#11400 = VECTOR('',#11401,1.);
#11401 = DIRECTION('',(0.,1.));
#11402 = ( GEOMETRIC_REPRESENTATION_CONTEXT(2) 
PARAMETRIC_REPRESENTATION_CONTEXT() REPRESENTATION_CONTEXT('2D SPACE',''
  ) );
#11403 = PCURVE('',#10906,#11404);
#11404 = DEFINITIONAL_REPRESENTATION('',(#11405),#11409);
#11405 = LINE('',#11406,#11407);
#11406 = CARTESIAN_POINT('',(0.,0.));
#11407 = VECTOR('',#11408,1.);
#11408 = DIRECTION('',(1.,0.));
#11409 = ( GEOMETRIC_REPRESENTATION_CONTEXT(2) 
PARAMETRIC_REPRESENTATION_CONTEXT() REPRESENTATION_CONTEXT('2D SPACE',''
  ) );
#11410 = ORIENTED_EDGE('',*,*,#11411,.T.);
#11411 = EDGE_CURVE('',#11389,#11343,#11412,.T.);
#11412 = SURFACE_CURVE('',#11413,(#11417,#11424),.PCURVE_S1.);
#11413 = LINE('',#11414,#11415);
#11414 = CARTESIAN_POINT('',(8.,-1.635E+03,183.5));
#11415 = VECTOR('',#11416,1.);
#11416 = DIRECTION('',(0.,0.,1.));
#11417 = PCURVE('',#10338,#11418);
#11418 = DEFINITIONAL_REPRESENTATION('',(#11419),#11423);
#11419 = LINE('',#11420,#11421);
#11420 = CARTESIAN_POINT('',(48.5,9.));
#11421 = VECTOR('',#11422,1.);
#11422 = DIRECTION('',(1.,0.));
#11423 = ( GEOMETRIC_REPRESENTATION_CONTEXT(2) 
PARAMETRIC_REPRESENTATION_CONTEXT() REPRESENTATION_CONTEXT('2D SPACE',''
  ) );
#11424 = PCURVE('',#10932,#11425);
#11425 = DEFINITIONAL_REPRESENTATION('',(#11426),#11430);
#11426 = LINE('',#11427,#11428);
#11427 = CARTESIAN_POINT('',(0.,0.));
#11428 = VECTOR('',#11429,1.);
#11429 = DIRECTION('',(1.,0.));
#11430 = ( GEOMETRIC_REPRESENTATION_CONTEXT(2) 
PARAMETRIC_REPRESENTATION_CONTEXT() REPRESENTATION_CONTEXT('2D SPACE',''
  ) );
#11431 = FACE_BOUND('',#11432,.T.);
#11432 = EDGE_LOOP('',(#11433,#11458,#11481,#11504));
#11433 = ORIENTED_EDGE('',*,*,#11434,.F.);
#11434 = EDGE_CURVE('',#11435,#11437,#11439,.T.);
#11435 = VERTEX_POINT('',#11436);
#11436 = CARTESIAN_POINT('',(4.,-1.635E+03,211.5));
#11437 = VERTEX_POINT('',#11438);
#11438 = CARTESIAN_POINT('',(8.,-1.635E+03,211.5));
#11439 = SURFACE_CURVE('',#11440,(#11444,#11451),.PCURVE_S1.);
#11440 = LINE('',#11441,#11442);
#11441 = CARTESIAN_POINT('',(4.,-1.635E+03,211.5));
#11442 = VECTOR('',#11443,1.);
#11443 = DIRECTION('',(1.,0.,-0.));
#11444 = PCURVE('',#10338,#11445);
#11445 = DEFINITIONAL_REPRESENTATION('',(#11446),#11450);
#11446 = LINE('',#11447,#11448);
#11447 = CARTESIAN_POINT('',(76.5,5.));
#11448 = VECTOR('',#11449,1.);
#11449 = DIRECTION('',(0.,1.));
#11450 = ( GEOMETRIC_REPRESENTATION_CONTEXT(2) 
PARAMETRIC_REPRESENTATION_CONTEXT() REPRESENTATION_CONTEXT('2D SPACE',''
  ) );
#11451 = PCURVE('',#10964,#11452);
#11452 = DEFINITIONAL_REPRESENTATION('',(#11453),#11457);
#11453 = LINE('',#11454,#11455);
#11454 = CARTESIAN_POINT('',(0.,0.));
#11455 = VECTOR('',#11456,1.);
#11456 = DIRECTION('',(1.,0.));
#11457 = ( GEOMETRIC_REPRESENTATION_CONTEXT(2) 
PARAMETRIC_REPRESENTATION_CONTEXT() REPRESENTATION_CONTEXT('2D SPACE',''
  ) );
#11458 = ORIENTED_EDGE('',*,*,#11459,.F.);
#11459 = EDGE_CURVE('',#11460,#11435,#11462,.T.);
#11460 = VERTEX_POINT('',#11461);
#11461 = CARTESIAN_POINT('',(4.,-1.635E+03,208.5));
#11462 = SURFACE_CURVE('',#11463,(#11467,#11474),.PCURVE_S1.);
#11463 = LINE('',#11464,#11465);
#11464 = CARTESIAN_POINT('',(4.,-1.635E+03,208.5));
#11465 = VECTOR('',#11466,1.);
#11466 = DIRECTION('',(0.,0.,1.));
#11467 = PCURVE('',#10338,#11468);
#11468 = DEFINITIONAL_REPRESENTATION('',(#11469),#11473);
#11469 = LINE('',#11470,#11471);
#11470 = CARTESIAN_POINT('',(73.5,5.));
#11471 = VECTOR('',#11472,1.);
#11472 = DIRECTION('',(1.,0.));
#11473 = ( GEOMETRIC_REPRESENTATION_CONTEXT(2) 
PARAMETRIC_REPRESENTATION_CONTEXT() REPRESENTATION_CONTEXT('2D SPACE',''
  ) );
#11474 = PCURVE('',#10992,#11475);
#11475 = DEFINITIONAL_REPRESENTATION('',(#11476),#11480);
#11476 = LINE('',#11477,#11478);
#11477 = CARTESIAN_POINT('',(0.,0.));
#11478 = VECTOR('',#11479,1.);
#11479 = DIRECTION('',(1.,0.));
#11480 = ( GEOMETRIC_REPRESENTATION_CONTEXT(2) 
PARAMETRIC_REPRESENTATION_CONTEXT() REPRESENTATION_CONTEXT('2D SPACE',''
  ) );
#11481 = ORIENTED_EDGE('',*,*,#11482,.T.);
#11482 = EDGE_CURVE('',#11460,#11483,#11485,.T.);
#11483 = VERTEX_POINT('',#11484);
#11484 = CARTESIAN_POINT('',(8.,-1.635E+03,208.5));
#11485 = SURFACE_CURVE('',#11486,(#11490,#11497),.PCURVE_S1.);
#11486 = LINE('',#11487,#11488);
#11487 = CARTESIAN_POINT('',(4.,-1.635E+03,208.5));
#11488 = VECTOR('',#11489,1.);
#11489 = DIRECTION('',(1.,0.,-0.));
#11490 = PCURVE('',#10338,#11491);
#11491 = DEFINITIONAL_REPRESENTATION('',(#11492),#11496);
#11492 = LINE('',#11493,#11494);
#11493 = CARTESIAN_POINT('',(73.5,5.));
#11494 = VECTOR('',#11495,1.);
#11495 = DIRECTION('',(0.,1.));
#11496 = ( GEOMETRIC_REPRESENTATION_CONTEXT(2) 
PARAMETRIC_REPRESENTATION_CONTEXT() REPRESENTATION_CONTEXT('2D SPACE',''
  ) );
#11497 = PCURVE('',#11020,#11498);
#11498 = DEFINITIONAL_REPRESENTATION('',(#11499),#11503);
#11499 = LINE('',#11500,#11501);
#11500 = CARTESIAN_POINT('',(0.,0.));
#11501 = VECTOR('',#11502,1.);
#11502 = DIRECTION('',(1.,0.));
#11503 = ( GEOMETRIC_REPRESENTATION_CONTEXT(2) 
PARAMETRIC_REPRESENTATION_CONTEXT() REPRESENTATION_CONTEXT('2D SPACE',''
  ) );
#11504 = ORIENTED_EDGE('',*,*,#11505,.T.);
#11505 = EDGE_CURVE('',#11483,#11437,#11506,.T.);
#11506 = SURFACE_CURVE('',#11507,(#11511,#11518),.PCURVE_S1.);
#11507 = LINE('',#11508,#11509);
#11508 = CARTESIAN_POINT('',(8.,-1.635E+03,208.5));
#11509 = VECTOR('',#11510,1.);
#11510 = DIRECTION('',(0.,0.,1.));
#11511 = PCURVE('',#10338,#11512);
#11512 = DEFINITIONAL_REPRESENTATION('',(#11513),#11517);
#11513 = LINE('',#11514,#11515);
#11514 = CARTESIAN_POINT('',(73.5,9.));
#11515 = VECTOR('',#11516,1.);
#11516 = DIRECTION('',(1.,0.));
#11517 = ( GEOMETRIC_REPRESENTATION_CONTEXT(2) 
PARAMETRIC_REPRESENTATION_CONTEXT() REPRESENTATION_CONTEXT('2D SPACE',''
  ) );
#11518 = PCURVE('',#11046,#11519);
#11519 = DEFINITIONAL_REPRESENTATION('',(#11520),#11524);
#11520 = LINE('',#11521,#11522);
#11521 = CARTESIAN_POINT('',(0.,0.));
#11522 = VECTOR('',#11523,1.);
#11523 = DIRECTION('',(1.,0.));
#11524 = ( GEOMETRIC_REPRESENTATION_CONTEXT(2) 
PARAMETRIC_REPRESENTATION_CONTEXT() REPRESENTATION_CONTEXT('2D SPACE',''
  ) );
#11525 = FACE_BOUND('',#11526,.T.);
#11526 = EDGE_LOOP('',(#11527,#11552,#11575,#11598));
#11527 = ORIENTED_EDGE('',*,*,#11528,.F.);
#11528 = EDGE_CURVE('',#11529,#11531,#11533,.T.);
#11529 = VERTEX_POINT('',#11530);
#11530 = CARTESIAN_POINT('',(4.,-1.635E+03,236.5));
#11531 = VERTEX_POINT('',#11532);
#11532 = CARTESIAN_POINT('',(8.,-1.635E+03,236.5));
#11533 = SURFACE_CURVE('',#11534,(#11538,#11545),.PCURVE_S1.);
#11534 = LINE('',#11535,#11536);
#11535 = CARTESIAN_POINT('',(4.,-1.635E+03,236.5));
#11536 = VECTOR('',#11537,1.);
#11537 = DIRECTION('',(1.,0.,-0.));
#11538 = PCURVE('',#10338,#11539);
#11539 = DEFINITIONAL_REPRESENTATION('',(#11540),#11544);
#11540 = LINE('',#11541,#11542);
#11541 = CARTESIAN_POINT('',(101.5,5.));
#11542 = VECTOR('',#11543,1.);
#11543 = DIRECTION('',(0.,1.));
#11544 = ( GEOMETRIC_REPRESENTATION_CONTEXT(2) 
PARAMETRIC_REPRESENTATION_CONTEXT() REPRESENTATION_CONTEXT('2D SPACE',''
  ) );
#11545 = PCURVE('',#11078,#11546);
#11546 = DEFINITIONAL_REPRESENTATION('',(#11547),#11551);
#11547 = LINE('',#11548,#11549);
#11548 = CARTESIAN_POINT('',(0.,0.));
#11549 = VECTOR('',#11550,1.);
#11550 = DIRECTION('',(1.,0.));
#11551 = ( GEOMETRIC_REPRESENTATION_CONTEXT(2) 
PARAMETRIC_REPRESENTATION_CONTEXT() REPRESENTATION_CONTEXT('2D SPACE',''
  ) );
#11552 = ORIENTED_EDGE('',*,*,#11553,.F.);
#11553 = EDGE_CURVE('',#11554,#11529,#11556,.T.);
#11554 = VERTEX_POINT('',#11555);
#11555 = CARTESIAN_POINT('',(4.,-1.635E+03,233.5));
#11556 = SURFACE_CURVE('',#11557,(#11561,#11568),.PCURVE_S1.);
#11557 = LINE('',#11558,#11559);
#11558 = CARTESIAN_POINT('',(4.,-1.635E+03,233.5));
#11559 = VECTOR('',#11560,1.);
#11560 = DIRECTION('',(0.,0.,1.));
#11561 = PCURVE('',#10338,#11562);
#11562 = DEFINITIONAL_REPRESENTATION('',(#11563),#11567);
#11563 = LINE('',#11564,#11565);
#11564 = CARTESIAN_POINT('',(98.5,5.));
#11565 = VECTOR('',#11566,1.);
#11566 = DIRECTION('',(1.,0.));
#11567 = ( GEOMETRIC_REPRESENTATION_CONTEXT(2) 
PARAMETRIC_REPRESENTATION_CONTEXT() REPRESENTATION_CONTEXT('2D SPACE',''
  ) );
#11568 = PCURVE('',#11106,#11569);
#11569 = DEFINITIONAL_REPRESENTATION('',(#11570),#11574);
#11570 = LINE('',#11571,#11572);
#11571 = CARTESIAN_POINT('',(0.,0.));
#11572 = VECTOR('',#11573,1.);
#11573 = DIRECTION('',(1.,0.));
#11574 = ( GEOMETRIC_REPRESENTATION_CONTEXT(2) 
PARAMETRIC_REPRESENTATION_CONTEXT() REPRESENTATION_CONTEXT('2D SPACE',''
  ) );
#11575 = ORIENTED_EDGE('',*,*,#11576,.T.);
#11576 = EDGE_CURVE('',#11554,#11577,#11579,.T.);
#11577 = VERTEX_POINT('',#11578);
#11578 = CARTESIAN_POINT('',(8.,-1.635E+03,233.5));
#11579 = SURFACE_CURVE('',#11580,(#11584,#11591),.PCURVE_S1.);
#11580 = LINE('',#11581,#11582);
#11581 = CARTESIAN_POINT('',(4.,-1.635E+03,233.5));
#11582 = VECTOR('',#11583,1.);
#11583 = DIRECTION('',(1.,0.,-0.));
#11584 = PCURVE('',#10338,#11585);
#11585 = DEFINITIONAL_REPRESENTATION('',(#11586),#11590);
#11586 = LINE('',#11587,#11588);
#11587 = CARTESIAN_POINT('',(98.5,5.));
#11588 = VECTOR('',#11589,1.);
#11589 = DIRECTION('',(0.,1.));
#11590 = ( GEOMETRIC_REPRESENTATION_CONTEXT(2) 
PARAMETRIC_REPRESENTATION_CONTEXT() REPRESENTATION_CONTEXT('2D SPACE',''
  ) );
#11591 = PCURVE('',#11134,#11592);
#11592 = DEFINITIONAL_REPRESENTATION('',(#11593),#11597);
#11593 = LINE('',#11594,#11595);
#11594 = CARTESIAN_POINT('',(0.,0.));
#11595 = VECTOR('',#11596,1.);
#11596 = DIRECTION('',(1.,0.));
#11597 = ( GEOMETRIC_REPRESENTATION_CONTEXT(2) 
PARAMETRIC_REPRESENTATION_CONTEXT() REPRESENTATION_CONTEXT('2D SPACE',''
  ) );
#11598 = ORIENTED_EDGE('',*,*,#11599,.T.);
#11599 = EDGE_CURVE('',#11577,#11531,#11600,.T.);
#11600 = SURFACE_CURVE('',#11601,(#11605,#11612),.PCURVE_S1.);
#11601 = LINE('',#11602,#11603);
#11602 = CARTESIAN_POINT('',(8.,-1.635E+03,233.5));
#11603 = VECTOR('',#11604,1.);
#11604 = DIRECTION('',(0.,0.,1.));
#11605 = PCURVE('',#10338,#11606);
#11606 = DEFINITIONAL_REPRESENTATION('',(#11607),#11611);
#11607 = LINE('',#11608,#11609);
#11608 = CARTESIAN_POINT('',(98.5,9.));
#11609 = VECTOR('',#11610,1.);
#11610 = DIRECTION('',(1.,0.));
#11611 = ( GEOMETRIC_REPRESENTATION_CONTEXT(2) 
PARAMETRIC_REPRESENTATION_CONTEXT() REPRESENTATION_CONTEXT('2D SPACE',''
  ) );
#11612 = PCURVE('',#11160,#11613);
#11613 = DEFINITIONAL_REPRESENTATION('',(#11614),#11618);
#11614 = LINE('',#11615,#11616);
#11615 = CARTESIAN_POINT('',(0.,0.));
#11616 = VECTOR('',#11617,1.);
#11617 = DIRECTION('',(1.,0.));
#11618 = ( GEOMETRIC_REPRESENTATION_CONTEXT(2) 
PARAMETRIC_REPRESENTATION_CONTEXT() REPRESENTATION_CONTEXT('2D SPACE',''
  ) );
#11619 = ADVANCED_FACE('',(#11620,#11626),#10463,.T.);
#11620 = FACE_BOUND('',#11621,.T.);
#11621 = EDGE_LOOP('',(#11622,#11623,#11624,#11625));
#11622 = ORIENTED_EDGE('',*,*,#10449,.F.);
#11623 = ORIENTED_EDGE('',*,*,#10529,.T.);
#11624 = ORIENTED_EDGE('',*,*,#10579,.T.);
#11625 = ORIENTED_EDGE('',*,*,#10480,.F.);
#11626 = FACE_BOUND('',#11627,.T.);
#11627 = EDGE_LOOP('',(#11628,#11629,#11630,#11631));
#11628 = ORIENTED_EDGE('',*,*,#10650,.T.);
#11629 = ORIENTED_EDGE('',*,*,#11225,.T.);
#11630 = ORIENTED_EDGE('',*,*,#11200,.F.);
#11631 = ORIENTED_EDGE('',*,*,#10697,.F.);
#11632 = ADVANCED_FACE('',(#11633),#10736,.T.);
#11633 = FACE_BOUND('',#11634,.T.);
#11634 = EDGE_LOOP('',(#11635,#11656,#11657,#11678));
#11635 = ORIENTED_EDGE('',*,*,#11636,.F.);
#11636 = EDGE_CURVE('',#11247,#10719,#11637,.T.);
#11637 = SURFACE_CURVE('',#11638,(#11642,#11649),.PCURVE_S1.);
#11638 = LINE('',#11639,#11640);
#11639 = CARTESIAN_POINT('',(4.,-1.635E+03,161.5));
#11640 = VECTOR('',#11641,1.);
#11641 = DIRECTION('',(-0.,1.,0.));
#11642 = PCURVE('',#10736,#11643);
#11643 = DEFINITIONAL_REPRESENTATION('',(#11644),#11648);
#11644 = LINE('',#11645,#11646);
#11645 = CARTESIAN_POINT('',(0.,0.));
#11646 = VECTOR('',#11647,1.);
#11647 = DIRECTION('',(0.,1.));
#11648 = ( GEOMETRIC_REPRESENTATION_CONTEXT(2) 
PARAMETRIC_REPRESENTATION_CONTEXT() REPRESENTATION_CONTEXT('2D SPACE',''
  ) );
#11649 = PCURVE('',#10764,#11650);
#11650 = DEFINITIONAL_REPRESENTATION('',(#11651),#11655);
#11651 = LINE('',#11652,#11653);
#11652 = CARTESIAN_POINT('',(3.,0.));
#11653 = VECTOR('',#11654,1.);
#11654 = DIRECTION('',(0.,-1.));
#11655 = ( GEOMETRIC_REPRESENTATION_CONTEXT(2) 
PARAMETRIC_REPRESENTATION_CONTEXT() REPRESENTATION_CONTEXT('2D SPACE',''
  ) );
#11656 = ORIENTED_EDGE('',*,*,#11246,.T.);
#11657 = ORIENTED_EDGE('',*,*,#11658,.T.);
#11658 = EDGE_CURVE('',#11249,#10721,#11659,.T.);
#11659 = SURFACE_CURVE('',#11660,(#11664,#11671),.PCURVE_S1.);
#11660 = LINE('',#11661,#11662);
#11661 = CARTESIAN_POINT('',(8.,-1.635E+03,161.5));
#11662 = VECTOR('',#11663,1.);
#11663 = DIRECTION('',(-0.,1.,0.));
#11664 = PCURVE('',#10736,#11665);
#11665 = DEFINITIONAL_REPRESENTATION('',(#11666),#11670);
#11666 = LINE('',#11667,#11668);
#11667 = CARTESIAN_POINT('',(4.,0.));
#11668 = VECTOR('',#11669,1.);
#11669 = DIRECTION('',(0.,1.));
#11670 = ( GEOMETRIC_REPRESENTATION_CONTEXT(2) 
PARAMETRIC_REPRESENTATION_CONTEXT() REPRESENTATION_CONTEXT('2D SPACE',''
  ) );
#11671 = PCURVE('',#10818,#11672);
#11672 = DEFINITIONAL_REPRESENTATION('',(#11673),#11677);
#11673 = LINE('',#11674,#11675);
#11674 = CARTESIAN_POINT('',(3.,0.));
#11675 = VECTOR('',#11676,1.);
#11676 = DIRECTION('',(0.,-1.));
#11677 = ( GEOMETRIC_REPRESENTATION_CONTEXT(2) 
PARAMETRIC_REPRESENTATION_CONTEXT() REPRESENTATION_CONTEXT('2D SPACE',''
  ) );
#11678 = ORIENTED_EDGE('',*,*,#10718,.F.);
#11679 = ADVANCED_FACE('',(#11680),#10818,.T.);
#11680 = FACE_BOUND('',#11681,.T.);
#11681 = EDGE_LOOP('',(#11682,#11683,#11704,#11705));
#11682 = ORIENTED_EDGE('',*,*,#11317,.F.);
#11683 = ORIENTED_EDGE('',*,*,#11684,.T.);
#11684 = EDGE_CURVE('',#11295,#10777,#11685,.T.);
#11685 = SURFACE_CURVE('',#11686,(#11690,#11697),.PCURVE_S1.);
#11686 = LINE('',#11687,#11688);
#11687 = CARTESIAN_POINT('',(8.,-1.635E+03,158.5));
#11688 = VECTOR('',#11689,1.);
#11689 = DIRECTION('',(-0.,1.,0.));
#11690 = PCURVE('',#10818,#11691);
#11691 = DEFINITIONAL_REPRESENTATION('',(#11692),#11696);
#11692 = LINE('',#11693,#11694);
#11693 = CARTESIAN_POINT('',(0.,0.));
#11694 = VECTOR('',#11695,1.);
#11695 = DIRECTION('',(0.,-1.));
#11696 = ( GEOMETRIC_REPRESENTATION_CONTEXT(2) 
PARAMETRIC_REPRESENTATION_CONTEXT() REPRESENTATION_CONTEXT('2D SPACE',''
  ) );
#11697 = PCURVE('',#10792,#11698);
#11698 = DEFINITIONAL_REPRESENTATION('',(#11699),#11703);
#11699 = LINE('',#11700,#11701);
#11700 = CARTESIAN_POINT('',(4.,0.));
#11701 = VECTOR('',#11702,1.);
#11702 = DIRECTION('',(0.,1.));
#11703 = ( GEOMETRIC_REPRESENTATION_CONTEXT(2) 
PARAMETRIC_REPRESENTATION_CONTEXT() REPRESENTATION_CONTEXT('2D SPACE',''
  ) );
#11704 = ORIENTED_EDGE('',*,*,#10804,.T.);
#11705 = ORIENTED_EDGE('',*,*,#11658,.F.);
#11706 = ADVANCED_FACE('',(#11707),#10792,.F.);
#11707 = FACE_BOUND('',#11708,.F.);
#11708 = EDGE_LOOP('',(#11709,#11730,#11731,#11732));
#11709 = ORIENTED_EDGE('',*,*,#11710,.F.);
#11710 = EDGE_CURVE('',#11272,#10749,#11711,.T.);
#11711 = SURFACE_CURVE('',#11712,(#11716,#11723),.PCURVE_S1.);
#11712 = LINE('',#11713,#11714);
#11713 = CARTESIAN_POINT('',(4.,-1.635E+03,158.5));
#11714 = VECTOR('',#11715,1.);
#11715 = DIRECTION('',(-0.,1.,0.));
#11716 = PCURVE('',#10792,#11717);
#11717 = DEFINITIONAL_REPRESENTATION('',(#11718),#11722);
#11718 = LINE('',#11719,#11720);
#11719 = CARTESIAN_POINT('',(0.,0.));
#11720 = VECTOR('',#11721,1.);
#11721 = DIRECTION('',(0.,1.));
#11722 = ( GEOMETRIC_REPRESENTATION_CONTEXT(2) 
PARAMETRIC_REPRESENTATION_CONTEXT() REPRESENTATION_CONTEXT('2D SPACE',''
  ) );
#11723 = PCURVE('',#10764,#11724);
#11724 = DEFINITIONAL_REPRESENTATION('',(#11725),#11729);
#11725 = LINE('',#11726,#11727);
#11726 = CARTESIAN_POINT('',(0.,0.));
#11727 = VECTOR('',#11728,1.);
#11728 = DIRECTION('',(0.,-1.));
#11729 = ( GEOMETRIC_REPRESENTATION_CONTEXT(2) 
PARAMETRIC_REPRESENTATION_CONTEXT() REPRESENTATION_CONTEXT('2D SPACE',''
  ) );
#11730 = ORIENTED_EDGE('',*,*,#11294,.T.);
#11731 = ORIENTED_EDGE('',*,*,#11684,.T.);
#11732 = ORIENTED_EDGE('',*,*,#10776,.F.);
#11733 = ADVANCED_FACE('',(#11734),#10764,.F.);
#11734 = FACE_BOUND('',#11735,.F.);
#11735 = EDGE_LOOP('',(#11736,#11737,#11738,#11739));
#11736 = ORIENTED_EDGE('',*,*,#11271,.F.);
#11737 = ORIENTED_EDGE('',*,*,#11710,.T.);
#11738 = ORIENTED_EDGE('',*,*,#10748,.T.);
#11739 = ORIENTED_EDGE('',*,*,#11636,.F.);
#11740 = ADVANCED_FACE('',(#11741),#10850,.T.);
#11741 = FACE_BOUND('',#11742,.T.);
#11742 = EDGE_LOOP('',(#11743,#11764,#11765,#11786));
#11743 = ORIENTED_EDGE('',*,*,#11744,.F.);
#11744 = EDGE_CURVE('',#11341,#10833,#11745,.T.);
#11745 = SURFACE_CURVE('',#11746,(#11750,#11757),.PCURVE_S1.);
#11746 = LINE('',#11747,#11748);
#11747 = CARTESIAN_POINT('',(4.,-1.635E+03,186.5));
#11748 = VECTOR('',#11749,1.);
#11749 = DIRECTION('',(-0.,1.,0.));
#11750 = PCURVE('',#10850,#11751);
#11751 = DEFINITIONAL_REPRESENTATION('',(#11752),#11756);
#11752 = LINE('',#11753,#11754);
#11753 = CARTESIAN_POINT('',(0.,0.));
#11754 = VECTOR('',#11755,1.);
#11755 = DIRECTION('',(0.,1.));
#11756 = ( GEOMETRIC_REPRESENTATION_CONTEXT(2) 
PARAMETRIC_REPRESENTATION_CONTEXT() REPRESENTATION_CONTEXT('2D SPACE',''
  ) );
#11757 = PCURVE('',#10878,#11758);
#11758 = DEFINITIONAL_REPRESENTATION('',(#11759),#11763);
#11759 = LINE('',#11760,#11761);
#11760 = CARTESIAN_POINT('',(3.,0.));
#11761 = VECTOR('',#11762,1.);
#11762 = DIRECTION('',(0.,-1.));
#11763 = ( GEOMETRIC_REPRESENTATION_CONTEXT(2) 
PARAMETRIC_REPRESENTATION_CONTEXT() REPRESENTATION_CONTEXT('2D SPACE',''
  ) );
#11764 = ORIENTED_EDGE('',*,*,#11340,.T.);
#11765 = ORIENTED_EDGE('',*,*,#11766,.T.);
#11766 = EDGE_CURVE('',#11343,#10835,#11767,.T.);
#11767 = SURFACE_CURVE('',#11768,(#11772,#11779),.PCURVE_S1.);
#11768 = LINE('',#11769,#11770);
#11769 = CARTESIAN_POINT('',(8.,-1.635E+03,186.5));
#11770 = VECTOR('',#11771,1.);
#11771 = DIRECTION('',(-0.,1.,0.));
#11772 = PCURVE('',#10850,#11773);
#11773 = DEFINITIONAL_REPRESENTATION('',(#11774),#11778);
#11774 = LINE('',#11775,#11776);
#11775 = CARTESIAN_POINT('',(4.,0.));
#11776 = VECTOR('',#11777,1.);
#11777 = DIRECTION('',(0.,1.));
#11778 = ( GEOMETRIC_REPRESENTATION_CONTEXT(2) 
PARAMETRIC_REPRESENTATION_CONTEXT() REPRESENTATION_CONTEXT('2D SPACE',''
  ) );
#11779 = PCURVE('',#10932,#11780);
#11780 = DEFINITIONAL_REPRESENTATION('',(#11781),#11785);
#11781 = LINE('',#11782,#11783);
#11782 = CARTESIAN_POINT('',(3.,0.));
#11783 = VECTOR('',#11784,1.);
#11784 = DIRECTION('',(0.,-1.));
#11785 = ( GEOMETRIC_REPRESENTATION_CONTEXT(2) 
PARAMETRIC_REPRESENTATION_CONTEXT() REPRESENTATION_CONTEXT('2D SPACE',''
  ) );
#11786 = ORIENTED_EDGE('',*,*,#10832,.F.);
#11787 = ADVANCED_FACE('',(#11788),#10932,.T.);
#11788 = FACE_BOUND('',#11789,.T.);
#11789 = EDGE_LOOP('',(#11790,#11791,#11812,#11813));
#11790 = ORIENTED_EDGE('',*,*,#11411,.F.);
#11791 = ORIENTED_EDGE('',*,*,#11792,.T.);
#11792 = EDGE_CURVE('',#11389,#10891,#11793,.T.);
#11793 = SURFACE_CURVE('',#11794,(#11798,#11805),.PCURVE_S1.);
#11794 = LINE('',#11795,#11796);
#11795 = CARTESIAN_POINT('',(8.,-1.635E+03,183.5));
#11796 = VECTOR('',#11797,1.);
#11797 = DIRECTION('',(-0.,1.,0.));
#11798 = PCURVE('',#10932,#11799);
#11799 = DEFINITIONAL_REPRESENTATION('',(#11800),#11804);
#11800 = LINE('',#11801,#11802);
#11801 = CARTESIAN_POINT('',(0.,0.));
#11802 = VECTOR('',#11803,1.);
#11803 = DIRECTION('',(0.,-1.));
#11804 = ( GEOMETRIC_REPRESENTATION_CONTEXT(2) 
PARAMETRIC_REPRESENTATION_CONTEXT() REPRESENTATION_CONTEXT('2D SPACE',''
  ) );
#11805 = PCURVE('',#10906,#11806);
#11806 = DEFINITIONAL_REPRESENTATION('',(#11807),#11811);
#11807 = LINE('',#11808,#11809);
#11808 = CARTESIAN_POINT('',(4.,0.));
#11809 = VECTOR('',#11810,1.);
#11810 = DIRECTION('',(0.,1.));
#11811 = ( GEOMETRIC_REPRESENTATION_CONTEXT(2) 
PARAMETRIC_REPRESENTATION_CONTEXT() REPRESENTATION_CONTEXT('2D SPACE',''
  ) );
#11812 = ORIENTED_EDGE('',*,*,#10918,.T.);
#11813 = ORIENTED_EDGE('',*,*,#11766,.F.);
#11814 = ADVANCED_FACE('',(#11815),#10906,.F.);
#11815 = FACE_BOUND('',#11816,.F.);
#11816 = EDGE_LOOP('',(#11817,#11838,#11839,#11840));
#11817 = ORIENTED_EDGE('',*,*,#11818,.F.);
#11818 = EDGE_CURVE('',#11366,#10863,#11819,.T.);
#11819 = SURFACE_CURVE('',#11820,(#11824,#11831),.PCURVE_S1.);
#11820 = LINE('',#11821,#11822);
#11821 = CARTESIAN_POINT('',(4.,-1.635E+03,183.5));
#11822 = VECTOR('',#11823,1.);
#11823 = DIRECTION('',(-0.,1.,0.));
#11824 = PCURVE('',#10906,#11825);
#11825 = DEFINITIONAL_REPRESENTATION('',(#11826),#11830);
#11826 = LINE('',#11827,#11828);
#11827 = CARTESIAN_POINT('',(0.,0.));
#11828 = VECTOR('',#11829,1.);
#11829 = DIRECTION('',(0.,1.));
#11830 = ( GEOMETRIC_REPRESENTATION_CONTEXT(2) 
PARAMETRIC_REPRESENTATION_CONTEXT() REPRESENTATION_CONTEXT('2D SPACE',''
  ) );
#11831 = PCURVE('',#10878,#11832);
#11832 = DEFINITIONAL_REPRESENTATION('',(#11833),#11837);
#11833 = LINE('',#11834,#11835);
#11834 = CARTESIAN_POINT('',(0.,0.));
#11835 = VECTOR('',#11836,1.);
#11836 = DIRECTION('',(0.,-1.));
#11837 = ( GEOMETRIC_REPRESENTATION_CONTEXT(2) 
PARAMETRIC_REPRESENTATION_CONTEXT() REPRESENTATION_CONTEXT('2D SPACE',''
  ) );
#11838 = ORIENTED_EDGE('',*,*,#11388,.T.);
#11839 = ORIENTED_EDGE('',*,*,#11792,.T.);
#11840 = ORIENTED_EDGE('',*,*,#10890,.F.);
#11841 = ADVANCED_FACE('',(#11842),#10878,.F.);
#11842 = FACE_BOUND('',#11843,.F.);
#11843 = EDGE_LOOP('',(#11844,#11845,#11846,#11847));
#11844 = ORIENTED_EDGE('',*,*,#11365,.F.);
#11845 = ORIENTED_EDGE('',*,*,#11818,.T.);
#11846 = ORIENTED_EDGE('',*,*,#10862,.T.);
#11847 = ORIENTED_EDGE('',*,*,#11744,.F.);
#11848 = ADVANCED_FACE('',(#11849),#10964,.T.);
#11849 = FACE_BOUND('',#11850,.T.);
#11850 = EDGE_LOOP('',(#11851,#11872,#11873,#11894));
#11851 = ORIENTED_EDGE('',*,*,#11852,.F.);
#11852 = EDGE_CURVE('',#11435,#10947,#11853,.T.);
#11853 = SURFACE_CURVE('',#11854,(#11858,#11865),.PCURVE_S1.);
#11854 = LINE('',#11855,#11856);
#11855 = CARTESIAN_POINT('',(4.,-1.635E+03,211.5));
#11856 = VECTOR('',#11857,1.);
#11857 = DIRECTION('',(-0.,1.,0.));
#11858 = PCURVE('',#10964,#11859);
#11859 = DEFINITIONAL_REPRESENTATION('',(#11860),#11864);
#11860 = LINE('',#11861,#11862);
#11861 = CARTESIAN_POINT('',(0.,0.));
#11862 = VECTOR('',#11863,1.);
#11863 = DIRECTION('',(0.,1.));
#11864 = ( GEOMETRIC_REPRESENTATION_CONTEXT(2) 
PARAMETRIC_REPRESENTATION_CONTEXT() REPRESENTATION_CONTEXT('2D SPACE',''
  ) );
#11865 = PCURVE('',#10992,#11866);
#11866 = DEFINITIONAL_REPRESENTATION('',(#11867),#11871);
#11867 = LINE('',#11868,#11869);
#11868 = CARTESIAN_POINT('',(3.,0.));
#11869 = VECTOR('',#11870,1.);
#11870 = DIRECTION('',(0.,-1.));
#11871 = ( GEOMETRIC_REPRESENTATION_CONTEXT(2) 
PARAMETRIC_REPRESENTATION_CONTEXT() REPRESENTATION_CONTEXT('2D SPACE',''
  ) );
#11872 = ORIENTED_EDGE('',*,*,#11434,.T.);
#11873 = ORIENTED_EDGE('',*,*,#11874,.T.);
#11874 = EDGE_CURVE('',#11437,#10949,#11875,.T.);
#11875 = SURFACE_CURVE('',#11876,(#11880,#11887),.PCURVE_S1.);
#11876 = LINE('',#11877,#11878);
#11877 = CARTESIAN_POINT('',(8.,-1.635E+03,211.5));
#11878 = VECTOR('',#11879,1.);
#11879 = DIRECTION('',(-0.,1.,0.));
#11880 = PCURVE('',#10964,#11881);
#11881 = DEFINITIONAL_REPRESENTATION('',(#11882),#11886);
#11882 = LINE('',#11883,#11884);
#11883 = CARTESIAN_POINT('',(4.,0.));
#11884 = VECTOR('',#11885,1.);
#11885 = DIRECTION('',(0.,1.));
#11886 = ( GEOMETRIC_REPRESENTATION_CONTEXT(2) 
PARAMETRIC_REPRESENTATION_CONTEXT() REPRESENTATION_CONTEXT('2D SPACE',''
  ) );
#11887 = PCURVE('',#11046,#11888);
#11888 = DEFINITIONAL_REPRESENTATION('',(#11889),#11893);
#11889 = LINE('',#11890,#11891);
#11890 = CARTESIAN_POINT('',(3.,0.));
#11891 = VECTOR('',#11892,1.);
#11892 = DIRECTION('',(0.,-1.));
#11893 = ( GEOMETRIC_REPRESENTATION_CONTEXT(2) 
PARAMETRIC_REPRESENTATION_CONTEXT() REPRESENTATION_CONTEXT('2D SPACE',''
  ) );
#11894 = ORIENTED_EDGE('',*,*,#10946,.F.);
#11895 = ADVANCED_FACE('',(#11896),#11046,.T.);
#11896 = FACE_BOUND('',#11897,.T.);
#11897 = EDGE_LOOP('',(#11898,#11899,#11920,#11921));
#11898 = ORIENTED_EDGE('',*,*,#11505,.F.);
#11899 = ORIENTED_EDGE('',*,*,#11900,.T.);
#11900 = EDGE_CURVE('',#11483,#11005,#11901,.T.);
#11901 = SURFACE_CURVE('',#11902,(#11906,#11913),.PCURVE_S1.);
#11902 = LINE('',#11903,#11904);
#11903 = CARTESIAN_POINT('',(8.,-1.635E+03,208.5));
#11904 = VECTOR('',#11905,1.);
#11905 = DIRECTION('',(-0.,1.,0.));
#11906 = PCURVE('',#11046,#11907);
#11907 = DEFINITIONAL_REPRESENTATION('',(#11908),#11912);
#11908 = LINE('',#11909,#11910);
#11909 = CARTESIAN_POINT('',(0.,0.));
#11910 = VECTOR('',#11911,1.);
#11911 = DIRECTION('',(0.,-1.));
#11912 = ( GEOMETRIC_REPRESENTATION_CONTEXT(2) 
PARAMETRIC_REPRESENTATION_CONTEXT() REPRESENTATION_CONTEXT('2D SPACE',''
  ) );
#11913 = PCURVE('',#11020,#11914);
#11914 = DEFINITIONAL_REPRESENTATION('',(#11915),#11919);
#11915 = LINE('',#11916,#11917);
#11916 = CARTESIAN_POINT('',(4.,0.));
#11917 = VECTOR('',#11918,1.);
#11918 = DIRECTION('',(0.,1.));
#11919 = ( GEOMETRIC_REPRESENTATION_CONTEXT(2) 
PARAMETRIC_REPRESENTATION_CONTEXT() REPRESENTATION_CONTEXT('2D SPACE',''
  ) );
#11920 = ORIENTED_EDGE('',*,*,#11032,.T.);
#11921 = ORIENTED_EDGE('',*,*,#11874,.F.);
#11922 = ADVANCED_FACE('',(#11923),#11020,.F.);
#11923 = FACE_BOUND('',#11924,.F.);
#11924 = EDGE_LOOP('',(#11925,#11946,#11947,#11948));
#11925 = ORIENTED_EDGE('',*,*,#11926,.F.);
#11926 = EDGE_CURVE('',#11460,#10977,#11927,.T.);
#11927 = SURFACE_CURVE('',#11928,(#11932,#11939),.PCURVE_S1.);
#11928 = LINE('',#11929,#11930);
#11929 = CARTESIAN_POINT('',(4.,-1.635E+03,208.5));
#11930 = VECTOR('',#11931,1.);
#11931 = DIRECTION('',(-0.,1.,0.));
#11932 = PCURVE('',#11020,#11933);
#11933 = DEFINITIONAL_REPRESENTATION('',(#11934),#11938);
#11934 = LINE('',#11935,#11936);
#11935 = CARTESIAN_POINT('',(0.,0.));
#11936 = VECTOR('',#11937,1.);
#11937 = DIRECTION('',(0.,1.));
#11938 = ( GEOMETRIC_REPRESENTATION_CONTEXT(2) 
PARAMETRIC_REPRESENTATION_CONTEXT() REPRESENTATION_CONTEXT('2D SPACE',''
  ) );
#11939 = PCURVE('',#10992,#11940);
#11940 = DEFINITIONAL_REPRESENTATION('',(#11941),#11945);
#11941 = LINE('',#11942,#11943);
#11942 = CARTESIAN_POINT('',(0.,0.));
#11943 = VECTOR('',#11944,1.);
#11944 = DIRECTION('',(0.,-1.));
#11945 = ( GEOMETRIC_REPRESENTATION_CONTEXT(2) 
PARAMETRIC_REPRESENTATION_CONTEXT() REPRESENTATION_CONTEXT('2D SPACE',''
  ) );
#11946 = ORIENTED_EDGE('',*,*,#11482,.T.);
#11947 = ORIENTED_EDGE('',*,*,#11900,.T.);
#11948 = ORIENTED_EDGE('',*,*,#11004,.F.);
#11949 = ADVANCED_FACE('',(#11950),#10992,.F.);
#11950 = FACE_BOUND('',#11951,.F.);
#11951 = EDGE_LOOP('',(#11952,#11953,#11954,#11955));
#11952 = ORIENTED_EDGE('',*,*,#11459,.F.);
#11953 = ORIENTED_EDGE('',*,*,#11926,.T.);
#11954 = ORIENTED_EDGE('',*,*,#10976,.T.);
#11955 = ORIENTED_EDGE('',*,*,#11852,.F.);
#11956 = ADVANCED_FACE('',(#11957),#11078,.T.);
#11957 = FACE_BOUND('',#11958,.T.);
#11958 = EDGE_LOOP('',(#11959,#11980,#11981,#12002));
#11959 = ORIENTED_EDGE('',*,*,#11960,.F.);
#11960 = EDGE_CURVE('',#11529,#11061,#11961,.T.);
#11961 = SURFACE_CURVE('',#11962,(#11966,#11973),.PCURVE_S1.);
#11962 = LINE('',#11963,#11964);
#11963 = CARTESIAN_POINT('',(4.,-1.635E+03,236.5));
#11964 = VECTOR('',#11965,1.);
#11965 = DIRECTION('',(-0.,1.,0.));
#11966 = PCURVE('',#11078,#11967);
#11967 = DEFINITIONAL_REPRESENTATION('',(#11968),#11972);
#11968 = LINE('',#11969,#11970);
#11969 = CARTESIAN_POINT('',(0.,0.));
#11970 = VECTOR('',#11971,1.);
#11971 = DIRECTION('',(0.,1.));
#11972 = ( GEOMETRIC_REPRESENTATION_CONTEXT(2) 
PARAMETRIC_REPRESENTATION_CONTEXT() REPRESENTATION_CONTEXT('2D SPACE',''
  ) );
#11973 = PCURVE('',#11106,#11974);
#11974 = DEFINITIONAL_REPRESENTATION('',(#11975),#11979);
#11975 = LINE('',#11976,#11977);
#11976 = CARTESIAN_POINT('',(3.,0.));
#11977 = VECTOR('',#11978,1.);
#11978 = DIRECTION('',(0.,-1.));
#11979 = ( GEOMETRIC_REPRESENTATION_CONTEXT(2) 
PARAMETRIC_REPRESENTATION_CONTEXT() REPRESENTATION_CONTEXT('2D SPACE',''
  ) );
#11980 = ORIENTED_EDGE('',*,*,#11528,.T.);
#11981 = ORIENTED_EDGE('',*,*,#11982,.T.);
#11982 = EDGE_CURVE('',#11531,#11063,#11983,.T.);
#11983 = SURFACE_CURVE('',#11984,(#11988,#11995),.PCURVE_S1.);
#11984 = LINE('',#11985,#11986);
#11985 = CARTESIAN_POINT('',(8.,-1.635E+03,236.5));
#11986 = VECTOR('',#11987,1.);
#11987 = DIRECTION('',(-0.,1.,0.));
#11988 = PCURVE('',#11078,#11989);
#11989 = DEFINITIONAL_REPRESENTATION('',(#11990),#11994);
#11990 = LINE('',#11991,#11992);
#11991 = CARTESIAN_POINT('',(4.,0.));
#11992 = VECTOR('',#11993,1.);
#11993 = DIRECTION('',(0.,1.));
#11994 = ( GEOMETRIC_REPRESENTATION_CONTEXT(2) 
PARAMETRIC_REPRESENTATION_CONTEXT() REPRESENTATION_CONTEXT('2D SPACE',''
  ) );
#11995 = PCURVE('',#11160,#11996);
#11996 = DEFINITIONAL_REPRESENTATION('',(#11997),#12001);
#11997 = LINE('',#11998,#11999);
#11998 = CARTESIAN_POINT('',(3.,0.));
#11999 = VECTOR('',#12000,1.);
#12000 = DIRECTION('',(0.,-1.));
#12001 = ( GEOMETRIC_REPRESENTATION_CONTEXT(2) 
PARAMETRIC_REPRESENTATION_CONTEXT() REPRESENTATION_CONTEXT('2D SPACE',''
  ) );
#12002 = ORIENTED_EDGE('',*,*,#11060,.F.);
#12003 = ADVANCED_FACE('',(#12004),#11160,.T.);
#12004 = FACE_BOUND('',#12005,.T.);
#12005 = EDGE_LOOP('',(#12006,#12007,#12028,#12029));
#12006 = ORIENTED_EDGE('',*,*,#11599,.F.);
#12007 = ORIENTED_EDGE('',*,*,#12008,.T.);
#12008 = EDGE_CURVE('',#11577,#11119,#12009,.T.);
#12009 = SURFACE_CURVE('',#12010,(#12014,#12021),.PCURVE_S1.);
#12010 = LINE('',#12011,#12012);
#12011 = CARTESIAN_POINT('',(8.,-1.635E+03,233.5));
#12012 = VECTOR('',#12013,1.);
#12013 = DIRECTION('',(-0.,1.,0.));
#12014 = PCURVE('',#11160,#12015);
#12015 = DEFINITIONAL_REPRESENTATION('',(#12016),#12020);
#12016 = LINE('',#12017,#12018);
#12017 = CARTESIAN_POINT('',(0.,0.));
#12018 = VECTOR('',#12019,1.);
#12019 = DIRECTION('',(0.,-1.));
#12020 = ( GEOMETRIC_REPRESENTATION_CONTEXT(2) 
PARAMETRIC_REPRESENTATION_CONTEXT() REPRESENTATION_CONTEXT('2D SPACE',''
  ) );
#12021 = PCURVE('',#11134,#12022);
#12022 = DEFINITIONAL_REPRESENTATION('',(#12023),#12027);
#12023 = LINE('',#12024,#12025);
#12024 = CARTESIAN_POINT('',(4.,0.));
#12025 = VECTOR('',#12026,1.);
#12026 = DIRECTION('',(0.,1.));
#12027 = ( GEOMETRIC_REPRESENTATION_CONTEXT(2) 
PARAMETRIC_REPRESENTATION_CONTEXT() REPRESENTATION_CONTEXT('2D SPACE',''
  ) );
#12028 = ORIENTED_EDGE('',*,*,#11146,.T.);
#12029 = ORIENTED_EDGE('',*,*,#11982,.F.);
#12030 = ADVANCED_FACE('',(#12031),#11134,.F.);
#12031 = FACE_BOUND('',#12032,.F.);
#12032 = EDGE_LOOP('',(#12033,#12054,#12055,#12056));
#12033 = ORIENTED_EDGE('',*,*,#12034,.F.);
#12034 = EDGE_CURVE('',#11554,#11091,#12035,.T.);
#12035 = SURFACE_CURVE('',#12036,(#12040,#12047),.PCURVE_S1.);
#12036 = LINE('',#12037,#12038);
#12037 = CARTESIAN_POINT('',(4.,-1.635E+03,233.5));
#12038 = VECTOR('',#12039,1.);
#12039 = DIRECTION('',(-0.,1.,0.));
#12040 = PCURVE('',#11134,#12041);
#12041 = DEFINITIONAL_REPRESENTATION('',(#12042),#12046);
#12042 = LINE('',#12043,#12044);
#12043 = CARTESIAN_POINT('',(0.,0.));
#12044 = VECTOR('',#12045,1.);
#12045 = DIRECTION('',(0.,1.));
#12046 = ( GEOMETRIC_REPRESENTATION_CONTEXT(2) 
PARAMETRIC_REPRESENTATION_CONTEXT() REPRESENTATION_CONTEXT('2D SPACE',''
  ) );
#12047 = PCURVE('',#11106,#12048);
#12048 = DEFINITIONAL_REPRESENTATION('',(#12049),#12053);
#12049 = LINE('',#12050,#12051);
#12050 = CARTESIAN_POINT('',(0.,0.));
#12051 = VECTOR('',#12052,1.);
#12052 = DIRECTION('',(0.,-1.));
#12053 = ( GEOMETRIC_REPRESENTATION_CONTEXT(2) 
PARAMETRIC_REPRESENTATION_CONTEXT() REPRESENTATION_CONTEXT('2D SPACE',''
  ) );
#12054 = ORIENTED_EDGE('',*,*,#11576,.T.);
#12055 = ORIENTED_EDGE('',*,*,#12008,.T.);
#12056 = ORIENTED_EDGE('',*,*,#11118,.F.);
#12057 = ADVANCED_FACE('',(#12058),#11106,.F.);
#12058 = FACE_BOUND('',#12059,.F.);
#12059 = EDGE_LOOP('',(#12060,#12061,#12062,#12063));
#12060 = ORIENTED_EDGE('',*,*,#11553,.F.);
#12061 = ORIENTED_EDGE('',*,*,#12034,.T.);
#12062 = ORIENTED_EDGE('',*,*,#11090,.T.);
#12063 = ORIENTED_EDGE('',*,*,#11960,.F.);
#12064 = ( GEOMETRIC_REPRESENTATION_CONTEXT(3) 
GLOBAL_UNCERTAINTY_ASSIGNED_CONTEXT((#12068)) 
GLOBAL_UNIT_ASSIGNED_CONTEXT((#12065,#12066,#12067)) 
REPRESENTATION_CONTEXT('Context #1',
  '3D Context with UNIT and UNCERTAINTY') );
#12065 = ( LENGTH_UNIT() NAMED_UNIT(*) SI_UNIT(.MILLI.,.METRE.) );
#12066 = ( NAMED_UNIT(*) PLANE_ANGLE_UNIT() SI_UNIT($,.RADIAN.) );
#12067 = ( NAMED_UNIT(*) SI_UNIT($,.STERADIAN.) SOLID_ANGLE_UNIT() );
#12068 = UNCERTAINTY_MEASURE_WITH_UNIT(LENGTH_MEASURE(1.E-07),#12065,
  'distance_accuracy_value','confusion accuracy');
#12069 = CONTEXT_DEPENDENT_SHAPE_REPRESENTATION(#12070,#12072);
#12070 = ( REPRESENTATION_RELATIONSHIP('','',#10169,#10) 
REPRESENTATION_RELATIONSHIP_WITH_TRANSFORMATION(#12071) 
SHAPE_REPRESENTATION_RELATIONSHIP() );
#12071 = ITEM_DEFINED_TRANSFORMATION('','',#11,#51);
#12072 = PRODUCT_DEFINITION_SHAPE('Placement','Placement of an item',
  #12073);
#12073 = NEXT_ASSEMBLY_USAGE_OCCURRENCE('10','=>[0:1:1:11]','',#5,#10164
  ,$);
#12074 = PRODUCT_RELATED_PRODUCT_CATEGORY('part',$,(#10166));
#12075 = SHAPE_DEFINITION_REPRESENTATION(#12076,#12082);
#12076 = PRODUCT_DEFINITION_SHAPE('','',#12077);
#12077 = PRODUCT_DEFINITION('design','',#12078,#12081);
#12078 = PRODUCT_DEFINITION_FORMATION('','',#12079);
#12079 = PRODUCT('COMPOUND','COMPOUND','',(#12080));
#12080 = PRODUCT_CONTEXT('',#2,'mechanical');
#12081 = PRODUCT_DEFINITION_CONTEXT('part definition',#2,'design');
#12082 = ADVANCED_BREP_SHAPE_REPRESENTATION('',(#11,#12083),#13005);
#12083 = MANIFOLD_SOLID_BREP('',#12084);
#12084 = CLOSED_SHELL('',(#12085,#12236,#12312,#12392,#12441,#12468,
    #12523,#12561,#12616,#12620,#12675,#12793,#12797,#12873,#12922,
    #12971,#12998));
#12085 = ADVANCED_FACE('',(#12086,#12205),#12100,.F.);
#12086 = FACE_BOUND('',#12087,.F.);
#12087 = EDGE_LOOP('',(#12088,#12123,#12151,#12179));
#12088 = ORIENTED_EDGE('',*,*,#12089,.F.);
#12089 = EDGE_CURVE('',#12090,#12092,#12094,.T.);
#12090 = VERTEX_POINT('',#12091);
#12091 = CARTESIAN_POINT('',(920.,-192.5,1.2775E+03));
#12092 = VERTEX_POINT('',#12093);
#12093 = CARTESIAN_POINT('',(920.,-192.5,1.3225E+03));
#12094 = SURFACE_CURVE('',#12095,(#12099,#12111),.PCURVE_S1.);
#12095 = LINE('',#12096,#12097);
#12096 = CARTESIAN_POINT('',(920.,-192.5,1.2775E+03));
#12097 = VECTOR('',#12098,1.);
#12098 = DIRECTION('',(0.,0.,1.));
#12099 = PCURVE('',#12100,#12105);
#12100 = PLANE('',#12101);
#12101 = AXIS2_PLACEMENT_3D('',#12102,#12103,#12104);
#12102 = CARTESIAN_POINT('',(920.,-192.5,1.2775E+03));
#12103 = DIRECTION('',(1.,0.,-0.));
#12104 = DIRECTION('',(0.,0.,1.));
#12105 = DEFINITIONAL_REPRESENTATION('',(#12106),#12110);
#12106 = LINE('',#12107,#12108);
#12107 = CARTESIAN_POINT('',(0.,0.));
#12108 = VECTOR('',#12109,1.);
#12109 = DIRECTION('',(1.,0.));
#12110 = ( GEOMETRIC_REPRESENTATION_CONTEXT(2) 
PARAMETRIC_REPRESENTATION_CONTEXT() REPRESENTATION_CONTEXT('2D SPACE',''
  ) );
#12111 = PCURVE('',#12112,#12117);
#12112 = PLANE('',#12113);
#12113 = AXIS2_PLACEMENT_3D('',#12114,#12115,#12116);
#12114 = CARTESIAN_POINT('',(920.,-192.5,1.2775E+03));
#12115 = DIRECTION('',(-0.,1.,0.));
#12116 = DIRECTION('',(0.,0.,1.));
#12117 = DEFINITIONAL_REPRESENTATION('',(#12118),#12122);
#12118 = LINE('',#12119,#12120);
#12119 = CARTESIAN_POINT('',(0.,0.));
#12120 = VECTOR('',#12121,1.);
#12121 = DIRECTION('',(1.,0.));
#12122 = ( GEOMETRIC_REPRESENTATION_CONTEXT(2) 
PARAMETRIC_REPRESENTATION_CONTEXT() REPRESENTATION_CONTEXT('2D SPACE',''
  ) );
#12123 = ORIENTED_EDGE('',*,*,#12124,.T.);
#12124 = EDGE_CURVE('',#12090,#12125,#12127,.T.);
#12125 = VERTEX_POINT('',#12126);
#12126 = CARTESIAN_POINT('',(920.,-147.5,1.2775E+03));
#12127 = SURFACE_CURVE('',#12128,(#12132,#12139),.PCURVE_S1.);
#12128 = LINE('',#12129,#12130);
#12129 = CARTESIAN_POINT('',(920.,-192.5,1.2775E+03));
#12130 = VECTOR('',#12131,1.);
#12131 = DIRECTION('',(-0.,1.,0.));
#12132 = PCURVE('',#12100,#12133);
#12133 = DEFINITIONAL_REPRESENTATION('',(#12134),#12138);
#12134 = LINE('',#12135,#12136);
#12135 = CARTESIAN_POINT('',(0.,0.));
#12136 = VECTOR('',#12137,1.);
#12137 = DIRECTION('',(0.,-1.));
#12138 = ( GEOMETRIC_REPRESENTATION_CONTEXT(2) 
PARAMETRIC_REPRESENTATION_CONTEXT() REPRESENTATION_CONTEXT('2D SPACE',''
  ) );
#12139 = PCURVE('',#12140,#12145);
#12140 = PLANE('',#12141);
#12141 = AXIS2_PLACEMENT_3D('',#12142,#12143,#12144);
#12142 = CARTESIAN_POINT('',(920.,-192.5,1.2775E+03));
#12143 = DIRECTION('',(0.,0.,1.));
#12144 = DIRECTION('',(1.,0.,-0.));
#12145 = DEFINITIONAL_REPRESENTATION('',(#12146),#12150);
#12146 = LINE('',#12147,#12148);
#12147 = CARTESIAN_POINT('',(0.,0.));
#12148 = VECTOR('',#12149,1.);
#12149 = DIRECTION('',(0.,1.));
#12150 = ( GEOMETRIC_REPRESENTATION_CONTEXT(2) 
PARAMETRIC_REPRESENTATION_CONTEXT() REPRESENTATION_CONTEXT('2D SPACE',''
  ) );
#12151 = ORIENTED_EDGE('',*,*,#12152,.T.);
#12152 = EDGE_CURVE('',#12125,#12153,#12155,.T.);
#12153 = VERTEX_POINT('',#12154);
#12154 = CARTESIAN_POINT('',(920.,-147.5,1.3225E+03));
#12155 = SURFACE_CURVE('',#12156,(#12160,#12167),.PCURVE_S1.);
#12156 = LINE('',#12157,#12158);
#12157 = CARTESIAN_POINT('',(920.,-147.5,1.2775E+03));
#12158 = VECTOR('',#12159,1.);
#12159 = DIRECTION('',(0.,0.,1.));
#12160 = PCURVE('',#12100,#12161);
#12161 = DEFINITIONAL_REPRESENTATION('',(#12162),#12166);
#12162 = LINE('',#12163,#12164);
#12163 = CARTESIAN_POINT('',(0.,-45.));
#12164 = VECTOR('',#12165,1.);
#12165 = DIRECTION('',(1.,0.));
#12166 = ( GEOMETRIC_REPRESENTATION_CONTEXT(2) 
PARAMETRIC_REPRESENTATION_CONTEXT() REPRESENTATION_CONTEXT('2D SPACE',''
  ) );
#12167 = PCURVE('',#12168,#12173);
#12168 = PLANE('',#12169);
#12169 = AXIS2_PLACEMENT_3D('',#12170,#12171,#12172);
#12170 = CARTESIAN_POINT('',(920.,-147.5,1.2775E+03));
#12171 = DIRECTION('',(-0.,1.,0.));
#12172 = DIRECTION('',(0.,0.,1.));
#12173 = DEFINITIONAL_REPRESENTATION('',(#12174),#12178);
#12174 = LINE('',#12175,#12176);
#12175 = CARTESIAN_POINT('',(0.,0.));
#12176 = VECTOR('',#12177,1.);
#12177 = DIRECTION('',(1.,0.));
#12178 = ( GEOMETRIC_REPRESENTATION_CONTEXT(2) 
PARAMETRIC_REPRESENTATION_CONTEXT() REPRESENTATION_CONTEXT('2D SPACE',''
  ) );
#12179 = ORIENTED_EDGE('',*,*,#12180,.F.);
#12180 = EDGE_CURVE('',#12092,#12153,#12181,.T.);
#12181 = SURFACE_CURVE('',#12182,(#12186,#12193),.PCURVE_S1.);
#12182 = LINE('',#12183,#12184);
#12183 = CARTESIAN_POINT('',(920.,-192.5,1.3225E+03));
#12184 = VECTOR('',#12185,1.);
#12185 = DIRECTION('',(-0.,1.,0.));
#12186 = PCURVE('',#12100,#12187);
#12187 = DEFINITIONAL_REPRESENTATION('',(#12188),#12192);
#12188 = LINE('',#12189,#12190);
#12189 = CARTESIAN_POINT('',(45.,0.));
#12190 = VECTOR('',#12191,1.);
#12191 = DIRECTION('',(0.,-1.));
#12192 = ( GEOMETRIC_REPRESENTATION_CONTEXT(2) 
PARAMETRIC_REPRESENTATION_CONTEXT() REPRESENTATION_CONTEXT('2D SPACE',''
  ) );
#12193 = PCURVE('',#12194,#12199);
#12194 = PLANE('',#12195);
#12195 = AXIS2_PLACEMENT_3D('',#12196,#12197,#12198);
#12196 = CARTESIAN_POINT('',(920.,-192.5,1.3225E+03));
#12197 = DIRECTION('',(0.,0.,1.));
#12198 = DIRECTION('',(1.,0.,-0.));
#12199 = DEFINITIONAL_REPRESENTATION('',(#12200),#12204);
#12200 = LINE('',#12201,#12202);
#12201 = CARTESIAN_POINT('',(0.,0.));
#12202 = VECTOR('',#12203,1.);
#12203 = DIRECTION('',(0.,1.));
#12204 = ( GEOMETRIC_REPRESENTATION_CONTEXT(2) 
PARAMETRIC_REPRESENTATION_CONTEXT() REPRESENTATION_CONTEXT('2D SPACE',''
  ) );
#12205 = FACE_BOUND('',#12206,.F.);
#12206 = EDGE_LOOP('',(#12207));
#12207 = ORIENTED_EDGE('',*,*,#12208,.F.);
#12208 = EDGE_CURVE('',#12209,#12209,#12211,.T.);
#12209 = VERTEX_POINT('',#12210);
#12210 = CARTESIAN_POINT('',(920.,-170.,1.307E+03));
#12211 = SURFACE_CURVE('',#12212,(#12217,#12224),.PCURVE_S1.);
#12212 = CIRCLE('',#12213,7.);
#12213 = AXIS2_PLACEMENT_3D('',#12214,#12215,#12216);
#12214 = CARTESIAN_POINT('',(920.,-170.,1.3E+03));
#12215 = DIRECTION('',(1.,0.,0.));
#12216 = DIRECTION('',(-0.,0.,1.));
#12217 = PCURVE('',#12100,#12218);
#12218 = DEFINITIONAL_REPRESENTATION('',(#12219),#12223);
#12219 = CIRCLE('',#12220,7.);
#12220 = AXIS2_PLACEMENT_2D('',#12221,#12222);
#12221 = CARTESIAN_POINT('',(22.5,-22.5));
#12222 = DIRECTION('',(1.,0.));
#12223 = ( GEOMETRIC_REPRESENTATION_CONTEXT(2) 
PARAMETRIC_REPRESENTATION_CONTEXT() REPRESENTATION_CONTEXT('2D SPACE',''
  ) );
#12224 = PCURVE('',#12225,#12230);
#12225 = CYLINDRICAL_SURFACE('',#12226,7.);
#12226 = AXIS2_PLACEMENT_3D('',#12227,#12228,#12229);
#12227 = CARTESIAN_POINT('',(908.,-170.,1.3E+03));
#12228 = DIRECTION('',(1.,0.,0.));
#12229 = DIRECTION('',(-0.,0.,1.));
#12230 = DEFINITIONAL_REPRESENTATION('',(#12231),#12235);
#12231 = LINE('',#12232,#12233);
#12232 = CARTESIAN_POINT('',(0.,12.));
#12233 = VECTOR('',#12234,1.);
#12234 = DIRECTION('',(1.,0.));
#12235 = ( GEOMETRIC_REPRESENTATION_CONTEXT(2) 
PARAMETRIC_REPRESENTATION_CONTEXT() REPRESENTATION_CONTEXT('2D SPACE',''
  ) );
#12236 = ADVANCED_FACE('',(#12237),#12112,.F.);
#12237 = FACE_BOUND('',#12238,.F.);
#12238 = EDGE_LOOP('',(#12239,#12262,#12263,#12286));
#12239 = ORIENTED_EDGE('',*,*,#12240,.F.);
#12240 = EDGE_CURVE('',#12090,#12241,#12243,.T.);
#12241 = VERTEX_POINT('',#12242);
#12242 = CARTESIAN_POINT('',(980.,-192.5,1.2775E+03));
#12243 = SURFACE_CURVE('',#12244,(#12248,#12255),.PCURVE_S1.);
#12244 = LINE('',#12245,#12246);
#12245 = CARTESIAN_POINT('',(920.,-192.5,1.2775E+03));
#12246 = VECTOR('',#12247,1.);
#12247 = DIRECTION('',(1.,0.,-0.));
#12248 = PCURVE('',#12112,#12249);
#12249 = DEFINITIONAL_REPRESENTATION('',(#12250),#12254);
#12250 = LINE('',#12251,#12252);
#12251 = CARTESIAN_POINT('',(0.,0.));
#12252 = VECTOR('',#12253,1.);
#12253 = DIRECTION('',(0.,1.));
#12254 = ( GEOMETRIC_REPRESENTATION_CONTEXT(2) 
PARAMETRIC_REPRESENTATION_CONTEXT() REPRESENTATION_CONTEXT('2D SPACE',''
  ) );
#12255 = PCURVE('',#12140,#12256);
#12256 = DEFINITIONAL_REPRESENTATION('',(#12257),#12261);
#12257 = LINE('',#12258,#12259);
#12258 = CARTESIAN_POINT('',(0.,0.));
#12259 = VECTOR('',#12260,1.);
#12260 = DIRECTION('',(1.,0.));
#12261 = ( GEOMETRIC_REPRESENTATION_CONTEXT(2) 
PARAMETRIC_REPRESENTATION_CONTEXT() REPRESENTATION_CONTEXT('2D SPACE',''
  ) );
#12262 = ORIENTED_EDGE('',*,*,#12089,.T.);
#12263 = ORIENTED_EDGE('',*,*,#12264,.T.);
#12264 = EDGE_CURVE('',#12092,#12265,#12267,.T.);
#12265 = VERTEX_POINT('',#12266);
#12266 = CARTESIAN_POINT('',(980.,-192.5,1.3225E+03));
#12267 = SURFACE_CURVE('',#12268,(#12272,#12279),.PCURVE_S1.);
#12268 = LINE('',#12269,#12270);
#12269 = CARTESIAN_POINT('',(920.,-192.5,1.3225E+03));
#12270 = VECTOR('',#12271,1.);
#12271 = DIRECTION('',(1.,0.,-0.));
#12272 = PCURVE('',#12112,#12273);
#12273 = DEFINITIONAL_REPRESENTATION('',(#12274),#12278);
#12274 = LINE('',#12275,#12276);
#12275 = CARTESIAN_POINT('',(45.,0.));
#12276 = VECTOR('',#12277,1.);
#12277 = DIRECTION('',(0.,1.));
#12278 = ( GEOMETRIC_REPRESENTATION_CONTEXT(2) 
PARAMETRIC_REPRESENTATION_CONTEXT() REPRESENTATION_CONTEXT('2D SPACE',''
  ) );
#12279 = PCURVE('',#12194,#12280);
#12280 = DEFINITIONAL_REPRESENTATION('',(#12281),#12285);
#12281 = LINE('',#12282,#12283);
#12282 = CARTESIAN_POINT('',(0.,0.));
#12283 = VECTOR('',#12284,1.);
#12284 = DIRECTION('',(1.,0.));
#12285 = ( GEOMETRIC_REPRESENTATION_CONTEXT(2) 
PARAMETRIC_REPRESENTATION_CONTEXT() REPRESENTATION_CONTEXT('2D SPACE',''
  ) );
#12286 = ORIENTED_EDGE('',*,*,#12287,.F.);
#12287 = EDGE_CURVE('',#12241,#12265,#12288,.T.);
#12288 = SURFACE_CURVE('',#12289,(#12293,#12300),.PCURVE_S1.);
#12289 = LINE('',#12290,#12291);
#12290 = CARTESIAN_POINT('',(980.,-192.5,1.2775E+03));
#12291 = VECTOR('',#12292,1.);
#12292 = DIRECTION('',(0.,0.,1.));
#12293 = PCURVE('',#12112,#12294);
#12294 = DEFINITIONAL_REPRESENTATION('',(#12295),#12299);
#12295 = LINE('',#12296,#12297);
#12296 = CARTESIAN_POINT('',(0.,60.));
#12297 = VECTOR('',#12298,1.);
#12298 = DIRECTION('',(1.,0.));
#12299 = ( GEOMETRIC_REPRESENTATION_CONTEXT(2) 
PARAMETRIC_REPRESENTATION_CONTEXT() REPRESENTATION_CONTEXT('2D SPACE',''
  ) );
#12300 = PCURVE('',#12301,#12306);
#12301 = PLANE('',#12302);
#12302 = AXIS2_PLACEMENT_3D('',#12303,#12304,#12305);
#12303 = CARTESIAN_POINT('',(980.,-192.5,1.2775E+03));
#12304 = DIRECTION('',(1.,0.,-0.));
#12305 = DIRECTION('',(0.,0.,1.));
#12306 = DEFINITIONAL_REPRESENTATION('',(#12307),#12311);
#12307 = LINE('',#12308,#12309);
#12308 = CARTESIAN_POINT('',(0.,0.));
#12309 = VECTOR('',#12310,1.);
#12310 = DIRECTION('',(1.,0.));
#12311 = ( GEOMETRIC_REPRESENTATION_CONTEXT(2) 
PARAMETRIC_REPRESENTATION_CONTEXT() REPRESENTATION_CONTEXT('2D SPACE',''
  ) );
#12312 = ADVANCED_FACE('',(#12313,#12361),#12194,.T.);
#12313 = FACE_BOUND('',#12314,.T.);
#12314 = EDGE_LOOP('',(#12315,#12316,#12317,#12340));
#12315 = ORIENTED_EDGE('',*,*,#12180,.F.);
#12316 = ORIENTED_EDGE('',*,*,#12264,.T.);
#12317 = ORIENTED_EDGE('',*,*,#12318,.T.);
#12318 = EDGE_CURVE('',#12265,#12319,#12321,.T.);
#12319 = VERTEX_POINT('',#12320);
#12320 = CARTESIAN_POINT('',(980.,-147.5,1.3225E+03));
#12321 = SURFACE_CURVE('',#12322,(#12326,#12333),.PCURVE_S1.);
#12322 = LINE('',#12323,#12324);
#12323 = CARTESIAN_POINT('',(980.,-192.5,1.3225E+03));
#12324 = VECTOR('',#12325,1.);
#12325 = DIRECTION('',(-0.,1.,0.));
#12326 = PCURVE('',#12194,#12327);
#12327 = DEFINITIONAL_REPRESENTATION('',(#12328),#12332);
#12328 = LINE('',#12329,#12330);
#12329 = CARTESIAN_POINT('',(60.,0.));
#12330 = VECTOR('',#12331,1.);
#12331 = DIRECTION('',(0.,1.));
#12332 = ( GEOMETRIC_REPRESENTATION_CONTEXT(2) 
PARAMETRIC_REPRESENTATION_CONTEXT() REPRESENTATION_CONTEXT('2D SPACE',''
  ) );
#12333 = PCURVE('',#12301,#12334);
#12334 = DEFINITIONAL_REPRESENTATION('',(#12335),#12339);
#12335 = LINE('',#12336,#12337);
#12336 = CARTESIAN_POINT('',(45.,0.));
#12337 = VECTOR('',#12338,1.);
#12338 = DIRECTION('',(0.,-1.));
#12339 = ( GEOMETRIC_REPRESENTATION_CONTEXT(2) 
PARAMETRIC_REPRESENTATION_CONTEXT() REPRESENTATION_CONTEXT('2D SPACE',''
  ) );
#12340 = ORIENTED_EDGE('',*,*,#12341,.F.);
#12341 = EDGE_CURVE('',#12153,#12319,#12342,.T.);
#12342 = SURFACE_CURVE('',#12343,(#12347,#12354),.PCURVE_S1.);
#12343 = LINE('',#12344,#12345);
#12344 = CARTESIAN_POINT('',(920.,-147.5,1.3225E+03));
#12345 = VECTOR('',#12346,1.);
#12346 = DIRECTION('',(1.,0.,-0.));
#12347 = PCURVE('',#12194,#12348);
#12348 = DEFINITIONAL_REPRESENTATION('',(#12349),#12353);
#12349 = LINE('',#12350,#12351);
#12350 = CARTESIAN_POINT('',(0.,45.));
#12351 = VECTOR('',#12352,1.);
#12352 = DIRECTION('',(1.,0.));
#12353 = ( GEOMETRIC_REPRESENTATION_CONTEXT(2) 
PARAMETRIC_REPRESENTATION_CONTEXT() REPRESENTATION_CONTEXT('2D SPACE',''
  ) );
#12354 = PCURVE('',#12168,#12355);
#12355 = DEFINITIONAL_REPRESENTATION('',(#12356),#12360);
#12356 = LINE('',#12357,#12358);
#12357 = CARTESIAN_POINT('',(45.,0.));
#12358 = VECTOR('',#12359,1.);
#12359 = DIRECTION('',(0.,1.));
#12360 = ( GEOMETRIC_REPRESENTATION_CONTEXT(2) 
PARAMETRIC_REPRESENTATION_CONTEXT() REPRESENTATION_CONTEXT('2D SPACE',''
  ) );
#12361 = FACE_BOUND('',#12362,.T.);
#12362 = EDGE_LOOP('',(#12363));
#12363 = ORIENTED_EDGE('',*,*,#12364,.F.);
#12364 = EDGE_CURVE('',#12365,#12365,#12367,.T.);
#12365 = VERTEX_POINT('',#12366);
#12366 = CARTESIAN_POINT('',(972.,-170.,1.3225E+03));
#12367 = SURFACE_CURVE('',#12368,(#12373,#12380),.PCURVE_S1.);
#12368 = CIRCLE('',#12369,22.);
#12369 = AXIS2_PLACEMENT_3D('',#12370,#12371,#12372);
#12370 = CARTESIAN_POINT('',(950.,-170.,1.3225E+03));
#12371 = DIRECTION('',(0.,0.,1.));
#12372 = DIRECTION('',(1.,0.,-0.));
#12373 = PCURVE('',#12194,#12374);
#12374 = DEFINITIONAL_REPRESENTATION('',(#12375),#12379);
#12375 = CIRCLE('',#12376,22.);
#12376 = AXIS2_PLACEMENT_2D('',#12377,#12378);
#12377 = CARTESIAN_POINT('',(30.,22.5));
#12378 = DIRECTION('',(1.,0.));
#12379 = ( GEOMETRIC_REPRESENTATION_CONTEXT(2) 
PARAMETRIC_REPRESENTATION_CONTEXT() REPRESENTATION_CONTEXT('2D SPACE',''
  ) );
#12380 = PCURVE('',#12381,#12386);
#12381 = CYLINDRICAL_SURFACE('',#12382,22.);
#12382 = AXIS2_PLACEMENT_3D('',#12383,#12384,#12385);
#12383 = CARTESIAN_POINT('',(950.,-170.,1.3225E+03));
#12384 = DIRECTION('',(0.,0.,1.));
#12385 = DIRECTION('',(1.,0.,-0.));
#12386 = DEFINITIONAL_REPRESENTATION('',(#12387),#12391);
#12387 = LINE('',#12388,#12389);
#12388 = CARTESIAN_POINT('',(0.,0.));
#12389 = VECTOR('',#12390,1.);
#12390 = DIRECTION('',(1.,0.));
#12391 = ( GEOMETRIC_REPRESENTATION_CONTEXT(2) 
PARAMETRIC_REPRESENTATION_CONTEXT() REPRESENTATION_CONTEXT('2D SPACE',''
  ) );
#12392 = ADVANCED_FACE('',(#12393),#12140,.F.);
#12393 = FACE_BOUND('',#12394,.F.);
#12394 = EDGE_LOOP('',(#12395,#12396,#12397,#12420));
#12395 = ORIENTED_EDGE('',*,*,#12124,.F.);
#12396 = ORIENTED_EDGE('',*,*,#12240,.T.);
#12397 = ORIENTED_EDGE('',*,*,#12398,.T.);
#12398 = EDGE_CURVE('',#12241,#12399,#12401,.T.);
#12399 = VERTEX_POINT('',#12400);
#12400 = CARTESIAN_POINT('',(980.,-147.5,1.2775E+03));
#12401 = SURFACE_CURVE('',#12402,(#12406,#12413),.PCURVE_S1.);
#12402 = LINE('',#12403,#12404);
#12403 = CARTESIAN_POINT('',(980.,-192.5,1.2775E+03));
#12404 = VECTOR('',#12405,1.);
#12405 = DIRECTION('',(-0.,1.,0.));
#12406 = PCURVE('',#12140,#12407);
#12407 = DEFINITIONAL_REPRESENTATION('',(#12408),#12412);
#12408 = LINE('',#12409,#12410);
#12409 = CARTESIAN_POINT('',(60.,0.));
#12410 = VECTOR('',#12411,1.);
#12411 = DIRECTION('',(0.,1.));
#12412 = ( GEOMETRIC_REPRESENTATION_CONTEXT(2) 
PARAMETRIC_REPRESENTATION_CONTEXT() REPRESENTATION_CONTEXT('2D SPACE',''
  ) );
#12413 = PCURVE('',#12301,#12414);
#12414 = DEFINITIONAL_REPRESENTATION('',(#12415),#12419);
#12415 = LINE('',#12416,#12417);
#12416 = CARTESIAN_POINT('',(0.,0.));
#12417 = VECTOR('',#12418,1.);
#12418 = DIRECTION('',(0.,-1.));
#12419 = ( GEOMETRIC_REPRESENTATION_CONTEXT(2) 
PARAMETRIC_REPRESENTATION_CONTEXT() REPRESENTATION_CONTEXT('2D SPACE',''
  ) );
#12420 = ORIENTED_EDGE('',*,*,#12421,.F.);
#12421 = EDGE_CURVE('',#12125,#12399,#12422,.T.);
#12422 = SURFACE_CURVE('',#12423,(#12427,#12434),.PCURVE_S1.);
#12423 = LINE('',#12424,#12425);
#12424 = CARTESIAN_POINT('',(920.,-147.5,1.2775E+03));
#12425 = VECTOR('',#12426,1.);
#12426 = DIRECTION('',(1.,0.,-0.));
#12427 = PCURVE('',#12140,#12428);
#12428 = DEFINITIONAL_REPRESENTATION('',(#12429),#12433);
#12429 = LINE('',#12430,#12431);
#12430 = CARTESIAN_POINT('',(0.,45.));
#12431 = VECTOR('',#12432,1.);
#12432 = DIRECTION('',(1.,0.));
#12433 = ( GEOMETRIC_REPRESENTATION_CONTEXT(2) 
PARAMETRIC_REPRESENTATION_CONTEXT() REPRESENTATION_CONTEXT('2D SPACE',''
  ) );
#12434 = PCURVE('',#12168,#12435);
#12435 = DEFINITIONAL_REPRESENTATION('',(#12436),#12440);
#12436 = LINE('',#12437,#12438);
#12437 = CARTESIAN_POINT('',(0.,0.));
#12438 = VECTOR('',#12439,1.);
#12439 = DIRECTION('',(0.,1.));
#12440 = ( GEOMETRIC_REPRESENTATION_CONTEXT(2) 
PARAMETRIC_REPRESENTATION_CONTEXT() REPRESENTATION_CONTEXT('2D SPACE',''
  ) );
#12441 = ADVANCED_FACE('',(#12442),#12168,.T.);
#12442 = FACE_BOUND('',#12443,.T.);
#12443 = EDGE_LOOP('',(#12444,#12445,#12446,#12447));
#12444 = ORIENTED_EDGE('',*,*,#12421,.F.);
#12445 = ORIENTED_EDGE('',*,*,#12152,.T.);
#12446 = ORIENTED_EDGE('',*,*,#12341,.T.);
#12447 = ORIENTED_EDGE('',*,*,#12448,.F.);
#12448 = EDGE_CURVE('',#12399,#12319,#12449,.T.);
#12449 = SURFACE_CURVE('',#12450,(#12454,#12461),.PCURVE_S1.);
#12450 = LINE('',#12451,#12452);
#12451 = CARTESIAN_POINT('',(980.,-147.5,1.2775E+03));
#12452 = VECTOR('',#12453,1.);
#12453 = DIRECTION('',(0.,0.,1.));
#12454 = PCURVE('',#12168,#12455);
#12455 = DEFINITIONAL_REPRESENTATION('',(#12456),#12460);
#12456 = LINE('',#12457,#12458);
#12457 = CARTESIAN_POINT('',(0.,60.));
#12458 = VECTOR('',#12459,1.);
#12459 = DIRECTION('',(1.,0.));
#12460 = ( GEOMETRIC_REPRESENTATION_CONTEXT(2) 
PARAMETRIC_REPRESENTATION_CONTEXT() REPRESENTATION_CONTEXT('2D SPACE',''
  ) );
#12461 = PCURVE('',#12301,#12462);
#12462 = DEFINITIONAL_REPRESENTATION('',(#12463),#12467);
#12463 = LINE('',#12464,#12465);
#12464 = CARTESIAN_POINT('',(0.,-45.));
#12465 = VECTOR('',#12466,1.);
#12466 = DIRECTION('',(1.,0.));
#12467 = ( GEOMETRIC_REPRESENTATION_CONTEXT(2) 
PARAMETRIC_REPRESENTATION_CONTEXT() REPRESENTATION_CONTEXT('2D SPACE',''
  ) );
#12468 = ADVANCED_FACE('',(#12469),#12225,.T.);
#12469 = FACE_BOUND('',#12470,.T.);
#12470 = EDGE_LOOP('',(#12471,#12472,#12495,#12522));
#12471 = ORIENTED_EDGE('',*,*,#12208,.F.);
#12472 = ORIENTED_EDGE('',*,*,#12473,.F.);
#12473 = EDGE_CURVE('',#12474,#12209,#12476,.T.);
#12474 = VERTEX_POINT('',#12475);
#12475 = CARTESIAN_POINT('',(908.,-170.,1.307E+03));
#12476 = SEAM_CURVE('',#12477,(#12481,#12488),.PCURVE_S1.);
#12477 = LINE('',#12478,#12479);
#12478 = CARTESIAN_POINT('',(908.,-170.,1.307E+03));
#12479 = VECTOR('',#12480,1.);
#12480 = DIRECTION('',(1.,0.,0.));
#12481 = PCURVE('',#12225,#12482);
#12482 = DEFINITIONAL_REPRESENTATION('',(#12483),#12487);
#12483 = LINE('',#12484,#12485);
#12484 = CARTESIAN_POINT('',(6.28318530718,-0.));
#12485 = VECTOR('',#12486,1.);
#12486 = DIRECTION('',(0.,1.));
#12487 = ( GEOMETRIC_REPRESENTATION_CONTEXT(2) 
PARAMETRIC_REPRESENTATION_CONTEXT() REPRESENTATION_CONTEXT('2D SPACE',''
  ) );
#12488 = PCURVE('',#12225,#12489);
#12489 = DEFINITIONAL_REPRESENTATION('',(#12490),#12494);
#12490 = LINE('',#12491,#12492);
#12491 = CARTESIAN_POINT('',(0.,-0.));
#12492 = VECTOR('',#12493,1.);
#12493 = DIRECTION('',(0.,1.));
#12494 = ( GEOMETRIC_REPRESENTATION_CONTEXT(2) 
PARAMETRIC_REPRESENTATION_CONTEXT() REPRESENTATION_CONTEXT('2D SPACE',''
  ) );
#12495 = ORIENTED_EDGE('',*,*,#12496,.T.);
#12496 = EDGE_CURVE('',#12474,#12474,#12497,.T.);
#12497 = SURFACE_CURVE('',#12498,(#12503,#12510),.PCURVE_S1.);
#12498 = CIRCLE('',#12499,7.);
#12499 = AXIS2_PLACEMENT_3D('',#12500,#12501,#12502);
#12500 = CARTESIAN_POINT('',(908.,-170.,1.3E+03));
#12501 = DIRECTION('',(1.,0.,0.));
#12502 = DIRECTION('',(-0.,0.,1.));
#12503 = PCURVE('',#12225,#12504);
#12504 = DEFINITIONAL_REPRESENTATION('',(#12505),#12509);
#12505 = LINE('',#12506,#12507);
#12506 = CARTESIAN_POINT('',(0.,0.));
#12507 = VECTOR('',#12508,1.);
#12508 = DIRECTION('',(1.,0.));
#12509 = ( GEOMETRIC_REPRESENTATION_CONTEXT(2) 
PARAMETRIC_REPRESENTATION_CONTEXT() REPRESENTATION_CONTEXT('2D SPACE',''
  ) );
#12510 = PCURVE('',#12511,#12516);
#12511 = PLANE('',#12512);
#12512 = AXIS2_PLACEMENT_3D('',#12513,#12514,#12515);
#12513 = CARTESIAN_POINT('',(908.,-170.,1.3E+03));
#12514 = DIRECTION('',(1.,0.,0.));
#12515 = DIRECTION('',(-0.,0.,1.));
#12516 = DEFINITIONAL_REPRESENTATION('',(#12517),#12521);
#12517 = CIRCLE('',#12518,7.);
#12518 = AXIS2_PLACEMENT_2D('',#12519,#12520);
#12519 = CARTESIAN_POINT('',(0.,0.));
#12520 = DIRECTION('',(1.,0.));
#12521 = ( GEOMETRIC_REPRESENTATION_CONTEXT(2) 
PARAMETRIC_REPRESENTATION_CONTEXT() REPRESENTATION_CONTEXT('2D SPACE',''
  ) );
#12522 = ORIENTED_EDGE('',*,*,#12473,.T.);
#12523 = ADVANCED_FACE('',(#12524,#12530),#12301,.T.);
#12524 = FACE_BOUND('',#12525,.T.);
#12525 = EDGE_LOOP('',(#12526,#12527,#12528,#12529));
#12526 = ORIENTED_EDGE('',*,*,#12287,.F.);
#12527 = ORIENTED_EDGE('',*,*,#12398,.T.);
#12528 = ORIENTED_EDGE('',*,*,#12448,.T.);
#12529 = ORIENTED_EDGE('',*,*,#12318,.F.);
#12530 = FACE_BOUND('',#12531,.T.);
#12531 = EDGE_LOOP('',(#12532));
#12532 = ORIENTED_EDGE('',*,*,#12533,.F.);
#12533 = EDGE_CURVE('',#12534,#12534,#12536,.T.);
#12534 = VERTEX_POINT('',#12535);
#12535 = CARTESIAN_POINT('',(980.,-170.,1.307E+03));
#12536 = SURFACE_CURVE('',#12537,(#12542,#12549),.PCURVE_S1.);
#12537 = CIRCLE('',#12538,7.);
#12538 = AXIS2_PLACEMENT_3D('',#12539,#12540,#12541);
#12539 = CARTESIAN_POINT('',(980.,-170.,1.3E+03));
#12540 = DIRECTION('',(1.,0.,0.));
#12541 = DIRECTION('',(-0.,0.,1.));
#12542 = PCURVE('',#12301,#12543);
#12543 = DEFINITIONAL_REPRESENTATION('',(#12544),#12548);
#12544 = CIRCLE('',#12545,7.);
#12545 = AXIS2_PLACEMENT_2D('',#12546,#12547);
#12546 = CARTESIAN_POINT('',(22.5,-22.5));
#12547 = DIRECTION('',(1.,0.));
#12548 = ( GEOMETRIC_REPRESENTATION_CONTEXT(2) 
PARAMETRIC_REPRESENTATION_CONTEXT() REPRESENTATION_CONTEXT('2D SPACE',''
  ) );
#12549 = PCURVE('',#12550,#12555);
#12550 = CYLINDRICAL_SURFACE('',#12551,7.);
#12551 = AXIS2_PLACEMENT_3D('',#12552,#12553,#12554);
#12552 = CARTESIAN_POINT('',(908.,-170.,1.3E+03));
#12553 = DIRECTION('',(1.,0.,0.));
#12554 = DIRECTION('',(-0.,0.,1.));
#12555 = DEFINITIONAL_REPRESENTATION('',(#12556),#12560);
#12556 = LINE('',#12557,#12558);
#12557 = CARTESIAN_POINT('',(0.,72.));
#12558 = VECTOR('',#12559,1.);
#12559 = DIRECTION('',(1.,0.));
#12560 = ( GEOMETRIC_REPRESENTATION_CONTEXT(2) 
PARAMETRIC_REPRESENTATION_CONTEXT() REPRESENTATION_CONTEXT('2D SPACE',''
  ) );
#12561 = ADVANCED_FACE('',(#12562),#12381,.T.);
#12562 = FACE_BOUND('',#12563,.T.);
#12563 = EDGE_LOOP('',(#12564,#12593,#12614,#12615));
#12564 = ORIENTED_EDGE('',*,*,#12565,.F.);
#12565 = EDGE_CURVE('',#12566,#12566,#12568,.T.);
#12566 = VERTEX_POINT('',#12567);
#12567 = CARTESIAN_POINT('',(972.,-170.,1.3825E+03));
#12568 = SURFACE_CURVE('',#12569,(#12574,#12581),.PCURVE_S1.);
#12569 = CIRCLE('',#12570,22.);
#12570 = AXIS2_PLACEMENT_3D('',#12571,#12572,#12573);
#12571 = CARTESIAN_POINT('',(950.,-170.,1.3825E+03));
#12572 = DIRECTION('',(0.,0.,1.));
#12573 = DIRECTION('',(1.,0.,-0.));
#12574 = PCURVE('',#12381,#12575);
#12575 = DEFINITIONAL_REPRESENTATION('',(#12576),#12580);
#12576 = LINE('',#12577,#12578);
#12577 = CARTESIAN_POINT('',(0.,60.));
#12578 = VECTOR('',#12579,1.);
#12579 = DIRECTION('',(1.,0.));
#12580 = ( GEOMETRIC_REPRESENTATION_CONTEXT(2) 
PARAMETRIC_REPRESENTATION_CONTEXT() REPRESENTATION_CONTEXT('2D SPACE',''
  ) );
#12581 = PCURVE('',#12582,#12587);
#12582 = PLANE('',#12583);
#12583 = AXIS2_PLACEMENT_3D('',#12584,#12585,#12586);
#12584 = CARTESIAN_POINT('',(950.,-170.,1.3825E+03));
#12585 = DIRECTION('',(0.,0.,1.));
#12586 = DIRECTION('',(1.,0.,-0.));
#12587 = DEFINITIONAL_REPRESENTATION('',(#12588),#12592);
#12588 = CIRCLE('',#12589,22.);
#12589 = AXIS2_PLACEMENT_2D('',#12590,#12591);
#12590 = CARTESIAN_POINT('',(0.,0.));
#12591 = DIRECTION('',(1.,0.));
#12592 = ( GEOMETRIC_REPRESENTATION_CONTEXT(2) 
PARAMETRIC_REPRESENTATION_CONTEXT() REPRESENTATION_CONTEXT('2D SPACE',''
  ) );
#12593 = ORIENTED_EDGE('',*,*,#12594,.F.);
#12594 = EDGE_CURVE('',#12365,#12566,#12595,.T.);
#12595 = SEAM_CURVE('',#12596,(#12600,#12607),.PCURVE_S1.);
#12596 = LINE('',#12597,#12598);
#12597 = CARTESIAN_POINT('',(972.,-170.,1.3225E+03));
#12598 = VECTOR('',#12599,1.);
#12599 = DIRECTION('',(0.,0.,1.));
#12600 = PCURVE('',#12381,#12601);
#12601 = DEFINITIONAL_REPRESENTATION('',(#12602),#12606);
#12602 = LINE('',#12603,#12604);
#12603 = CARTESIAN_POINT('',(6.28318530718,-0.));
#12604 = VECTOR('',#12605,1.);
#12605 = DIRECTION('',(0.,1.));
#12606 = ( GEOMETRIC_REPRESENTATION_CONTEXT(2) 
PARAMETRIC_REPRESENTATION_CONTEXT() REPRESENTATION_CONTEXT('2D SPACE',''
  ) );
#12607 = PCURVE('',#12381,#12608);
#12608 = DEFINITIONAL_REPRESENTATION('',(#12609),#12613);
#12609 = LINE('',#12610,#12611);
#12610 = CARTESIAN_POINT('',(0.,-0.));
#12611 = VECTOR('',#12612,1.);
#12612 = DIRECTION('',(0.,1.));
#12613 = ( GEOMETRIC_REPRESENTATION_CONTEXT(2) 
PARAMETRIC_REPRESENTATION_CONTEXT() REPRESENTATION_CONTEXT('2D SPACE',''
  ) );
#12614 = ORIENTED_EDGE('',*,*,#12364,.T.);
#12615 = ORIENTED_EDGE('',*,*,#12594,.T.);
#12616 = ADVANCED_FACE('',(#12617),#12511,.F.);
#12617 = FACE_BOUND('',#12618,.T.);
#12618 = EDGE_LOOP('',(#12619));
#12619 = ORIENTED_EDGE('',*,*,#12496,.F.);
#12620 = ADVANCED_FACE('',(#12621),#12550,.T.);
#12621 = FACE_BOUND('',#12622,.T.);
#12622 = EDGE_LOOP('',(#12623,#12646,#12673,#12674));
#12623 = ORIENTED_EDGE('',*,*,#12624,.T.);
#12624 = EDGE_CURVE('',#12534,#12625,#12627,.T.);
#12625 = VERTEX_POINT('',#12626);
#12626 = CARTESIAN_POINT('',(992.,-170.,1.307E+03));
#12627 = SEAM_CURVE('',#12628,(#12632,#12639),.PCURVE_S1.);
#12628 = LINE('',#12629,#12630);
#12629 = CARTESIAN_POINT('',(908.,-170.,1.307E+03));
#12630 = VECTOR('',#12631,1.);
#12631 = DIRECTION('',(1.,0.,0.));
#12632 = PCURVE('',#12550,#12633);
#12633 = DEFINITIONAL_REPRESENTATION('',(#12634),#12638);
#12634 = LINE('',#12635,#12636);
#12635 = CARTESIAN_POINT('',(6.28318530718,-0.));
#12636 = VECTOR('',#12637,1.);
#12637 = DIRECTION('',(0.,1.));
#12638 = ( GEOMETRIC_REPRESENTATION_CONTEXT(2) 
PARAMETRIC_REPRESENTATION_CONTEXT() REPRESENTATION_CONTEXT('2D SPACE',''
  ) );
#12639 = PCURVE('',#12550,#12640);
#12640 = DEFINITIONAL_REPRESENTATION('',(#12641),#12645);
#12641 = LINE('',#12642,#12643);
#12642 = CARTESIAN_POINT('',(0.,-0.));
#12643 = VECTOR('',#12644,1.);
#12644 = DIRECTION('',(0.,1.));
#12645 = ( GEOMETRIC_REPRESENTATION_CONTEXT(2) 
PARAMETRIC_REPRESENTATION_CONTEXT() REPRESENTATION_CONTEXT('2D SPACE',''
  ) );
#12646 = ORIENTED_EDGE('',*,*,#12647,.F.);
#12647 = EDGE_CURVE('',#12625,#12625,#12648,.T.);
#12648 = SURFACE_CURVE('',#12649,(#12654,#12661),.PCURVE_S1.);
#12649 = CIRCLE('',#12650,7.);
#12650 = AXIS2_PLACEMENT_3D('',#12651,#12652,#12653);
#12651 = CARTESIAN_POINT('',(992.,-170.,1.3E+03));
#12652 = DIRECTION('',(1.,0.,0.));
#12653 = DIRECTION('',(-0.,0.,1.));
#12654 = PCURVE('',#12550,#12655);
#12655 = DEFINITIONAL_REPRESENTATION('',(#12656),#12660);
#12656 = LINE('',#12657,#12658);
#12657 = CARTESIAN_POINT('',(0.,84.));
#12658 = VECTOR('',#12659,1.);
#12659 = DIRECTION('',(1.,0.));
#12660 = ( GEOMETRIC_REPRESENTATION_CONTEXT(2) 
PARAMETRIC_REPRESENTATION_CONTEXT() REPRESENTATION_CONTEXT('2D SPACE',''
  ) );
#12661 = PCURVE('',#12662,#12667);
#12662 = PLANE('',#12663);
#12663 = AXIS2_PLACEMENT_3D('',#12664,#12665,#12666);
#12664 = CARTESIAN_POINT('',(992.,-170.,1.3E+03));
#12665 = DIRECTION('',(1.,0.,0.));
#12666 = DIRECTION('',(-0.,0.,1.));
#12667 = DEFINITIONAL_REPRESENTATION('',(#12668),#12672);
#12668 = CIRCLE('',#12669,7.);
#12669 = AXIS2_PLACEMENT_2D('',#12670,#12671);
#12670 = CARTESIAN_POINT('',(0.,0.));
#12671 = DIRECTION('',(1.,0.));
#12672 = ( GEOMETRIC_REPRESENTATION_CONTEXT(2) 
PARAMETRIC_REPRESENTATION_CONTEXT() REPRESENTATION_CONTEXT('2D SPACE',''
  ) );
#12673 = ORIENTED_EDGE('',*,*,#12624,.F.);
#12674 = ORIENTED_EDGE('',*,*,#12533,.T.);
#12675 = ADVANCED_FACE('',(#12676,#12679),#12582,.T.);
#12676 = FACE_BOUND('',#12677,.T.);
#12677 = EDGE_LOOP('',(#12678));
#12678 = ORIENTED_EDGE('',*,*,#12565,.T.);
#12679 = FACE_BOUND('',#12680,.T.);
#12680 = EDGE_LOOP('',(#12681,#12711,#12739,#12767));
#12681 = ORIENTED_EDGE('',*,*,#12682,.T.);
#12682 = EDGE_CURVE('',#12683,#12685,#12687,.T.);
#12683 = VERTEX_POINT('',#12684);
#12684 = CARTESIAN_POINT('',(935.,-185.,1.3825E+03));
#12685 = VERTEX_POINT('',#12686);
#12686 = CARTESIAN_POINT('',(935.,-155.,1.3825E+03));
#12687 = SURFACE_CURVE('',#12688,(#12692,#12699),.PCURVE_S1.);
#12688 = LINE('',#12689,#12690);
#12689 = CARTESIAN_POINT('',(935.,-185.,1.3825E+03));
#12690 = VECTOR('',#12691,1.);
#12691 = DIRECTION('',(-0.,1.,0.));
#12692 = PCURVE('',#12582,#12693);
#12693 = DEFINITIONAL_REPRESENTATION('',(#12694),#12698);
#12694 = LINE('',#12695,#12696);
#12695 = CARTESIAN_POINT('',(-15.,-15.));
#12696 = VECTOR('',#12697,1.);
#12697 = DIRECTION('',(0.,1.));
#12698 = ( GEOMETRIC_REPRESENTATION_CONTEXT(2) 
PARAMETRIC_REPRESENTATION_CONTEXT() REPRESENTATION_CONTEXT('2D SPACE',''
  ) );
#12699 = PCURVE('',#12700,#12705);
#12700 = PLANE('',#12701);
#12701 = AXIS2_PLACEMENT_3D('',#12702,#12703,#12704);
#12702 = CARTESIAN_POINT('',(935.,-185.,1.3825E+03));
#12703 = DIRECTION('',(1.,0.,-0.));
#12704 = DIRECTION('',(0.,0.,1.));
#12705 = DEFINITIONAL_REPRESENTATION('',(#12706),#12710);
#12706 = LINE('',#12707,#12708);
#12707 = CARTESIAN_POINT('',(0.,0.));
#12708 = VECTOR('',#12709,1.);
#12709 = DIRECTION('',(0.,-1.));
#12710 = ( GEOMETRIC_REPRESENTATION_CONTEXT(2) 
PARAMETRIC_REPRESENTATION_CONTEXT() REPRESENTATION_CONTEXT('2D SPACE',''
  ) );
#12711 = ORIENTED_EDGE('',*,*,#12712,.T.);
#12712 = EDGE_CURVE('',#12685,#12713,#12715,.T.);
#12713 = VERTEX_POINT('',#12714);
#12714 = CARTESIAN_POINT('',(965.,-155.,1.3825E+03));
#12715 = SURFACE_CURVE('',#12716,(#12720,#12727),.PCURVE_S1.);
#12716 = LINE('',#12717,#12718);
#12717 = CARTESIAN_POINT('',(935.,-155.,1.3825E+03));
#12718 = VECTOR('',#12719,1.);
#12719 = DIRECTION('',(1.,0.,-0.));
#12720 = PCURVE('',#12582,#12721);
#12721 = DEFINITIONAL_REPRESENTATION('',(#12722),#12726);
#12722 = LINE('',#12723,#12724);
#12723 = CARTESIAN_POINT('',(-15.,15.));
#12724 = VECTOR('',#12725,1.);
#12725 = DIRECTION('',(1.,0.));
#12726 = ( GEOMETRIC_REPRESENTATION_CONTEXT(2) 
PARAMETRIC_REPRESENTATION_CONTEXT() REPRESENTATION_CONTEXT('2D SPACE',''
  ) );
#12727 = PCURVE('',#12728,#12733);
#12728 = PLANE('',#12729);
#12729 = AXIS2_PLACEMENT_3D('',#12730,#12731,#12732);
#12730 = CARTESIAN_POINT('',(935.,-155.,1.3825E+03));
#12731 = DIRECTION('',(-0.,1.,0.));
#12732 = DIRECTION('',(0.,0.,1.));
#12733 = DEFINITIONAL_REPRESENTATION('',(#12734),#12738);
#12734 = LINE('',#12735,#12736);
#12735 = CARTESIAN_POINT('',(0.,0.));
#12736 = VECTOR('',#12737,1.);
#12737 = DIRECTION('',(0.,1.));
#12738 = ( GEOMETRIC_REPRESENTATION_CONTEXT(2) 
PARAMETRIC_REPRESENTATION_CONTEXT() REPRESENTATION_CONTEXT('2D SPACE',''
  ) );
#12739 = ORIENTED_EDGE('',*,*,#12740,.F.);
#12740 = EDGE_CURVE('',#12741,#12713,#12743,.T.);
#12741 = VERTEX_POINT('',#12742);
#12742 = CARTESIAN_POINT('',(965.,-185.,1.3825E+03));
#12743 = SURFACE_CURVE('',#12744,(#12748,#12755),.PCURVE_S1.);
#12744 = LINE('',#12745,#12746);
#12745 = CARTESIAN_POINT('',(965.,-185.,1.3825E+03));
#12746 = VECTOR('',#12747,1.);
#12747 = DIRECTION('',(-0.,1.,0.));
#12748 = PCURVE('',#12582,#12749);
#12749 = DEFINITIONAL_REPRESENTATION('',(#12750),#12754);
#12750 = LINE('',#12751,#12752);
#12751 = CARTESIAN_POINT('',(15.,-15.));
#12752 = VECTOR('',#12753,1.);
#12753 = DIRECTION('',(0.,1.));
#12754 = ( GEOMETRIC_REPRESENTATION_CONTEXT(2) 
PARAMETRIC_REPRESENTATION_CONTEXT() REPRESENTATION_CONTEXT('2D SPACE',''
  ) );
#12755 = PCURVE('',#12756,#12761);
#12756 = PLANE('',#12757);
#12757 = AXIS2_PLACEMENT_3D('',#12758,#12759,#12760);
#12758 = CARTESIAN_POINT('',(965.,-185.,1.3825E+03));
#12759 = DIRECTION('',(1.,0.,-0.));
#12760 = DIRECTION('',(0.,0.,1.));
#12761 = DEFINITIONAL_REPRESENTATION('',(#12762),#12766);
#12762 = LINE('',#12763,#12764);
#12763 = CARTESIAN_POINT('',(0.,0.));
#12764 = VECTOR('',#12765,1.);
#12765 = DIRECTION('',(0.,-1.));
#12766 = ( GEOMETRIC_REPRESENTATION_CONTEXT(2) 
PARAMETRIC_REPRESENTATION_CONTEXT() REPRESENTATION_CONTEXT('2D SPACE',''
  ) );
#12767 = ORIENTED_EDGE('',*,*,#12768,.F.);
#12768 = EDGE_CURVE('',#12683,#12741,#12769,.T.);
#12769 = SURFACE_CURVE('',#12770,(#12774,#12781),.PCURVE_S1.);
#12770 = LINE('',#12771,#12772);
#12771 = CARTESIAN_POINT('',(935.,-185.,1.3825E+03));
#12772 = VECTOR('',#12773,1.);
#12773 = DIRECTION('',(1.,0.,-0.));
#12774 = PCURVE('',#12582,#12775);
#12775 = DEFINITIONAL_REPRESENTATION('',(#12776),#12780);
#12776 = LINE('',#12777,#12778);
#12777 = CARTESIAN_POINT('',(-15.,-15.));
#12778 = VECTOR('',#12779,1.);
#12779 = DIRECTION('',(1.,0.));
#12780 = ( GEOMETRIC_REPRESENTATION_CONTEXT(2) 
PARAMETRIC_REPRESENTATION_CONTEXT() REPRESENTATION_CONTEXT('2D SPACE',''
  ) );
#12781 = PCURVE('',#12782,#12787);
#12782 = PLANE('',#12783);
#12783 = AXIS2_PLACEMENT_3D('',#12784,#12785,#12786);
#12784 = CARTESIAN_POINT('',(935.,-185.,1.3825E+03));
#12785 = DIRECTION('',(-0.,1.,0.));
#12786 = DIRECTION('',(0.,0.,1.));
#12787 = DEFINITIONAL_REPRESENTATION('',(#12788),#12792);
#12788 = LINE('',#12789,#12790);
#12789 = CARTESIAN_POINT('',(0.,0.));
#12790 = VECTOR('',#12791,1.);
#12791 = DIRECTION('',(0.,1.));
#12792 = ( GEOMETRIC_REPRESENTATION_CONTEXT(2) 
PARAMETRIC_REPRESENTATION_CONTEXT() REPRESENTATION_CONTEXT('2D SPACE',''
  ) );
#12793 = ADVANCED_FACE('',(#12794),#12662,.T.);
#12794 = FACE_BOUND('',#12795,.T.);
#12795 = EDGE_LOOP('',(#12796));
#12796 = ORIENTED_EDGE('',*,*,#12647,.T.);
#12797 = ADVANCED_FACE('',(#12798),#12700,.F.);
#12798 = FACE_BOUND('',#12799,.F.);
#12799 = EDGE_LOOP('',(#12800,#12823,#12824,#12847));
#12800 = ORIENTED_EDGE('',*,*,#12801,.F.);
#12801 = EDGE_CURVE('',#12683,#12802,#12804,.T.);
#12802 = VERTEX_POINT('',#12803);
#12803 = CARTESIAN_POINT('',(935.,-185.,1.4025E+03));
#12804 = SURFACE_CURVE('',#12805,(#12809,#12816),.PCURVE_S1.);
#12805 = LINE('',#12806,#12807);
#12806 = CARTESIAN_POINT('',(935.,-185.,1.3825E+03));
#12807 = VECTOR('',#12808,1.);
#12808 = DIRECTION('',(0.,0.,1.));
#12809 = PCURVE('',#12700,#12810);
#12810 = DEFINITIONAL_REPRESENTATION('',(#12811),#12815);
#12811 = LINE('',#12812,#12813);
#12812 = CARTESIAN_POINT('',(0.,0.));
#12813 = VECTOR('',#12814,1.);
#12814 = DIRECTION('',(1.,0.));
#12815 = ( GEOMETRIC_REPRESENTATION_CONTEXT(2) 
PARAMETRIC_REPRESENTATION_CONTEXT() REPRESENTATION_CONTEXT('2D SPACE',''
  ) );
#12816 = PCURVE('',#12782,#12817);
#12817 = DEFINITIONAL_REPRESENTATION('',(#12818),#12822);
#12818 = LINE('',#12819,#12820);
#12819 = CARTESIAN_POINT('',(0.,0.));
#12820 = VECTOR('',#12821,1.);
#12821 = DIRECTION('',(1.,0.));
#12822 = ( GEOMETRIC_REPRESENTATION_CONTEXT(2) 
PARAMETRIC_REPRESENTATION_CONTEXT() REPRESENTATION_CONTEXT('2D SPACE',''
  ) );
#12823 = ORIENTED_EDGE('',*,*,#12682,.T.);
#12824 = ORIENTED_EDGE('',*,*,#12825,.T.);
#12825 = EDGE_CURVE('',#12685,#12826,#12828,.T.);
#12826 = VERTEX_POINT('',#12827);
#12827 = CARTESIAN_POINT('',(935.,-155.,1.4025E+03));
#12828 = SURFACE_CURVE('',#12829,(#12833,#12840),.PCURVE_S1.);
#12829 = LINE('',#12830,#12831);
#12830 = CARTESIAN_POINT('',(935.,-155.,1.3825E+03));
#12831 = VECTOR('',#12832,1.);
#12832 = DIRECTION('',(0.,0.,1.));
#12833 = PCURVE('',#12700,#12834);
#12834 = DEFINITIONAL_REPRESENTATION('',(#12835),#12839);
#12835 = LINE('',#12836,#12837);
#12836 = CARTESIAN_POINT('',(0.,-30.));
#12837 = VECTOR('',#12838,1.);
#12838 = DIRECTION('',(1.,0.));
#12839 = ( GEOMETRIC_REPRESENTATION_CONTEXT(2) 
PARAMETRIC_REPRESENTATION_CONTEXT() REPRESENTATION_CONTEXT('2D SPACE',''
  ) );
#12840 = PCURVE('',#12728,#12841);
#12841 = DEFINITIONAL_REPRESENTATION('',(#12842),#12846);
#12842 = LINE('',#12843,#12844);
#12843 = CARTESIAN_POINT('',(0.,0.));
#12844 = VECTOR('',#12845,1.);
#12845 = DIRECTION('',(1.,0.));
#12846 = ( GEOMETRIC_REPRESENTATION_CONTEXT(2) 
PARAMETRIC_REPRESENTATION_CONTEXT() REPRESENTATION_CONTEXT('2D SPACE',''
  ) );
#12847 = ORIENTED_EDGE('',*,*,#12848,.F.);
#12848 = EDGE_CURVE('',#12802,#12826,#12849,.T.);
#12849 = SURFACE_CURVE('',#12850,(#12854,#12861),.PCURVE_S1.);
#12850 = LINE('',#12851,#12852);
#12851 = CARTESIAN_POINT('',(935.,-185.,1.4025E+03));
#12852 = VECTOR('',#12853,1.);
#12853 = DIRECTION('',(-0.,1.,0.));
#12854 = PCURVE('',#12700,#12855);
#12855 = DEFINITIONAL_REPRESENTATION('',(#12856),#12860);
#12856 = LINE('',#12857,#12858);
#12857 = CARTESIAN_POINT('',(20.,0.));
#12858 = VECTOR('',#12859,1.);
#12859 = DIRECTION('',(0.,-1.));
#12860 = ( GEOMETRIC_REPRESENTATION_CONTEXT(2) 
PARAMETRIC_REPRESENTATION_CONTEXT() REPRESENTATION_CONTEXT('2D SPACE',''
  ) );
#12861 = PCURVE('',#12862,#12867);
#12862 = PLANE('',#12863);
#12863 = AXIS2_PLACEMENT_3D('',#12864,#12865,#12866);
#12864 = CARTESIAN_POINT('',(935.,-185.,1.4025E+03));
#12865 = DIRECTION('',(0.,0.,1.));
#12866 = DIRECTION('',(1.,0.,-0.));
#12867 = DEFINITIONAL_REPRESENTATION('',(#12868),#12872);
#12868 = LINE('',#12869,#12870);
#12869 = CARTESIAN_POINT('',(0.,0.));
#12870 = VECTOR('',#12871,1.);
#12871 = DIRECTION('',(0.,1.));
#12872 = ( GEOMETRIC_REPRESENTATION_CONTEXT(2) 
PARAMETRIC_REPRESENTATION_CONTEXT() REPRESENTATION_CONTEXT('2D SPACE',''
  ) );
#12873 = ADVANCED_FACE('',(#12874),#12782,.F.);
#12874 = FACE_BOUND('',#12875,.F.);
#12875 = EDGE_LOOP('',(#12876,#12877,#12878,#12901));
#12876 = ORIENTED_EDGE('',*,*,#12768,.F.);
#12877 = ORIENTED_EDGE('',*,*,#12801,.T.);
#12878 = ORIENTED_EDGE('',*,*,#12879,.T.);
#12879 = EDGE_CURVE('',#12802,#12880,#12882,.T.);
#12880 = VERTEX_POINT('',#12881);
#12881 = CARTESIAN_POINT('',(965.,-185.,1.4025E+03));
#12882 = SURFACE_CURVE('',#12883,(#12887,#12894),.PCURVE_S1.);
#12883 = LINE('',#12884,#12885);
#12884 = CARTESIAN_POINT('',(935.,-185.,1.4025E+03));
#12885 = VECTOR('',#12886,1.);
#12886 = DIRECTION('',(1.,0.,-0.));
#12887 = PCURVE('',#12782,#12888);
#12888 = DEFINITIONAL_REPRESENTATION('',(#12889),#12893);
#12889 = LINE('',#12890,#12891);
#12890 = CARTESIAN_POINT('',(20.,0.));
#12891 = VECTOR('',#12892,1.);
#12892 = DIRECTION('',(0.,1.));
#12893 = ( GEOMETRIC_REPRESENTATION_CONTEXT(2) 
PARAMETRIC_REPRESENTATION_CONTEXT() REPRESENTATION_CONTEXT('2D SPACE',''
  ) );
#12894 = PCURVE('',#12862,#12895);
#12895 = DEFINITIONAL_REPRESENTATION('',(#12896),#12900);
#12896 = LINE('',#12897,#12898);
#12897 = CARTESIAN_POINT('',(0.,0.));
#12898 = VECTOR('',#12899,1.);
#12899 = DIRECTION('',(1.,0.));
#12900 = ( GEOMETRIC_REPRESENTATION_CONTEXT(2) 
PARAMETRIC_REPRESENTATION_CONTEXT() REPRESENTATION_CONTEXT('2D SPACE',''
  ) );
#12901 = ORIENTED_EDGE('',*,*,#12902,.F.);
#12902 = EDGE_CURVE('',#12741,#12880,#12903,.T.);
#12903 = SURFACE_CURVE('',#12904,(#12908,#12915),.PCURVE_S1.);
#12904 = LINE('',#12905,#12906);
#12905 = CARTESIAN_POINT('',(965.,-185.,1.3825E+03));
#12906 = VECTOR('',#12907,1.);
#12907 = DIRECTION('',(0.,0.,1.));
#12908 = PCURVE('',#12782,#12909);
#12909 = DEFINITIONAL_REPRESENTATION('',(#12910),#12914);
#12910 = LINE('',#12911,#12912);
#12911 = CARTESIAN_POINT('',(0.,30.));
#12912 = VECTOR('',#12913,1.);
#12913 = DIRECTION('',(1.,0.));
#12914 = ( GEOMETRIC_REPRESENTATION_CONTEXT(2) 
PARAMETRIC_REPRESENTATION_CONTEXT() REPRESENTATION_CONTEXT('2D SPACE',''
  ) );
#12915 = PCURVE('',#12756,#12916);
#12916 = DEFINITIONAL_REPRESENTATION('',(#12917),#12921);
#12917 = LINE('',#12918,#12919);
#12918 = CARTESIAN_POINT('',(0.,0.));
#12919 = VECTOR('',#12920,1.);
#12920 = DIRECTION('',(1.,0.));
#12921 = ( GEOMETRIC_REPRESENTATION_CONTEXT(2) 
PARAMETRIC_REPRESENTATION_CONTEXT() REPRESENTATION_CONTEXT('2D SPACE',''
  ) );
#12922 = ADVANCED_FACE('',(#12923),#12756,.T.);
#12923 = FACE_BOUND('',#12924,.T.);
#12924 = EDGE_LOOP('',(#12925,#12926,#12927,#12950));
#12925 = ORIENTED_EDGE('',*,*,#12902,.F.);
#12926 = ORIENTED_EDGE('',*,*,#12740,.T.);
#12927 = ORIENTED_EDGE('',*,*,#12928,.T.);
#12928 = EDGE_CURVE('',#12713,#12929,#12931,.T.);
#12929 = VERTEX_POINT('',#12930);
#12930 = CARTESIAN_POINT('',(965.,-155.,1.4025E+03));
#12931 = SURFACE_CURVE('',#12932,(#12936,#12943),.PCURVE_S1.);
#12932 = LINE('',#12933,#12934);
#12933 = CARTESIAN_POINT('',(965.,-155.,1.3825E+03));
#12934 = VECTOR('',#12935,1.);
#12935 = DIRECTION('',(0.,0.,1.));
#12936 = PCURVE('',#12756,#12937);
#12937 = DEFINITIONAL_REPRESENTATION('',(#12938),#12942);
#12938 = LINE('',#12939,#12940);
#12939 = CARTESIAN_POINT('',(0.,-30.));
#12940 = VECTOR('',#12941,1.);
#12941 = DIRECTION('',(1.,0.));
#12942 = ( GEOMETRIC_REPRESENTATION_CONTEXT(2) 
PARAMETRIC_REPRESENTATION_CONTEXT() REPRESENTATION_CONTEXT('2D SPACE',''
  ) );
#12943 = PCURVE('',#12728,#12944);
#12944 = DEFINITIONAL_REPRESENTATION('',(#12945),#12949);
#12945 = LINE('',#12946,#12947);
#12946 = CARTESIAN_POINT('',(0.,30.));
#12947 = VECTOR('',#12948,1.);
#12948 = DIRECTION('',(1.,0.));
#12949 = ( GEOMETRIC_REPRESENTATION_CONTEXT(2) 
PARAMETRIC_REPRESENTATION_CONTEXT() REPRESENTATION_CONTEXT('2D SPACE',''
  ) );
#12950 = ORIENTED_EDGE('',*,*,#12951,.F.);
#12951 = EDGE_CURVE('',#12880,#12929,#12952,.T.);
#12952 = SURFACE_CURVE('',#12953,(#12957,#12964),.PCURVE_S1.);
#12953 = LINE('',#12954,#12955);
#12954 = CARTESIAN_POINT('',(965.,-185.,1.4025E+03));
#12955 = VECTOR('',#12956,1.);
#12956 = DIRECTION('',(-0.,1.,0.));
#12957 = PCURVE('',#12756,#12958);
#12958 = DEFINITIONAL_REPRESENTATION('',(#12959),#12963);
#12959 = LINE('',#12960,#12961);
#12960 = CARTESIAN_POINT('',(20.,0.));
#12961 = VECTOR('',#12962,1.);
#12962 = DIRECTION('',(0.,-1.));
#12963 = ( GEOMETRIC_REPRESENTATION_CONTEXT(2) 
PARAMETRIC_REPRESENTATION_CONTEXT() REPRESENTATION_CONTEXT('2D SPACE',''
  ) );
#12964 = PCURVE('',#12862,#12965);
#12965 = DEFINITIONAL_REPRESENTATION('',(#12966),#12970);
#12966 = LINE('',#12967,#12968);
#12967 = CARTESIAN_POINT('',(30.,0.));
#12968 = VECTOR('',#12969,1.);
#12969 = DIRECTION('',(0.,1.));
#12970 = ( GEOMETRIC_REPRESENTATION_CONTEXT(2) 
PARAMETRIC_REPRESENTATION_CONTEXT() REPRESENTATION_CONTEXT('2D SPACE',''
  ) );
#12971 = ADVANCED_FACE('',(#12972),#12728,.T.);
#12972 = FACE_BOUND('',#12973,.T.);
#12973 = EDGE_LOOP('',(#12974,#12975,#12976,#12997));
#12974 = ORIENTED_EDGE('',*,*,#12712,.F.);
#12975 = ORIENTED_EDGE('',*,*,#12825,.T.);
#12976 = ORIENTED_EDGE('',*,*,#12977,.T.);
#12977 = EDGE_CURVE('',#12826,#12929,#12978,.T.);
#12978 = SURFACE_CURVE('',#12979,(#12983,#12990),.PCURVE_S1.);
#12979 = LINE('',#12980,#12981);
#12980 = CARTESIAN_POINT('',(935.,-155.,1.4025E+03));
#12981 = VECTOR('',#12982,1.);
#12982 = DIRECTION('',(1.,0.,-0.));
#12983 = PCURVE('',#12728,#12984);
#12984 = DEFINITIONAL_REPRESENTATION('',(#12985),#12989);
#12985 = LINE('',#12986,#12987);
#12986 = CARTESIAN_POINT('',(20.,0.));
#12987 = VECTOR('',#12988,1.);
#12988 = DIRECTION('',(0.,1.));
#12989 = ( GEOMETRIC_REPRESENTATION_CONTEXT(2) 
PARAMETRIC_REPRESENTATION_CONTEXT() REPRESENTATION_CONTEXT('2D SPACE',''
  ) );
#12990 = PCURVE('',#12862,#12991);
#12991 = DEFINITIONAL_REPRESENTATION('',(#12992),#12996);
#12992 = LINE('',#12993,#12994);
#12993 = CARTESIAN_POINT('',(0.,30.));
#12994 = VECTOR('',#12995,1.);
#12995 = DIRECTION('',(1.,0.));
#12996 = ( GEOMETRIC_REPRESENTATION_CONTEXT(2) 
PARAMETRIC_REPRESENTATION_CONTEXT() REPRESENTATION_CONTEXT('2D SPACE',''
  ) );
#12997 = ORIENTED_EDGE('',*,*,#12928,.F.);
#12998 = ADVANCED_FACE('',(#12999),#12862,.T.);
#12999 = FACE_BOUND('',#13000,.T.);
#13000 = EDGE_LOOP('',(#13001,#13002,#13003,#13004));
#13001 = ORIENTED_EDGE('',*,*,#12848,.F.);
#13002 = ORIENTED_EDGE('',*,*,#12879,.T.);
#13003 = ORIENTED_EDGE('',*,*,#12951,.T.);
#13004 = ORIENTED_EDGE('',*,*,#12977,.F.);
#13005 = ( GEOMETRIC_REPRESENTATION_CONTEXT(3) 
GLOBAL_UNCERTAINTY_ASSIGNED_CONTEXT((#13009)) 
GLOBAL_UNIT_ASSIGNED_CONTEXT((#13006,#13007,#13008)) 
REPRESENTATION_CONTEXT('Context #1',
  '3D Context with UNIT and UNCERTAINTY') );
#13006 = ( LENGTH_UNIT() NAMED_UNIT(*) SI_UNIT(.MILLI.,.METRE.) );
#13007 = ( NAMED_UNIT(*) PLANE_ANGLE_UNIT() SI_UNIT($,.RADIAN.) );
#13008 = ( NAMED_UNIT(*) SI_UNIT($,.STERADIAN.) SOLID_ANGLE_UNIT() );
#13009 = UNCERTAINTY_MEASURE_WITH_UNIT(LENGTH_MEASURE(1.E-07),#13006,
  'distance_accuracy_value','confusion accuracy');
#13010 = CONTEXT_DEPENDENT_SHAPE_REPRESENTATION(#13011,#13013);
#13011 = ( REPRESENTATION_RELATIONSHIP('','',#12082,#10) 
REPRESENTATION_RELATIONSHIP_WITH_TRANSFORMATION(#13012) 
SHAPE_REPRESENTATION_RELATIONSHIP() );
#13012 = ITEM_DEFINED_TRANSFORMATION('','',#11,#55);
#13013 = PRODUCT_DEFINITION_SHAPE('Placement','Placement of an item',
  #13014);
#13014 = NEXT_ASSEMBLY_USAGE_OCCURRENCE('11','=>[0:1:1:12]','',#5,#12077
  ,$);
#13015 = PRODUCT_RELATED_PRODUCT_CATEGORY('part',$,(#12079));
#13016 = SHAPE_DEFINITION_REPRESENTATION(#13017,#13023);
#13017 = PRODUCT_DEFINITION_SHAPE('','',#13018);
#13018 = PRODUCT_DEFINITION('design','',#13019,#13022);
#13019 = PRODUCT_DEFINITION_FORMATION('','',#13020);
#13020 = PRODUCT('COMPOUND','COMPOUND','',(#13021));
#13021 = PRODUCT_CONTEXT('',#2,'mechanical');
#13022 = PRODUCT_DEFINITION_CONTEXT('part definition',#2,'design');
#13023 = ADVANCED_BREP_SHAPE_REPRESENTATION('',(#11,#13024),#13496);
#13024 = MANIFOLD_SOLID_BREP('',#13025);
#13025 = CLOSED_SHELL('',(#13026,#13146,#13257,#13306,#13355,#13382,
    #13389,#13490));
#13026 = ADVANCED_FACE('',(#13027),#13041,.F.);
#13027 = FACE_BOUND('',#13028,.F.);
#13028 = EDGE_LOOP('',(#13029,#13064,#13092,#13120));
#13029 = ORIENTED_EDGE('',*,*,#13030,.F.);
#13030 = EDGE_CURVE('',#13031,#13033,#13035,.T.);
#13031 = VERTEX_POINT('',#13032);
#13032 = CARTESIAN_POINT('',(3.75E+03,-50.,1.95E+03));
#13033 = VERTEX_POINT('',#13034);
#13034 = CARTESIAN_POINT('',(3.75E+03,-50.,2.05E+03));
#13035 = SURFACE_CURVE('',#13036,(#13040,#13052),.PCURVE_S1.);
#13036 = LINE('',#13037,#13038);
#13037 = CARTESIAN_POINT('',(3.75E+03,-50.,1.95E+03));
#13038 = VECTOR('',#13039,1.);
#13039 = DIRECTION('',(0.,0.,1.));
#13040 = PCURVE('',#13041,#13046);
#13041 = PLANE('',#13042);
#13042 = AXIS2_PLACEMENT_3D('',#13043,#13044,#13045);
#13043 = CARTESIAN_POINT('',(3.75E+03,-50.,1.95E+03));
#13044 = DIRECTION('',(1.,0.,-0.));
#13045 = DIRECTION('',(0.,0.,1.));
#13046 = DEFINITIONAL_REPRESENTATION('',(#13047),#13051);
#13047 = LINE('',#13048,#13049);
#13048 = CARTESIAN_POINT('',(0.,0.));
#13049 = VECTOR('',#13050,1.);
#13050 = DIRECTION('',(1.,0.));
#13051 = ( GEOMETRIC_REPRESENTATION_CONTEXT(2) 
PARAMETRIC_REPRESENTATION_CONTEXT() REPRESENTATION_CONTEXT('2D SPACE',''
  ) );
#13052 = PCURVE('',#13053,#13058);
#13053 = PLANE('',#13054);
#13054 = AXIS2_PLACEMENT_3D('',#13055,#13056,#13057);
#13055 = CARTESIAN_POINT('',(3.75E+03,-50.,1.95E+03));
#13056 = DIRECTION('',(-0.,1.,0.));
#13057 = DIRECTION('',(0.,0.,1.));
#13058 = DEFINITIONAL_REPRESENTATION('',(#13059),#13063);
#13059 = LINE('',#13060,#13061);
#13060 = CARTESIAN_POINT('',(0.,0.));
#13061 = VECTOR('',#13062,1.);
#13062 = DIRECTION('',(1.,0.));
#13063 = ( GEOMETRIC_REPRESENTATION_CONTEXT(2) 
PARAMETRIC_REPRESENTATION_CONTEXT() REPRESENTATION_CONTEXT('2D SPACE',''
  ) );
#13064 = ORIENTED_EDGE('',*,*,#13065,.T.);
#13065 = EDGE_CURVE('',#13031,#13066,#13068,.T.);
#13066 = VERTEX_POINT('',#13067);
#13067 = CARTESIAN_POINT('',(3.75E+03,0.,1.95E+03));
#13068 = SURFACE_CURVE('',#13069,(#13073,#13080),.PCURVE_S1.);
#13069 = LINE('',#13070,#13071);
#13070 = CARTESIAN_POINT('',(3.75E+03,-50.,1.95E+03));
#13071 = VECTOR('',#13072,1.);
#13072 = DIRECTION('',(-0.,1.,0.));
#13073 = PCURVE('',#13041,#13074);
#13074 = DEFINITIONAL_REPRESENTATION('',(#13075),#13079);
#13075 = LINE('',#13076,#13077);
#13076 = CARTESIAN_POINT('',(0.,0.));
#13077 = VECTOR('',#13078,1.);
#13078 = DIRECTION('',(0.,-1.));
#13079 = ( GEOMETRIC_REPRESENTATION_CONTEXT(2) 
PARAMETRIC_REPRESENTATION_CONTEXT() REPRESENTATION_CONTEXT('2D SPACE',''
  ) );
#13080 = PCURVE('',#13081,#13086);
#13081 = PLANE('',#13082);
#13082 = AXIS2_PLACEMENT_3D('',#13083,#13084,#13085);
#13083 = CARTESIAN_POINT('',(3.75E+03,-50.,1.95E+03));
#13084 = DIRECTION('',(0.,0.,1.));
#13085 = DIRECTION('',(1.,0.,-0.));
#13086 = DEFINITIONAL_REPRESENTATION('',(#13087),#13091);
#13087 = LINE('',#13088,#13089);
#13088 = CARTESIAN_POINT('',(0.,0.));
#13089 = VECTOR('',#13090,1.);
#13090 = DIRECTION('',(0.,1.));
#13091 = ( GEOMETRIC_REPRESENTATION_CONTEXT(2) 
PARAMETRIC_REPRESENTATION_CONTEXT() REPRESENTATION_CONTEXT('2D SPACE',''
  ) );
#13092 = ORIENTED_EDGE('',*,*,#13093,.T.);
#13093 = EDGE_CURVE('',#13066,#13094,#13096,.T.);
#13094 = VERTEX_POINT('',#13095);
#13095 = CARTESIAN_POINT('',(3.75E+03,0.,2.05E+03));
#13096 = SURFACE_CURVE('',#13097,(#13101,#13108),.PCURVE_S1.);
#13097 = LINE('',#13098,#13099);
#13098 = CARTESIAN_POINT('',(3.75E+03,0.,1.95E+03));
#13099 = VECTOR('',#13100,1.);
#13100 = DIRECTION('',(0.,0.,1.));
#13101 = PCURVE('',#13041,#13102);
#13102 = DEFINITIONAL_REPRESENTATION('',(#13103),#13107);
#13103 = LINE('',#13104,#13105);
#13104 = CARTESIAN_POINT('',(0.,-50.));
#13105 = VECTOR('',#13106,1.);
#13106 = DIRECTION('',(1.,0.));
#13107 = ( GEOMETRIC_REPRESENTATION_CONTEXT(2) 
PARAMETRIC_REPRESENTATION_CONTEXT() REPRESENTATION_CONTEXT('2D SPACE',''
  ) );
#13108 = PCURVE('',#13109,#13114);
#13109 = PLANE('',#13110);
#13110 = AXIS2_PLACEMENT_3D('',#13111,#13112,#13113);
#13111 = CARTESIAN_POINT('',(3.75E+03,0.,1.95E+03));
#13112 = DIRECTION('',(-0.,1.,0.));
#13113 = DIRECTION('',(0.,0.,1.));
#13114 = DEFINITIONAL_REPRESENTATION('',(#13115),#13119);
#13115 = LINE('',#13116,#13117);
#13116 = CARTESIAN_POINT('',(0.,0.));
#13117 = VECTOR('',#13118,1.);
#13118 = DIRECTION('',(1.,0.));
#13119 = ( GEOMETRIC_REPRESENTATION_CONTEXT(2) 
PARAMETRIC_REPRESENTATION_CONTEXT() REPRESENTATION_CONTEXT('2D SPACE',''
  ) );
#13120 = ORIENTED_EDGE('',*,*,#13121,.F.);
#13121 = EDGE_CURVE('',#13033,#13094,#13122,.T.);
#13122 = SURFACE_CURVE('',#13123,(#13127,#13134),.PCURVE_S1.);
#13123 = LINE('',#13124,#13125);
#13124 = CARTESIAN_POINT('',(3.75E+03,-50.,2.05E+03));
#13125 = VECTOR('',#13126,1.);
#13126 = DIRECTION('',(-0.,1.,0.));
#13127 = PCURVE('',#13041,#13128);
#13128 = DEFINITIONAL_REPRESENTATION('',(#13129),#13133);
#13129 = LINE('',#13130,#13131);
#13130 = CARTESIAN_POINT('',(100.,0.));
#13131 = VECTOR('',#13132,1.);
#13132 = DIRECTION('',(0.,-1.));
#13133 = ( GEOMETRIC_REPRESENTATION_CONTEXT(2) 
PARAMETRIC_REPRESENTATION_CONTEXT() REPRESENTATION_CONTEXT('2D SPACE',''
  ) );
#13134 = PCURVE('',#13135,#13140);
#13135 = PLANE('',#13136);
#13136 = AXIS2_PLACEMENT_3D('',#13137,#13138,#13139);
#13137 = CARTESIAN_POINT('',(3.75E+03,-50.,2.05E+03));
#13138 = DIRECTION('',(0.,0.,1.));
#13139 = DIRECTION('',(1.,0.,-0.));
#13140 = DEFINITIONAL_REPRESENTATION('',(#13141),#13145);
#13141 = LINE('',#13142,#13143);
#13142 = CARTESIAN_POINT('',(0.,0.));
#13143 = VECTOR('',#13144,1.);
#13144 = DIRECTION('',(0.,1.));
#13145 = ( GEOMETRIC_REPRESENTATION_CONTEXT(2) 
PARAMETRIC_REPRESENTATION_CONTEXT() REPRESENTATION_CONTEXT('2D SPACE',''
  ) );
#13146 = ADVANCED_FACE('',(#13147,#13222),#13053,.F.);
#13147 = FACE_BOUND('',#13148,.F.);
#13148 = EDGE_LOOP('',(#13149,#13172,#13173,#13196));
#13149 = ORIENTED_EDGE('',*,*,#13150,.F.);
#13150 = EDGE_CURVE('',#13031,#13151,#13153,.T.);
#13151 = VERTEX_POINT('',#13152);
#13152 = CARTESIAN_POINT('',(3.85E+03,-50.,1.95E+03));
#13153 = SURFACE_CURVE('',#13154,(#13158,#13165),.PCURVE_S1.);
#13154 = LINE('',#13155,#13156);
#13155 = CARTESIAN_POINT('',(3.75E+03,-50.,1.95E+03));
#13156 = VECTOR('',#13157,1.);
#13157 = DIRECTION('',(1.,0.,-0.));
#13158 = PCURVE('',#13053,#13159);
#13159 = DEFINITIONAL_REPRESENTATION('',(#13160),#13164);
#13160 = LINE('',#13161,#13162);
#13161 = CARTESIAN_POINT('',(0.,0.));
#13162 = VECTOR('',#13163,1.);
#13163 = DIRECTION('',(0.,1.));
#13164 = ( GEOMETRIC_REPRESENTATION_CONTEXT(2) 
PARAMETRIC_REPRESENTATION_CONTEXT() REPRESENTATION_CONTEXT('2D SPACE',''
  ) );
#13165 = PCURVE('',#13081,#13166);
#13166 = DEFINITIONAL_REPRESENTATION('',(#13167),#13171);
#13167 = LINE('',#13168,#13169);
#13168 = CARTESIAN_POINT('',(0.,0.));
#13169 = VECTOR('',#13170,1.);
#13170 = DIRECTION('',(1.,0.));
#13171 = ( GEOMETRIC_REPRESENTATION_CONTEXT(2) 
PARAMETRIC_REPRESENTATION_CONTEXT() REPRESENTATION_CONTEXT('2D SPACE',''
  ) );
#13172 = ORIENTED_EDGE('',*,*,#13030,.T.);
#13173 = ORIENTED_EDGE('',*,*,#13174,.T.);
#13174 = EDGE_CURVE('',#13033,#13175,#13177,.T.);
#13175 = VERTEX_POINT('',#13176);
#13176 = CARTESIAN_POINT('',(3.85E+03,-50.,2.05E+03));
#13177 = SURFACE_CURVE('',#13178,(#13182,#13189),.PCURVE_S1.);
#13178 = LINE('',#13179,#13180);
#13179 = CARTESIAN_POINT('',(3.75E+03,-50.,2.05E+03));
#13180 = VECTOR('',#13181,1.);
#13181 = DIRECTION('',(1.,0.,-0.));
#13182 = PCURVE('',#13053,#13183);
#13183 = DEFINITIONAL_REPRESENTATION('',(#13184),#13188);
#13184 = LINE('',#13185,#13186);
#13185 = CARTESIAN_POINT('',(100.,0.));
#13186 = VECTOR('',#13187,1.);
#13187 = DIRECTION('',(0.,1.));
#13188 = ( GEOMETRIC_REPRESENTATION_CONTEXT(2) 
PARAMETRIC_REPRESENTATION_CONTEXT() REPRESENTATION_CONTEXT('2D SPACE',''
  ) );
#13189 = PCURVE('',#13135,#13190);
#13190 = DEFINITIONAL_REPRESENTATION('',(#13191),#13195);
#13191 = LINE('',#13192,#13193);
#13192 = CARTESIAN_POINT('',(0.,0.));
#13193 = VECTOR('',#13194,1.);
#13194 = DIRECTION('',(1.,0.));
#13195 = ( GEOMETRIC_REPRESENTATION_CONTEXT(2) 
PARAMETRIC_REPRESENTATION_CONTEXT() REPRESENTATION_CONTEXT('2D SPACE',''
  ) );
#13196 = ORIENTED_EDGE('',*,*,#13197,.F.);
#13197 = EDGE_CURVE('',#13151,#13175,#13198,.T.);
#13198 = SURFACE_CURVE('',#13199,(#13203,#13210),.PCURVE_S1.);
#13199 = LINE('',#13200,#13201);
#13200 = CARTESIAN_POINT('',(3.85E+03,-50.,1.95E+03));
#13201 = VECTOR('',#13202,1.);
#13202 = DIRECTION('',(0.,0.,1.));
#13203 = PCURVE('',#13053,#13204);
#13204 = DEFINITIONAL_REPRESENTATION('',(#13205),#13209);
#13205 = LINE('',#13206,#13207);
#13206 = CARTESIAN_POINT('',(0.,100.));
#13207 = VECTOR('',#13208,1.);
#13208 = DIRECTION('',(1.,0.));
#13209 = ( GEOMETRIC_REPRESENTATION_CONTEXT(2) 
PARAMETRIC_REPRESENTATION_CONTEXT() REPRESENTATION_CONTEXT('2D SPACE',''
  ) );
#13210 = PCURVE('',#13211,#13216);
#13211 = PLANE('',#13212);
#13212 = AXIS2_PLACEMENT_3D('',#13213,#13214,#13215);
#13213 = CARTESIAN_POINT('',(3.85E+03,-50.,1.95E+03));
#13214 = DIRECTION('',(1.,0.,-0.));
#13215 = DIRECTION('',(0.,0.,1.));
#13216 = DEFINITIONAL_REPRESENTATION('',(#13217),#13221);
#13217 = LINE('',#13218,#13219);
#13218 = CARTESIAN_POINT('',(0.,0.));
#13219 = VECTOR('',#13220,1.);
#13220 = DIRECTION('',(1.,0.));
#13221 = ( GEOMETRIC_REPRESENTATION_CONTEXT(2) 
PARAMETRIC_REPRESENTATION_CONTEXT() REPRESENTATION_CONTEXT('2D SPACE',''
  ) );
#13222 = FACE_BOUND('',#13223,.F.);
#13223 = EDGE_LOOP('',(#13224));
#13224 = ORIENTED_EDGE('',*,*,#13225,.T.);
#13225 = EDGE_CURVE('',#13226,#13226,#13228,.T.);
#13226 = VERTEX_POINT('',#13227);
#13227 = CARTESIAN_POINT('',(3.838E+03,-50.,2.E+03));
#13228 = SURFACE_CURVE('',#13229,(#13234,#13245),.PCURVE_S1.);
#13229 = CIRCLE('',#13230,38.);
#13230 = AXIS2_PLACEMENT_3D('',#13231,#13232,#13233);
#13231 = CARTESIAN_POINT('',(3.8E+03,-50.,2.E+03));
#13232 = DIRECTION('',(0.,-1.,2.22044604925E-16));
#13233 = DIRECTION('',(1.,0.,0.));
#13234 = PCURVE('',#13053,#13235);
#13235 = DEFINITIONAL_REPRESENTATION('',(#13236),#13244);
#13236 = ( BOUNDED_CURVE() B_SPLINE_CURVE(2,(#13237,#13238,#13239,#13240
    ,#13241,#13242,#13243),.UNSPECIFIED.,.T.,.F.) 
B_SPLINE_CURVE_WITH_KNOTS((1,2,2,2,2,1),(-2.094395102393,0.,
    2.094395102393,4.188790204786,6.28318530718,8.377580409573),
.UNSPECIFIED.) CURVE() GEOMETRIC_REPRESENTATION_ITEM() 
RATIONAL_B_SPLINE_CURVE((1.,0.5,1.,0.5,1.,0.5,1.)) REPRESENTATION_ITEM(
  '') );
#13237 = CARTESIAN_POINT('',(50.,88.));
#13238 = CARTESIAN_POINT('',(115.81793068761,88.));
#13239 = CARTESIAN_POINT('',(82.908965343809,31.));
#13240 = CARTESIAN_POINT('',(50.,-26.));
#13241 = CARTESIAN_POINT('',(17.091034656191,31.));
#13242 = CARTESIAN_POINT('',(-15.81793068761,88.));
#13243 = CARTESIAN_POINT('',(50.,88.));
#13244 = ( GEOMETRIC_REPRESENTATION_CONTEXT(2) 
PARAMETRIC_REPRESENTATION_CONTEXT() REPRESENTATION_CONTEXT('2D SPACE',''
  ) );
#13245 = PCURVE('',#13246,#13251);
#13246 = CYLINDRICAL_SURFACE('',#13247,38.);
#13247 = AXIS2_PLACEMENT_3D('',#13248,#13249,#13250);
#13248 = CARTESIAN_POINT('',(3.8E+03,-50.,2.E+03));
#13249 = DIRECTION('',(0.,-1.,2.22044604925E-16));
#13250 = DIRECTION('',(1.,0.,0.));
#13251 = DEFINITIONAL_REPRESENTATION('',(#13252),#13256);
#13252 = LINE('',#13253,#13254);
#13253 = CARTESIAN_POINT('',(0.,0.));
#13254 = VECTOR('',#13255,1.);
#13255 = DIRECTION('',(1.,0.));
#13256 = ( GEOMETRIC_REPRESENTATION_CONTEXT(2) 
PARAMETRIC_REPRESENTATION_CONTEXT() REPRESENTATION_CONTEXT('2D SPACE',''
  ) );
#13257 = ADVANCED_FACE('',(#13258),#13135,.T.);
#13258 = FACE_BOUND('',#13259,.T.);
#13259 = EDGE_LOOP('',(#13260,#13261,#13262,#13285));
#13260 = ORIENTED_EDGE('',*,*,#13121,.F.);
#13261 = ORIENTED_EDGE('',*,*,#13174,.T.);
#13262 = ORIENTED_EDGE('',*,*,#13263,.T.);
#13263 = EDGE_CURVE('',#13175,#13264,#13266,.T.);
#13264 = VERTEX_POINT('',#13265);
#13265 = CARTESIAN_POINT('',(3.85E+03,0.,2.05E+03));
#13266 = SURFACE_CURVE('',#13267,(#13271,#13278),.PCURVE_S1.);
#13267 = LINE('',#13268,#13269);
#13268 = CARTESIAN_POINT('',(3.85E+03,-50.,2.05E+03));
#13269 = VECTOR('',#13270,1.);
#13270 = DIRECTION('',(-0.,1.,0.));
#13271 = PCURVE('',#13135,#13272);
#13272 = DEFINITIONAL_REPRESENTATION('',(#13273),#13277);
#13273 = LINE('',#13274,#13275);
#13274 = CARTESIAN_POINT('',(100.,0.));
#13275 = VECTOR('',#13276,1.);
#13276 = DIRECTION('',(0.,1.));
#13277 = ( GEOMETRIC_REPRESENTATION_CONTEXT(2) 
PARAMETRIC_REPRESENTATION_CONTEXT() REPRESENTATION_CONTEXT('2D SPACE',''
  ) );
#13278 = PCURVE('',#13211,#13279);
#13279 = DEFINITIONAL_REPRESENTATION('',(#13280),#13284);
#13280 = LINE('',#13281,#13282);
#13281 = CARTESIAN_POINT('',(100.,0.));
#13282 = VECTOR('',#13283,1.);
#13283 = DIRECTION('',(0.,-1.));
#13284 = ( GEOMETRIC_REPRESENTATION_CONTEXT(2) 
PARAMETRIC_REPRESENTATION_CONTEXT() REPRESENTATION_CONTEXT('2D SPACE',''
  ) );
#13285 = ORIENTED_EDGE('',*,*,#13286,.F.);
#13286 = EDGE_CURVE('',#13094,#13264,#13287,.T.);
#13287 = SURFACE_CURVE('',#13288,(#13292,#13299),.PCURVE_S1.);
#13288 = LINE('',#13289,#13290);
#13289 = CARTESIAN_POINT('',(3.75E+03,0.,2.05E+03));
#13290 = VECTOR('',#13291,1.);
#13291 = DIRECTION('',(1.,0.,-0.));
#13292 = PCURVE('',#13135,#13293);
#13293 = DEFINITIONAL_REPRESENTATION('',(#13294),#13298);
#13294 = LINE('',#13295,#13296);
#13295 = CARTESIAN_POINT('',(0.,50.));
#13296 = VECTOR('',#13297,1.);
#13297 = DIRECTION('',(1.,0.));
#13298 = ( GEOMETRIC_REPRESENTATION_CONTEXT(2) 
PARAMETRIC_REPRESENTATION_CONTEXT() REPRESENTATION_CONTEXT('2D SPACE',''
  ) );
#13299 = PCURVE('',#13109,#13300);
#13300 = DEFINITIONAL_REPRESENTATION('',(#13301),#13305);
#13301 = LINE('',#13302,#13303);
#13302 = CARTESIAN_POINT('',(100.,0.));
#13303 = VECTOR('',#13304,1.);
#13304 = DIRECTION('',(0.,1.));
#13305 = ( GEOMETRIC_REPRESENTATION_CONTEXT(2) 
PARAMETRIC_REPRESENTATION_CONTEXT() REPRESENTATION_CONTEXT('2D SPACE',''
  ) );
#13306 = ADVANCED_FACE('',(#13307),#13109,.T.);
#13307 = FACE_BOUND('',#13308,.T.);
#13308 = EDGE_LOOP('',(#13309,#13332,#13333,#13334));
#13309 = ORIENTED_EDGE('',*,*,#13310,.F.);
#13310 = EDGE_CURVE('',#13066,#13311,#13313,.T.);
#13311 = VERTEX_POINT('',#13312);
#13312 = CARTESIAN_POINT('',(3.85E+03,0.,1.95E+03));
#13313 = SURFACE_CURVE('',#13314,(#13318,#13325),.PCURVE_S1.);
#13314 = LINE('',#13315,#13316);
#13315 = CARTESIAN_POINT('',(3.75E+03,0.,1.95E+03));
#13316 = VECTOR('',#13317,1.);
#13317 = DIRECTION('',(1.,0.,-0.));
#13318 = PCURVE('',#13109,#13319);
#13319 = DEFINITIONAL_REPRESENTATION('',(#13320),#13324);
#13320 = LINE('',#13321,#13322);
#13321 = CARTESIAN_POINT('',(0.,0.));
#13322 = VECTOR('',#13323,1.);
#13323 = DIRECTION('',(0.,1.));
#13324 = ( GEOMETRIC_REPRESENTATION_CONTEXT(2) 
PARAMETRIC_REPRESENTATION_CONTEXT() REPRESENTATION_CONTEXT('2D SPACE',''
  ) );
#13325 = PCURVE('',#13081,#13326);
#13326 = DEFINITIONAL_REPRESENTATION('',(#13327),#13331);
#13327 = LINE('',#13328,#13329);
#13328 = CARTESIAN_POINT('',(0.,50.));
#13329 = VECTOR('',#13330,1.);
#13330 = DIRECTION('',(1.,0.));
#13331 = ( GEOMETRIC_REPRESENTATION_CONTEXT(2) 
PARAMETRIC_REPRESENTATION_CONTEXT() REPRESENTATION_CONTEXT('2D SPACE',''
  ) );
#13332 = ORIENTED_EDGE('',*,*,#13093,.T.);
#13333 = ORIENTED_EDGE('',*,*,#13286,.T.);
#13334 = ORIENTED_EDGE('',*,*,#13335,.F.);
#13335 = EDGE_CURVE('',#13311,#13264,#13336,.T.);
#13336 = SURFACE_CURVE('',#13337,(#13341,#13348),.PCURVE_S1.);
#13337 = LINE('',#13338,#13339);
#13338 = CARTESIAN_POINT('',(3.85E+03,0.,1.95E+03));
#13339 = VECTOR('',#13340,1.);
#13340 = DIRECTION('',(0.,0.,1.));
#13341 = PCURVE('',#13109,#13342);
#13342 = DEFINITIONAL_REPRESENTATION('',(#13343),#13347);
#13343 = LINE('',#13344,#13345);
#13344 = CARTESIAN_POINT('',(0.,100.));
#13345 = VECTOR('',#13346,1.);
#13346 = DIRECTION('',(1.,0.));
#13347 = ( GEOMETRIC_REPRESENTATION_CONTEXT(2) 
PARAMETRIC_REPRESENTATION_CONTEXT() REPRESENTATION_CONTEXT('2D SPACE',''
  ) );
#13348 = PCURVE('',#13211,#13349);
#13349 = DEFINITIONAL_REPRESENTATION('',(#13350),#13354);
#13350 = LINE('',#13351,#13352);
#13351 = CARTESIAN_POINT('',(0.,-50.));
#13352 = VECTOR('',#13353,1.);
#13353 = DIRECTION('',(1.,0.));
#13354 = ( GEOMETRIC_REPRESENTATION_CONTEXT(2) 
PARAMETRIC_REPRESENTATION_CONTEXT() REPRESENTATION_CONTEXT('2D SPACE',''
  ) );
#13355 = ADVANCED_FACE('',(#13356),#13081,.F.);
#13356 = FACE_BOUND('',#13357,.F.);
#13357 = EDGE_LOOP('',(#13358,#13359,#13360,#13381));
#13358 = ORIENTED_EDGE('',*,*,#13065,.F.);
#13359 = ORIENTED_EDGE('',*,*,#13150,.T.);
#13360 = ORIENTED_EDGE('',*,*,#13361,.T.);
#13361 = EDGE_CURVE('',#13151,#13311,#13362,.T.);
#13362 = SURFACE_CURVE('',#13363,(#13367,#13374),.PCURVE_S1.);
#13363 = LINE('',#13364,#13365);
#13364 = CARTESIAN_POINT('',(3.85E+03,-50.,1.95E+03));
#13365 = VECTOR('',#13366,1.);
#13366 = DIRECTION('',(-0.,1.,0.));
#13367 = PCURVE('',#13081,#13368);
#13368 = DEFINITIONAL_REPRESENTATION('',(#13369),#13373);
#13369 = LINE('',#13370,#13371);
#13370 = CARTESIAN_POINT('',(100.,0.));
#13371 = VECTOR('',#13372,1.);
#13372 = DIRECTION('',(0.,1.));
#13373 = ( GEOMETRIC_REPRESENTATION_CONTEXT(2) 
PARAMETRIC_REPRESENTATION_CONTEXT() REPRESENTATION_CONTEXT('2D SPACE',''
  ) );
#13374 = PCURVE('',#13211,#13375);
#13375 = DEFINITIONAL_REPRESENTATION('',(#13376),#13380);
#13376 = LINE('',#13377,#13378);
#13377 = CARTESIAN_POINT('',(0.,0.));
#13378 = VECTOR('',#13379,1.);
#13379 = DIRECTION('',(0.,-1.));
#13380 = ( GEOMETRIC_REPRESENTATION_CONTEXT(2) 
PARAMETRIC_REPRESENTATION_CONTEXT() REPRESENTATION_CONTEXT('2D SPACE',''
  ) );
#13381 = ORIENTED_EDGE('',*,*,#13310,.F.);
#13382 = ADVANCED_FACE('',(#13383),#13211,.T.);
#13383 = FACE_BOUND('',#13384,.T.);
#13384 = EDGE_LOOP('',(#13385,#13386,#13387,#13388));
#13385 = ORIENTED_EDGE('',*,*,#13197,.F.);
#13386 = ORIENTED_EDGE('',*,*,#13361,.T.);
#13387 = ORIENTED_EDGE('',*,*,#13335,.T.);
#13388 = ORIENTED_EDGE('',*,*,#13263,.F.);
#13389 = ADVANCED_FACE('',(#13390),#13246,.T.);
#13390 = FACE_BOUND('',#13391,.T.);
#13391 = EDGE_LOOP('',(#13392,#13415,#13443,#13467,#13488,#13489));
#13392 = ORIENTED_EDGE('',*,*,#13393,.T.);
#13393 = EDGE_CURVE('',#13226,#13394,#13396,.T.);
#13394 = VERTEX_POINT('',#13395);
#13395 = CARTESIAN_POINT('',(3.838E+03,-110.,2.E+03));
#13396 = SEAM_CURVE('',#13397,(#13401,#13408),.PCURVE_S1.);
#13397 = LINE('',#13398,#13399);
#13398 = CARTESIAN_POINT('',(3.838E+03,-50.,2.E+03));
#13399 = VECTOR('',#13400,1.);
#13400 = DIRECTION('',(0.,-1.,2.22044604925E-16));
#13401 = PCURVE('',#13246,#13402);
#13402 = DEFINITIONAL_REPRESENTATION('',(#13403),#13407);
#13403 = LINE('',#13404,#13405);
#13404 = CARTESIAN_POINT('',(6.28318530718,-0.));
#13405 = VECTOR('',#13406,1.);
#13406 = DIRECTION('',(0.,1.));
#13407 = ( GEOMETRIC_REPRESENTATION_CONTEXT(2) 
PARAMETRIC_REPRESENTATION_CONTEXT() REPRESENTATION_CONTEXT('2D SPACE',''
  ) );
#13408 = PCURVE('',#13246,#13409);
#13409 = DEFINITIONAL_REPRESENTATION('',(#13410),#13414);
#13410 = LINE('',#13411,#13412);
#13411 = CARTESIAN_POINT('',(0.,-0.));
#13412 = VECTOR('',#13413,1.);
#13413 = DIRECTION('',(0.,1.));
#13414 = ( GEOMETRIC_REPRESENTATION_CONTEXT(2) 
PARAMETRIC_REPRESENTATION_CONTEXT() REPRESENTATION_CONTEXT('2D SPACE',''
  ) );
#13415 = ORIENTED_EDGE('',*,*,#13416,.F.);
#13416 = EDGE_CURVE('',#13417,#13394,#13419,.T.);
#13417 = VERTEX_POINT('',#13418);
#13418 = CARTESIAN_POINT('',(3.8E+03,-110.,1.962E+03));
#13419 = SURFACE_CURVE('',#13420,(#13425,#13432),.PCURVE_S1.);
#13420 = CIRCLE('',#13421,38.);
#13421 = AXIS2_PLACEMENT_3D('',#13422,#13423,#13424);
#13422 = CARTESIAN_POINT('',(3.8E+03,-110.,2.E+03));
#13423 = DIRECTION('',(0.,-1.,2.22044604925E-16));
#13424 = DIRECTION('',(1.,0.,0.));
#13425 = PCURVE('',#13246,#13426);
#13426 = DEFINITIONAL_REPRESENTATION('',(#13427),#13431);
#13427 = LINE('',#13428,#13429);
#13428 = CARTESIAN_POINT('',(0.,60.));
#13429 = VECTOR('',#13430,1.);
#13430 = DIRECTION('',(1.,0.));
#13431 = ( GEOMETRIC_REPRESENTATION_CONTEXT(2) 
PARAMETRIC_REPRESENTATION_CONTEXT() REPRESENTATION_CONTEXT('2D SPACE',''
  ) );
#13432 = PCURVE('',#13433,#13438);
#13433 = SPHERICAL_SURFACE('',#13434,38.);
#13434 = AXIS2_PLACEMENT_3D('',#13435,#13436,#13437);
#13435 = CARTESIAN_POINT('',(3.8E+03,-110.,2.E+03));
#13436 = DIRECTION('',(0.,0.,1.));
#13437 = DIRECTION('',(1.,0.,-0.));
#13438 = DEFINITIONAL_REPRESENTATION('',(#13439),#13442);
#13439 = B_SPLINE_CURVE_WITH_KNOTS('',1,(#13440,#13441),.UNSPECIFIED.,
  .F.,.F.,(2,2),(4.712388980385,6.28318530718),
  .PIECEWISE_BEZIER_KNOTS.);
#13440 = CARTESIAN_POINT('',(6.28318530718,-1.570796326795));
#13441 = CARTESIAN_POINT('',(6.28318530718,0.));
#13442 = ( GEOMETRIC_REPRESENTATION_CONTEXT(2) 
PARAMETRIC_REPRESENTATION_CONTEXT() REPRESENTATION_CONTEXT('2D SPACE',''
  ) );
#13443 = ORIENTED_EDGE('',*,*,#13444,.F.);
#13444 = EDGE_CURVE('',#13445,#13417,#13447,.T.);
#13445 = VERTEX_POINT('',#13446);
#13446 = CARTESIAN_POINT('',(3.8E+03,-110.,2.038E+03));
#13447 = SURFACE_CURVE('',#13448,(#13453,#13460),.PCURVE_S1.);
#13448 = CIRCLE('',#13449,38.);
#13449 = AXIS2_PLACEMENT_3D('',#13450,#13451,#13452);
#13450 = CARTESIAN_POINT('',(3.8E+03,-110.,2.E+03));
#13451 = DIRECTION('',(0.,-1.,2.22044604925E-16));
#13452 = DIRECTION('',(1.,0.,0.));
#13453 = PCURVE('',#13246,#13454);
#13454 = DEFINITIONAL_REPRESENTATION('',(#13455),#13459);
#13455 = LINE('',#13456,#13457);
#13456 = CARTESIAN_POINT('',(0.,60.));
#13457 = VECTOR('',#13458,1.);
#13458 = DIRECTION('',(1.,0.));
#13459 = ( GEOMETRIC_REPRESENTATION_CONTEXT(2) 
PARAMETRIC_REPRESENTATION_CONTEXT() REPRESENTATION_CONTEXT('2D SPACE',''
  ) );
#13460 = PCURVE('',#13433,#13461);
#13461 = DEFINITIONAL_REPRESENTATION('',(#13462),#13466);
#13462 = LINE('',#13463,#13464);
#13463 = CARTESIAN_POINT('',(3.14159265359,3.14159265359));
#13464 = VECTOR('',#13465,1.);
#13465 = DIRECTION('',(0.,-1.));
#13466 = ( GEOMETRIC_REPRESENTATION_CONTEXT(2) 
PARAMETRIC_REPRESENTATION_CONTEXT() REPRESENTATION_CONTEXT('2D SPACE',''
  ) );
#13467 = ORIENTED_EDGE('',*,*,#13468,.F.);
#13468 = EDGE_CURVE('',#13394,#13445,#13469,.T.);
#13469 = SURFACE_CURVE('',#13470,(#13475,#13482),.PCURVE_S1.);
#13470 = CIRCLE('',#13471,38.);
#13471 = AXIS2_PLACEMENT_3D('',#13472,#13473,#13474);
#13472 = CARTESIAN_POINT('',(3.8E+03,-110.,2.E+03));
#13473 = DIRECTION('',(0.,-1.,2.22044604925E-16));
#13474 = DIRECTION('',(1.,0.,0.));
#13475 = PCURVE('',#13246,#13476);
#13476 = DEFINITIONAL_REPRESENTATION('',(#13477),#13481);
#13477 = LINE('',#13478,#13479);
#13478 = CARTESIAN_POINT('',(0.,60.));
#13479 = VECTOR('',#13480,1.);
#13480 = DIRECTION('',(1.,0.));
#13481 = ( GEOMETRIC_REPRESENTATION_CONTEXT(2) 
PARAMETRIC_REPRESENTATION_CONTEXT() REPRESENTATION_CONTEXT('2D SPACE',''
  ) );
#13482 = PCURVE('',#13433,#13483);
#13483 = DEFINITIONAL_REPRESENTATION('',(#13484),#13487);
#13484 = B_SPLINE_CURVE_WITH_KNOTS('',1,(#13485,#13486),.UNSPECIFIED.,
  .F.,.F.,(2,2),(0.,1.570796326795),.PIECEWISE_BEZIER_KNOTS.);
#13485 = CARTESIAN_POINT('',(6.28318530718,0.));
#13486 = CARTESIAN_POINT('',(6.28318530718,1.570796326795));
#13487 = ( GEOMETRIC_REPRESENTATION_CONTEXT(2) 
PARAMETRIC_REPRESENTATION_CONTEXT() REPRESENTATION_CONTEXT('2D SPACE',''
  ) );
#13488 = ORIENTED_EDGE('',*,*,#13393,.F.);
#13489 = ORIENTED_EDGE('',*,*,#13225,.T.);
#13490 = ADVANCED_FACE('',(#13491),#13433,.T.);
#13491 = FACE_BOUND('',#13492,.T.);
#13492 = EDGE_LOOP('',(#13493,#13494,#13495));
#13493 = ORIENTED_EDGE('',*,*,#13468,.T.);
#13494 = ORIENTED_EDGE('',*,*,#13444,.T.);
#13495 = ORIENTED_EDGE('',*,*,#13416,.T.);
#13496 = ( GEOMETRIC_REPRESENTATION_CONTEXT(3) 
GLOBAL_UNCERTAINTY_ASSIGNED_CONTEXT((#13500)) 
GLOBAL_UNIT_ASSIGNED_CONTEXT((#13497,#13498,#13499)) 
REPRESENTATION_CONTEXT('Context #1',
  '3D Context with UNIT and UNCERTAINTY') );
#13497 = ( LENGTH_UNIT() NAMED_UNIT(*) SI_UNIT(.MILLI.,.METRE.) );
#13498 = ( NAMED_UNIT(*) PLANE_ANGLE_UNIT() SI_UNIT($,.RADIAN.) );
#13499 = ( NAMED_UNIT(*) SI_UNIT($,.STERADIAN.) SOLID_ANGLE_UNIT() );
#13500 = UNCERTAINTY_MEASURE_WITH_UNIT(LENGTH_MEASURE(1.E-07),#13497,
  'distance_accuracy_value','confusion accuracy');
#13501 = CONTEXT_DEPENDENT_SHAPE_REPRESENTATION(#13502,#13504);
#13502 = ( REPRESENTATION_RELATIONSHIP('','',#13023,#10) 
REPRESENTATION_RELATIONSHIP_WITH_TRANSFORMATION(#13503) 
SHAPE_REPRESENTATION_RELATIONSHIP() );
#13503 = ITEM_DEFINED_TRANSFORMATION('','',#11,#59);
#13504 = PRODUCT_DEFINITION_SHAPE('Placement','Placement of an item',
  #13505);
#13505 = NEXT_ASSEMBLY_USAGE_OCCURRENCE('12','=>[0:1:1:13]','',#5,#13018
  ,$);
#13506 = PRODUCT_RELATED_PRODUCT_CATEGORY('part',$,(#13020));
#13507 = SHAPE_DEFINITION_REPRESENTATION(#13508,#13514);
#13508 = PRODUCT_DEFINITION_SHAPE('','',#13509);
#13509 = PRODUCT_DEFINITION('design','',#13510,#13513);
#13510 = PRODUCT_DEFINITION_FORMATION('','',#13511);
#13511 = PRODUCT('COMPOUND','COMPOUND','',(#13512));
#13512 = PRODUCT_CONTEXT('',#2,'mechanical');
#13513 = PRODUCT_DEFINITION_CONTEXT('part definition',#2,'design');
#13514 = ADVANCED_BREP_SHAPE_REPRESENTATION('',(#11,#13515),#14981);
#13515 = MANIFOLD_SOLID_BREP('',#13516);
#13516 = CLOSED_SHELL('',(#13517,#13605,#13609,#13644,#13807,#13940,
    #14089,#14094,#14165,#14244,#14271,#14297,#14304,#14462,#14491,
    #14646,#14651,#14813,#14836,#14864,#14965,#14971,#14977));
#13517 = ADVANCED_FACE('',(#13518),#13531,.T.);
#13518 = FACE_BOUND('',#13519,.T.);
#13519 = EDGE_LOOP('',(#13520,#13554,#13577,#13604));
#13520 = ORIENTED_EDGE('',*,*,#13521,.F.);
#13521 = EDGE_CURVE('',#13522,#13522,#13524,.T.);
#13522 = VERTEX_POINT('',#13523);
#13523 = CARTESIAN_POINT('',(3.19E+03,-65.,1.29E+03));
#13524 = SURFACE_CURVE('',#13525,(#13530,#13542),.PCURVE_S1.);
#13525 = CIRCLE('',#13526,10.);
#13526 = AXIS2_PLACEMENT_3D('',#13527,#13528,#13529);
#13527 = CARTESIAN_POINT('',(3.18E+03,-65.,1.29E+03));
#13528 = DIRECTION('',(0.,-1.,2.22044604925E-16));
#13529 = DIRECTION('',(1.,0.,0.));
#13530 = PCURVE('',#13531,#13536);
#13531 = CYLINDRICAL_SURFACE('',#13532,10.);
#13532 = AXIS2_PLACEMENT_3D('',#13533,#13534,#13535);
#13533 = CARTESIAN_POINT('',(3.18E+03,-55.,1.29E+03));
#13534 = DIRECTION('',(0.,-1.,2.22044604925E-16));
#13535 = DIRECTION('',(1.,0.,0.));
#13536 = DEFINITIONAL_REPRESENTATION('',(#13537),#13541);
#13537 = LINE('',#13538,#13539);
#13538 = CARTESIAN_POINT('',(0.,10.));
#13539 = VECTOR('',#13540,1.);
#13540 = DIRECTION('',(1.,0.));
#13541 = ( GEOMETRIC_REPRESENTATION_CONTEXT(2) 
PARAMETRIC_REPRESENTATION_CONTEXT() REPRESENTATION_CONTEXT('2D SPACE',''
  ) );
#13542 = PCURVE('',#13543,#13548);
#13543 = PLANE('',#13544);
#13544 = AXIS2_PLACEMENT_3D('',#13545,#13546,#13547);
#13545 = CARTESIAN_POINT('',(3.18E+03,-65.,1.29E+03));
#13546 = DIRECTION('',(0.,-1.,2.22044604925E-16));
#13547 = DIRECTION('',(1.,0.,0.));
#13548 = DEFINITIONAL_REPRESENTATION('',(#13549),#13553);
#13549 = CIRCLE('',#13550,10.);
#13550 = AXIS2_PLACEMENT_2D('',#13551,#13552);
#13551 = CARTESIAN_POINT('',(0.,0.));
#13552 = DIRECTION('',(1.,0.));
#13553 = ( GEOMETRIC_REPRESENTATION_CONTEXT(2) 
PARAMETRIC_REPRESENTATION_CONTEXT() REPRESENTATION_CONTEXT('2D SPACE',''
  ) );
#13554 = ORIENTED_EDGE('',*,*,#13555,.F.);
#13555 = EDGE_CURVE('',#13556,#13522,#13558,.T.);
#13556 = VERTEX_POINT('',#13557);
#13557 = CARTESIAN_POINT('',(3.19E+03,-55.,1.29E+03));
#13558 = SEAM_CURVE('',#13559,(#13563,#13570),.PCURVE_S1.);
#13559 = LINE('',#13560,#13561);
#13560 = CARTESIAN_POINT('',(3.19E+03,-55.,1.29E+03));
#13561 = VECTOR('',#13562,1.);
#13562 = DIRECTION('',(0.,-1.,2.22044604925E-16));
#13563 = PCURVE('',#13531,#13564);
#13564 = DEFINITIONAL_REPRESENTATION('',(#13565),#13569);
#13565 = LINE('',#13566,#13567);
#13566 = CARTESIAN_POINT('',(6.28318530718,-0.));
#13567 = VECTOR('',#13568,1.);
#13568 = DIRECTION('',(0.,1.));
#13569 = ( GEOMETRIC_REPRESENTATION_CONTEXT(2) 
PARAMETRIC_REPRESENTATION_CONTEXT() REPRESENTATION_CONTEXT('2D SPACE',''
  ) );
#13570 = PCURVE('',#13531,#13571);
#13571 = DEFINITIONAL_REPRESENTATION('',(#13572),#13576);
#13572 = LINE('',#13573,#13574);
#13573 = CARTESIAN_POINT('',(0.,-0.));
#13574 = VECTOR('',#13575,1.);
#13575 = DIRECTION('',(0.,1.));
#13576 = ( GEOMETRIC_REPRESENTATION_CONTEXT(2) 
PARAMETRIC_REPRESENTATION_CONTEXT() REPRESENTATION_CONTEXT('2D SPACE',''
  ) );
#13577 = ORIENTED_EDGE('',*,*,#13578,.T.);
#13578 = EDGE_CURVE('',#13556,#13556,#13579,.T.);
#13579 = SURFACE_CURVE('',#13580,(#13585,#13592),.PCURVE_S1.);
#13580 = CIRCLE('',#13581,10.);
#13581 = AXIS2_PLACEMENT_3D('',#13582,#13583,#13584);
#13582 = CARTESIAN_POINT('',(3.18E+03,-55.,1.29E+03));
#13583 = DIRECTION('',(0.,-1.,2.22044604925E-16));
#13584 = DIRECTION('',(1.,0.,0.));
#13585 = PCURVE('',#13531,#13586);
#13586 = DEFINITIONAL_REPRESENTATION('',(#13587),#13591);
#13587 = LINE('',#13588,#13589);
#13588 = CARTESIAN_POINT('',(0.,0.));
#13589 = VECTOR('',#13590,1.);
#13590 = DIRECTION('',(1.,0.));
#13591 = ( GEOMETRIC_REPRESENTATION_CONTEXT(2) 
PARAMETRIC_REPRESENTATION_CONTEXT() REPRESENTATION_CONTEXT('2D SPACE',''
  ) );
#13592 = PCURVE('',#13593,#13598);
#13593 = PLANE('',#13594);
#13594 = AXIS2_PLACEMENT_3D('',#13595,#13596,#13597);
#13595 = CARTESIAN_POINT('',(3.18E+03,-55.,1.29E+03));
#13596 = DIRECTION('',(0.,-1.,2.22044604925E-16));
#13597 = DIRECTION('',(1.,0.,0.));
#13598 = DEFINITIONAL_REPRESENTATION('',(#13599),#13603);
#13599 = CIRCLE('',#13600,10.);
#13600 = AXIS2_PLACEMENT_2D('',#13601,#13602);
#13601 = CARTESIAN_POINT('',(0.,0.));
#13602 = DIRECTION('',(1.,0.));
#13603 = ( GEOMETRIC_REPRESENTATION_CONTEXT(2) 
PARAMETRIC_REPRESENTATION_CONTEXT() REPRESENTATION_CONTEXT('2D SPACE',''
  ) );
#13604 = ORIENTED_EDGE('',*,*,#13555,.T.);
#13605 = ADVANCED_FACE('',(#13606),#13543,.T.);
#13606 = FACE_BOUND('',#13607,.T.);
#13607 = EDGE_LOOP('',(#13608));
#13608 = ORIENTED_EDGE('',*,*,#13521,.T.);
#13609 = ADVANCED_FACE('',(#13610,#13613),#13593,.F.);
#13610 = FACE_BOUND('',#13611,.F.);
#13611 = EDGE_LOOP('',(#13612));
#13612 = ORIENTED_EDGE('',*,*,#13578,.T.);
#13613 = FACE_BOUND('',#13614,.F.);
#13614 = EDGE_LOOP('',(#13615));
#13615 = ORIENTED_EDGE('',*,*,#13616,.F.);
#13616 = EDGE_CURVE('',#13617,#13617,#13619,.T.);
#13617 = VERTEX_POINT('',#13618);
#13618 = CARTESIAN_POINT('',(3.188E+03,-55.,1.29E+03));
#13619 = SURFACE_CURVE('',#13620,(#13625,#13632),.PCURVE_S1.);
#13620 = CIRCLE('',#13621,8.);
#13621 = AXIS2_PLACEMENT_3D('',#13622,#13623,#13624);
#13622 = CARTESIAN_POINT('',(3.18E+03,-55.,1.29E+03));
#13623 = DIRECTION('',(0.,-1.,2.22044604925E-16));
#13624 = DIRECTION('',(1.,0.,0.));
#13625 = PCURVE('',#13593,#13626);
#13626 = DEFINITIONAL_REPRESENTATION('',(#13627),#13631);
#13627 = CIRCLE('',#13628,8.);
#13628 = AXIS2_PLACEMENT_2D('',#13629,#13630);
#13629 = CARTESIAN_POINT('',(0.,0.));
#13630 = DIRECTION('',(1.,0.));
#13631 = ( GEOMETRIC_REPRESENTATION_CONTEXT(2) 
PARAMETRIC_REPRESENTATION_CONTEXT() REPRESENTATION_CONTEXT('2D SPACE',''
  ) );
#13632 = PCURVE('',#13633,#13638);
#13633 = CYLINDRICAL_SURFACE('',#13634,8.);
#13634 = AXIS2_PLACEMENT_3D('',#13635,#13636,#13637);
#13635 = CARTESIAN_POINT('',(3.18E+03,-25.,1.29E+03));
#13636 = DIRECTION('',(0.,-1.,2.22044604925E-16));
#13637 = DIRECTION('',(1.,0.,0.));
#13638 = DEFINITIONAL_REPRESENTATION('',(#13639),#13643);
#13639 = LINE('',#13640,#13641);
#13640 = CARTESIAN_POINT('',(0.,30.));
#13641 = VECTOR('',#13642,1.);
#13642 = DIRECTION('',(1.,0.));
#13643 = ( GEOMETRIC_REPRESENTATION_CONTEXT(2) 
PARAMETRIC_REPRESENTATION_CONTEXT() REPRESENTATION_CONTEXT('2D SPACE',''
  ) );
#13644 = ADVANCED_FACE('',(#13645),#13633,.T.);
#13645 = FACE_BOUND('',#13646,.T.);
#13646 = EDGE_LOOP('',(#13647,#13670,#13671,#13672,#13705,#13731,#13760,
    #13781));
#13647 = ORIENTED_EDGE('',*,*,#13648,.T.);
#13648 = EDGE_CURVE('',#13649,#13617,#13651,.T.);
#13649 = VERTEX_POINT('',#13650);
#13650 = CARTESIAN_POINT('',(3.188E+03,-40.,1.29E+03));
#13651 = SEAM_CURVE('',#13652,(#13656,#13663),.PCURVE_S1.);
#13652 = LINE('',#13653,#13654);
#13653 = CARTESIAN_POINT('',(3.188E+03,-25.,1.29E+03));
#13654 = VECTOR('',#13655,1.);
#13655 = DIRECTION('',(0.,-1.,2.22044604925E-16));
#13656 = PCURVE('',#13633,#13657);
#13657 = DEFINITIONAL_REPRESENTATION('',(#13658),#13662);
#13658 = LINE('',#13659,#13660);
#13659 = CARTESIAN_POINT('',(6.28318530718,-0.));
#13660 = VECTOR('',#13661,1.);
#13661 = DIRECTION('',(0.,1.));
#13662 = ( GEOMETRIC_REPRESENTATION_CONTEXT(2) 
PARAMETRIC_REPRESENTATION_CONTEXT() REPRESENTATION_CONTEXT('2D SPACE',''
  ) );
#13663 = PCURVE('',#13633,#13664);
#13664 = DEFINITIONAL_REPRESENTATION('',(#13665),#13669);
#13665 = LINE('',#13666,#13667);
#13666 = CARTESIAN_POINT('',(0.,-0.));
#13667 = VECTOR('',#13668,1.);
#13668 = DIRECTION('',(0.,1.));
#13669 = ( GEOMETRIC_REPRESENTATION_CONTEXT(2) 
PARAMETRIC_REPRESENTATION_CONTEXT() REPRESENTATION_CONTEXT('2D SPACE',''
  ) );
#13670 = ORIENTED_EDGE('',*,*,#13616,.F.);
#13671 = ORIENTED_EDGE('',*,*,#13648,.F.);
#13672 = ORIENTED_EDGE('',*,*,#13673,.T.);
#13673 = EDGE_CURVE('',#13649,#13674,#13676,.T.);
#13674 = VERTEX_POINT('',#13675);
#13675 = CARTESIAN_POINT('',(3.18E+03,-40.,1.298E+03));
#13676 = SURFACE_CURVE('',#13677,(#13682,#13689),.PCURVE_S1.);
#13677 = CIRCLE('',#13678,8.);
#13678 = AXIS2_PLACEMENT_3D('',#13679,#13680,#13681);
#13679 = CARTESIAN_POINT('',(3.18E+03,-40.,1.29E+03));
#13680 = DIRECTION('',(0.,-1.,2.22044604925E-16));
#13681 = DIRECTION('',(1.,0.,0.));
#13682 = PCURVE('',#13633,#13683);
#13683 = DEFINITIONAL_REPRESENTATION('',(#13684),#13688);
#13684 = LINE('',#13685,#13686);
#13685 = CARTESIAN_POINT('',(0.,15.));
#13686 = VECTOR('',#13687,1.);
#13687 = DIRECTION('',(1.,0.));
#13688 = ( GEOMETRIC_REPRESENTATION_CONTEXT(2) 
PARAMETRIC_REPRESENTATION_CONTEXT() REPRESENTATION_CONTEXT('2D SPACE',''
  ) );
#13689 = PCURVE('',#13690,#13695);
#13690 = PLANE('',#13691);
#13691 = AXIS2_PLACEMENT_3D('',#13692,#13693,#13694);
#13692 = CARTESIAN_POINT('',(3.18E+03,-40.,1.275E+03));
#13693 = DIRECTION('',(-0.,1.,0.));
#13694 = DIRECTION('',(0.,0.,1.));
#13695 = DEFINITIONAL_REPRESENTATION('',(#13696),#13704);
#13696 = ( BOUNDED_CURVE() B_SPLINE_CURVE(2,(#13697,#13698,#13699,#13700
    ,#13701,#13702,#13703),.UNSPECIFIED.,.T.,.F.) 
B_SPLINE_CURVE_WITH_KNOTS((1,2,2,2,2,1),(-2.094395102393,0.,
    2.094395102393,4.188790204786,6.28318530718,8.377580409573),
.UNSPECIFIED.) CURVE() GEOMETRIC_REPRESENTATION_ITEM() 
RATIONAL_B_SPLINE_CURVE((1.,0.5,1.,0.5,1.,0.5,1.)) REPRESENTATION_ITEM(
  '') );
#13697 = CARTESIAN_POINT('',(15.,8.));
#13698 = CARTESIAN_POINT('',(28.856406460551,8.));
#13699 = CARTESIAN_POINT('',(21.928203230276,-4.));
#13700 = CARTESIAN_POINT('',(15.,-16.));
#13701 = CARTESIAN_POINT('',(8.071796769724,-4.));
#13702 = CARTESIAN_POINT('',(1.143593539449,8.));
#13703 = CARTESIAN_POINT('',(15.,8.));
#13704 = ( GEOMETRIC_REPRESENTATION_CONTEXT(2) 
PARAMETRIC_REPRESENTATION_CONTEXT() REPRESENTATION_CONTEXT('2D SPACE',''
  ) );
#13705 = ORIENTED_EDGE('',*,*,#13706,.F.);
#13706 = EDGE_CURVE('',#13707,#13674,#13709,.T.);
#13707 = VERTEX_POINT('',#13708);
#13708 = CARTESIAN_POINT('',(3.18E+03,-25.,1.298E+03));
#13709 = SURFACE_CURVE('',#13710,(#13714,#13720),.PCURVE_S1.);
#13710 = LINE('',#13711,#13712);
#13711 = CARTESIAN_POINT('',(3.18E+03,-25.,1.298E+03));
#13712 = VECTOR('',#13713,1.);
#13713 = DIRECTION('',(0.,-1.,2.22044604925E-16));
#13714 = PCURVE('',#13633,#13715);
#13715 = DEFINITIONAL_REPRESENTATION('',(#13716),#13719);
#13716 = B_SPLINE_CURVE_WITH_KNOTS('',1,(#13717,#13718),.UNSPECIFIED.,
  .F.,.F.,(2,2),(-2.400000003178E-06,19.),.PIECEWISE_BEZIER_KNOTS.);
#13717 = CARTESIAN_POINT('',(1.570796326795,-2.400000001401E-06));
#13718 = CARTESIAN_POINT('',(1.570796326795,19.));
#13719 = ( GEOMETRIC_REPRESENTATION_CONTEXT(2) 
PARAMETRIC_REPRESENTATION_CONTEXT() REPRESENTATION_CONTEXT('2D SPACE',''
  ) );
#13720 = PCURVE('',#13721,#13726);
#13721 = PLANE('',#13722);
#13722 = AXIS2_PLACEMENT_3D('',#13723,#13724,#13725);
#13723 = CARTESIAN_POINT('',(3.18E+03,-40.,1.275E+03));
#13724 = DIRECTION('',(1.,0.,-0.));
#13725 = DIRECTION('',(0.,0.,1.));
#13726 = DEFINITIONAL_REPRESENTATION('',(#13727),#13730);
#13727 = B_SPLINE_CURVE_WITH_KNOTS('',1,(#13728,#13729),.UNSPECIFIED.,
  .F.,.F.,(2,2),(-2.400000003178E-06,19.),.PIECEWISE_BEZIER_KNOTS.);
#13728 = CARTESIAN_POINT('',(23.,-15.0000024));
#13729 = CARTESIAN_POINT('',(23.,4.));
#13730 = ( GEOMETRIC_REPRESENTATION_CONTEXT(2) 
PARAMETRIC_REPRESENTATION_CONTEXT() REPRESENTATION_CONTEXT('2D SPACE',''
  ) );
#13731 = ORIENTED_EDGE('',*,*,#13732,.T.);
#13732 = EDGE_CURVE('',#13707,#13733,#13735,.T.);
#13733 = VERTEX_POINT('',#13734);
#13734 = CARTESIAN_POINT('',(3.18E+03,-25.,1.282E+03));
#13735 = SURFACE_CURVE('',#13736,(#13741,#13748),.PCURVE_S1.);
#13736 = CIRCLE('',#13737,8.);
#13737 = AXIS2_PLACEMENT_3D('',#13738,#13739,#13740);
#13738 = CARTESIAN_POINT('',(3.18E+03,-25.,1.29E+03));
#13739 = DIRECTION('',(0.,-1.,2.22044604925E-16));
#13740 = DIRECTION('',(1.,0.,0.));
#13741 = PCURVE('',#13633,#13742);
#13742 = DEFINITIONAL_REPRESENTATION('',(#13743),#13747);
#13743 = LINE('',#13744,#13745);
#13744 = CARTESIAN_POINT('',(0.,0.));
#13745 = VECTOR('',#13746,1.);
#13746 = DIRECTION('',(1.,0.));
#13747 = ( GEOMETRIC_REPRESENTATION_CONTEXT(2) 
PARAMETRIC_REPRESENTATION_CONTEXT() REPRESENTATION_CONTEXT('2D SPACE',''
  ) );
#13748 = PCURVE('',#13749,#13754);
#13749 = PLANE('',#13750);
#13750 = AXIS2_PLACEMENT_3D('',#13751,#13752,#13753);
#13751 = CARTESIAN_POINT('',(3.18E+03,-25.,1.29E+03));
#13752 = DIRECTION('',(0.,-1.,2.22044604925E-16));
#13753 = DIRECTION('',(1.,0.,0.));
#13754 = DEFINITIONAL_REPRESENTATION('',(#13755),#13759);
#13755 = CIRCLE('',#13756,8.);
#13756 = AXIS2_PLACEMENT_2D('',#13757,#13758);
#13757 = CARTESIAN_POINT('',(0.,0.));
#13758 = DIRECTION('',(1.,0.));
#13759 = ( GEOMETRIC_REPRESENTATION_CONTEXT(2) 
PARAMETRIC_REPRESENTATION_CONTEXT() REPRESENTATION_CONTEXT('2D SPACE',''
  ) );
#13760 = ORIENTED_EDGE('',*,*,#13761,.T.);
#13761 = EDGE_CURVE('',#13733,#13762,#13764,.T.);
#13762 = VERTEX_POINT('',#13763);
#13763 = CARTESIAN_POINT('',(3.18E+03,-40.,1.282E+03));
#13764 = SURFACE_CURVE('',#13765,(#13769,#13775),.PCURVE_S1.);
#13765 = LINE('',#13766,#13767);
#13766 = CARTESIAN_POINT('',(3.18E+03,-25.,1.282E+03));
#13767 = VECTOR('',#13768,1.);
#13768 = DIRECTION('',(0.,-1.,2.22044604925E-16));
#13769 = PCURVE('',#13633,#13770);
#13770 = DEFINITIONAL_REPRESENTATION('',(#13771),#13774);
#13771 = B_SPLINE_CURVE_WITH_KNOTS('',1,(#13772,#13773),.UNSPECIFIED.,
  .F.,.F.,(2,2),(-2.399999999625E-06,19.),.PIECEWISE_BEZIER_KNOTS.);
#13772 = CARTESIAN_POINT('',(4.712388980385,-2.400000001401E-06));
#13773 = CARTESIAN_POINT('',(4.712388980385,19.));
#13774 = ( GEOMETRIC_REPRESENTATION_CONTEXT(2) 
PARAMETRIC_REPRESENTATION_CONTEXT() REPRESENTATION_CONTEXT('2D SPACE',''
  ) );
#13775 = PCURVE('',#13721,#13776);
#13776 = DEFINITIONAL_REPRESENTATION('',(#13777),#13780);
#13777 = B_SPLINE_CURVE_WITH_KNOTS('',1,(#13778,#13779),.UNSPECIFIED.,
  .F.,.F.,(2,2),(-2.399999999625E-06,19.),.PIECEWISE_BEZIER_KNOTS.);
#13778 = CARTESIAN_POINT('',(7.,-15.0000024));
#13779 = CARTESIAN_POINT('',(7.,4.));
#13780 = ( GEOMETRIC_REPRESENTATION_CONTEXT(2) 
PARAMETRIC_REPRESENTATION_CONTEXT() REPRESENTATION_CONTEXT('2D SPACE',''
  ) );
#13781 = ORIENTED_EDGE('',*,*,#13782,.T.);
#13782 = EDGE_CURVE('',#13762,#13649,#13783,.T.);
#13783 = SURFACE_CURVE('',#13784,(#13789,#13796),.PCURVE_S1.);
#13784 = CIRCLE('',#13785,8.);
#13785 = AXIS2_PLACEMENT_3D('',#13786,#13787,#13788);
#13786 = CARTESIAN_POINT('',(3.18E+03,-40.,1.29E+03));
#13787 = DIRECTION('',(0.,-1.,2.22044604925E-16));
#13788 = DIRECTION('',(1.,0.,0.));
#13789 = PCURVE('',#13633,#13790);
#13790 = DEFINITIONAL_REPRESENTATION('',(#13791),#13795);
#13791 = LINE('',#13792,#13793);
#13792 = CARTESIAN_POINT('',(0.,15.));
#13793 = VECTOR('',#13794,1.);
#13794 = DIRECTION('',(1.,0.));
#13795 = ( GEOMETRIC_REPRESENTATION_CONTEXT(2) 
PARAMETRIC_REPRESENTATION_CONTEXT() REPRESENTATION_CONTEXT('2D SPACE',''
  ) );
#13796 = PCURVE('',#13690,#13797);
#13797 = DEFINITIONAL_REPRESENTATION('',(#13798),#13806);
#13798 = ( BOUNDED_CURVE() B_SPLINE_CURVE(2,(#13799,#13800,#13801,#13802
    ,#13803,#13804,#13805),.UNSPECIFIED.,.T.,.F.) 
B_SPLINE_CURVE_WITH_KNOTS((1,2,2,2,2,1),(-2.094395102393,0.,
    2.094395102393,4.188790204786,6.28318530718,8.377580409573),
.UNSPECIFIED.) CURVE() GEOMETRIC_REPRESENTATION_ITEM() 
RATIONAL_B_SPLINE_CURVE((1.,0.5,1.,0.5,1.,0.5,1.)) REPRESENTATION_ITEM(
  '') );
#13799 = CARTESIAN_POINT('',(15.,8.));
#13800 = CARTESIAN_POINT('',(28.856406460551,8.));
#13801 = CARTESIAN_POINT('',(21.928203230276,-4.));
#13802 = CARTESIAN_POINT('',(15.,-16.));
#13803 = CARTESIAN_POINT('',(8.071796769724,-4.));
#13804 = CARTESIAN_POINT('',(1.143593539449,8.));
#13805 = CARTESIAN_POINT('',(15.,8.));
#13806 = ( GEOMETRIC_REPRESENTATION_CONTEXT(2) 
PARAMETRIC_REPRESENTATION_CONTEXT() REPRESENTATION_CONTEXT('2D SPACE',''
  ) );
#13807 = ADVANCED_FACE('',(#13808),#13690,.F.);
#13808 = FACE_BOUND('',#13809,.F.);
#13809 = EDGE_LOOP('',(#13810,#13840,#13868,#13889,#13890,#13891,#13914)
  );
#13810 = ORIENTED_EDGE('',*,*,#13811,.F.);
#13811 = EDGE_CURVE('',#13812,#13814,#13816,.T.);
#13812 = VERTEX_POINT('',#13813);
#13813 = CARTESIAN_POINT('',(3.2E+03,-40.,1.275E+03));
#13814 = VERTEX_POINT('',#13815);
#13815 = CARTESIAN_POINT('',(3.2E+03,-40.,1.305E+03));
#13816 = SURFACE_CURVE('',#13817,(#13821,#13828),.PCURVE_S1.);
#13817 = LINE('',#13818,#13819);
#13818 = CARTESIAN_POINT('',(3.2E+03,-40.,1.275E+03));
#13819 = VECTOR('',#13820,1.);
#13820 = DIRECTION('',(0.,0.,1.));
#13821 = PCURVE('',#13690,#13822);
#13822 = DEFINITIONAL_REPRESENTATION('',(#13823),#13827);
#13823 = LINE('',#13824,#13825);
#13824 = CARTESIAN_POINT('',(0.,20.));
#13825 = VECTOR('',#13826,1.);
#13826 = DIRECTION('',(1.,0.));
#13827 = ( GEOMETRIC_REPRESENTATION_CONTEXT(2) 
PARAMETRIC_REPRESENTATION_CONTEXT() REPRESENTATION_CONTEXT('2D SPACE',''
  ) );
#13828 = PCURVE('',#13829,#13834);
#13829 = PLANE('',#13830);
#13830 = AXIS2_PLACEMENT_3D('',#13831,#13832,#13833);
#13831 = CARTESIAN_POINT('',(3.2E+03,-40.,1.275E+03));
#13832 = DIRECTION('',(1.,0.,-0.));
#13833 = DIRECTION('',(0.,0.,1.));
#13834 = DEFINITIONAL_REPRESENTATION('',(#13835),#13839);
#13835 = LINE('',#13836,#13837);
#13836 = CARTESIAN_POINT('',(0.,0.));
#13837 = VECTOR('',#13838,1.);
#13838 = DIRECTION('',(1.,0.));
#13839 = ( GEOMETRIC_REPRESENTATION_CONTEXT(2) 
PARAMETRIC_REPRESENTATION_CONTEXT() REPRESENTATION_CONTEXT('2D SPACE',''
  ) );
#13840 = ORIENTED_EDGE('',*,*,#13841,.F.);
#13841 = EDGE_CURVE('',#13842,#13812,#13844,.T.);
#13842 = VERTEX_POINT('',#13843);
#13843 = CARTESIAN_POINT('',(3.18E+03,-40.,1.275E+03));
#13844 = SURFACE_CURVE('',#13845,(#13849,#13856),.PCURVE_S1.);
#13845 = LINE('',#13846,#13847);
#13846 = CARTESIAN_POINT('',(3.18E+03,-40.,1.275E+03));
#13847 = VECTOR('',#13848,1.);
#13848 = DIRECTION('',(1.,0.,-0.));
#13849 = PCURVE('',#13690,#13850);
#13850 = DEFINITIONAL_REPRESENTATION('',(#13851),#13855);
#13851 = LINE('',#13852,#13853);
#13852 = CARTESIAN_POINT('',(0.,0.));
#13853 = VECTOR('',#13854,1.);
#13854 = DIRECTION('',(0.,1.));
#13855 = ( GEOMETRIC_REPRESENTATION_CONTEXT(2) 
PARAMETRIC_REPRESENTATION_CONTEXT() REPRESENTATION_CONTEXT('2D SPACE',''
  ) );
#13856 = PCURVE('',#13857,#13862);
#13857 = PLANE('',#13858);
#13858 = AXIS2_PLACEMENT_3D('',#13859,#13860,#13861);
#13859 = CARTESIAN_POINT('',(3.18E+03,-40.,1.275E+03));
#13860 = DIRECTION('',(0.,0.,1.));
#13861 = DIRECTION('',(1.,0.,-0.));
#13862 = DEFINITIONAL_REPRESENTATION('',(#13863),#13867);
#13863 = LINE('',#13864,#13865);
#13864 = CARTESIAN_POINT('',(0.,0.));
#13865 = VECTOR('',#13866,1.);
#13866 = DIRECTION('',(1.,0.));
#13867 = ( GEOMETRIC_REPRESENTATION_CONTEXT(2) 
PARAMETRIC_REPRESENTATION_CONTEXT() REPRESENTATION_CONTEXT('2D SPACE',''
  ) );
#13868 = ORIENTED_EDGE('',*,*,#13869,.T.);
#13869 = EDGE_CURVE('',#13842,#13762,#13870,.T.);
#13870 = SURFACE_CURVE('',#13871,(#13875,#13882),.PCURVE_S1.);
#13871 = LINE('',#13872,#13873);
#13872 = CARTESIAN_POINT('',(3.18E+03,-40.,1.275E+03));
#13873 = VECTOR('',#13874,1.);
#13874 = DIRECTION('',(0.,0.,1.));
#13875 = PCURVE('',#13690,#13876);
#13876 = DEFINITIONAL_REPRESENTATION('',(#13877),#13881);
#13877 = LINE('',#13878,#13879);
#13878 = CARTESIAN_POINT('',(0.,0.));
#13879 = VECTOR('',#13880,1.);
#13880 = DIRECTION('',(1.,0.));
#13881 = ( GEOMETRIC_REPRESENTATION_CONTEXT(2) 
PARAMETRIC_REPRESENTATION_CONTEXT() REPRESENTATION_CONTEXT('2D SPACE',''
  ) );
#13882 = PCURVE('',#13721,#13883);
#13883 = DEFINITIONAL_REPRESENTATION('',(#13884),#13888);
#13884 = LINE('',#13885,#13886);
#13885 = CARTESIAN_POINT('',(0.,0.));
#13886 = VECTOR('',#13887,1.);
#13887 = DIRECTION('',(1.,0.));
#13888 = ( GEOMETRIC_REPRESENTATION_CONTEXT(2) 
PARAMETRIC_REPRESENTATION_CONTEXT() REPRESENTATION_CONTEXT('2D SPACE',''
  ) );
#13889 = ORIENTED_EDGE('',*,*,#13782,.T.);
#13890 = ORIENTED_EDGE('',*,*,#13673,.T.);
#13891 = ORIENTED_EDGE('',*,*,#13892,.T.);
#13892 = EDGE_CURVE('',#13674,#13893,#13895,.T.);
#13893 = VERTEX_POINT('',#13894);
#13894 = CARTESIAN_POINT('',(3.18E+03,-40.,1.305E+03));
#13895 = SURFACE_CURVE('',#13896,(#13900,#13907),.PCURVE_S1.);
#13896 = LINE('',#13897,#13898);
#13897 = CARTESIAN_POINT('',(3.18E+03,-40.,1.275E+03));
#13898 = VECTOR('',#13899,1.);
#13899 = DIRECTION('',(0.,0.,1.));
#13900 = PCURVE('',#13690,#13901);
#13901 = DEFINITIONAL_REPRESENTATION('',(#13902),#13906);
#13902 = LINE('',#13903,#13904);
#13903 = CARTESIAN_POINT('',(0.,0.));
#13904 = VECTOR('',#13905,1.);
#13905 = DIRECTION('',(1.,0.));
#13906 = ( GEOMETRIC_REPRESENTATION_CONTEXT(2) 
PARAMETRIC_REPRESENTATION_CONTEXT() REPRESENTATION_CONTEXT('2D SPACE',''
  ) );
#13907 = PCURVE('',#13721,#13908);
#13908 = DEFINITIONAL_REPRESENTATION('',(#13909),#13913);
#13909 = LINE('',#13910,#13911);
#13910 = CARTESIAN_POINT('',(0.,0.));
#13911 = VECTOR('',#13912,1.);
#13912 = DIRECTION('',(1.,0.));
#13913 = ( GEOMETRIC_REPRESENTATION_CONTEXT(2) 
PARAMETRIC_REPRESENTATION_CONTEXT() REPRESENTATION_CONTEXT('2D SPACE',''
  ) );
#13914 = ORIENTED_EDGE('',*,*,#13915,.T.);
#13915 = EDGE_CURVE('',#13893,#13814,#13916,.T.);
#13916 = SURFACE_CURVE('',#13917,(#13921,#13928),.PCURVE_S1.);
#13917 = LINE('',#13918,#13919);
#13918 = CARTESIAN_POINT('',(3.18E+03,-40.,1.305E+03));
#13919 = VECTOR('',#13920,1.);
#13920 = DIRECTION('',(1.,0.,-0.));
#13921 = PCURVE('',#13690,#13922);
#13922 = DEFINITIONAL_REPRESENTATION('',(#13923),#13927);
#13923 = LINE('',#13924,#13925);
#13924 = CARTESIAN_POINT('',(30.,0.));
#13925 = VECTOR('',#13926,1.);
#13926 = DIRECTION('',(0.,1.));
#13927 = ( GEOMETRIC_REPRESENTATION_CONTEXT(2) 
PARAMETRIC_REPRESENTATION_CONTEXT() REPRESENTATION_CONTEXT('2D SPACE',''
  ) );
#13928 = PCURVE('',#13929,#13934);
#13929 = PLANE('',#13930);
#13930 = AXIS2_PLACEMENT_3D('',#13931,#13932,#13933);
#13931 = CARTESIAN_POINT('',(3.18E+03,-40.,1.305E+03));
#13932 = DIRECTION('',(0.,0.,1.));
#13933 = DIRECTION('',(1.,0.,-0.));
#13934 = DEFINITIONAL_REPRESENTATION('',(#13935),#13939);
#13935 = LINE('',#13936,#13937);
#13936 = CARTESIAN_POINT('',(0.,0.));
#13937 = VECTOR('',#13938,1.);
#13938 = DIRECTION('',(1.,0.));
#13939 = ( GEOMETRIC_REPRESENTATION_CONTEXT(2) 
PARAMETRIC_REPRESENTATION_CONTEXT() REPRESENTATION_CONTEXT('2D SPACE',''
  ) );
#13940 = ADVANCED_FACE('',(#13941),#13721,.F.);
#13941 = FACE_BOUND('',#13942,.F.);
#13942 = EDGE_LOOP('',(#13943,#13944,#13967,#13995,#14018,#14046,#14067,
    #14068,#14069,#14088));
#13943 = ORIENTED_EDGE('',*,*,#13869,.F.);
#13944 = ORIENTED_EDGE('',*,*,#13945,.T.);
#13945 = EDGE_CURVE('',#13842,#13946,#13948,.T.);
#13946 = VERTEX_POINT('',#13947);
#13947 = CARTESIAN_POINT('',(3.18E+03,0.,1.275E+03));
#13948 = SURFACE_CURVE('',#13949,(#13953,#13960),.PCURVE_S1.);
#13949 = LINE('',#13950,#13951);
#13950 = CARTESIAN_POINT('',(3.18E+03,-40.,1.275E+03));
#13951 = VECTOR('',#13952,1.);
#13952 = DIRECTION('',(-0.,1.,0.));
#13953 = PCURVE('',#13721,#13954);
#13954 = DEFINITIONAL_REPRESENTATION('',(#13955),#13959);
#13955 = LINE('',#13956,#13957);
#13956 = CARTESIAN_POINT('',(0.,0.));
#13957 = VECTOR('',#13958,1.);
#13958 = DIRECTION('',(0.,-1.));
#13959 = ( GEOMETRIC_REPRESENTATION_CONTEXT(2) 
PARAMETRIC_REPRESENTATION_CONTEXT() REPRESENTATION_CONTEXT('2D SPACE',''
  ) );
#13960 = PCURVE('',#13857,#13961);
#13961 = DEFINITIONAL_REPRESENTATION('',(#13962),#13966);
#13962 = LINE('',#13963,#13964);
#13963 = CARTESIAN_POINT('',(0.,0.));
#13964 = VECTOR('',#13965,1.);
#13965 = DIRECTION('',(0.,1.));
#13966 = ( GEOMETRIC_REPRESENTATION_CONTEXT(2) 
PARAMETRIC_REPRESENTATION_CONTEXT() REPRESENTATION_CONTEXT('2D SPACE',''
  ) );
#13967 = ORIENTED_EDGE('',*,*,#13968,.T.);
#13968 = EDGE_CURVE('',#13946,#13969,#13971,.T.);
#13969 = VERTEX_POINT('',#13970);
#13970 = CARTESIAN_POINT('',(3.18E+03,0.,1.305E+03));
#13971 = SURFACE_CURVE('',#13972,(#13976,#13983),.PCURVE_S1.);
#13972 = LINE('',#13973,#13974);
#13973 = CARTESIAN_POINT('',(3.18E+03,0.,1.275E+03));
#13974 = VECTOR('',#13975,1.);
#13975 = DIRECTION('',(0.,0.,1.));
#13976 = PCURVE('',#13721,#13977);
#13977 = DEFINITIONAL_REPRESENTATION('',(#13978),#13982);
#13978 = LINE('',#13979,#13980);
#13979 = CARTESIAN_POINT('',(0.,-40.));
#13980 = VECTOR('',#13981,1.);
#13981 = DIRECTION('',(1.,0.));
#13982 = ( GEOMETRIC_REPRESENTATION_CONTEXT(2) 
PARAMETRIC_REPRESENTATION_CONTEXT() REPRESENTATION_CONTEXT('2D SPACE',''
  ) );
#13983 = PCURVE('',#13984,#13989);
#13984 = PLANE('',#13985);
#13985 = AXIS2_PLACEMENT_3D('',#13986,#13987,#13988);
#13986 = CARTESIAN_POINT('',(3.18E+03,0.,1.275E+03));
#13987 = DIRECTION('',(-0.,1.,0.));
#13988 = DIRECTION('',(0.,0.,1.));
#13989 = DEFINITIONAL_REPRESENTATION('',(#13990),#13994);
#13990 = LINE('',#13991,#13992);
#13991 = CARTESIAN_POINT('',(0.,0.));
#13992 = VECTOR('',#13993,1.);
#13993 = DIRECTION('',(1.,0.));
#13994 = ( GEOMETRIC_REPRESENTATION_CONTEXT(2) 
PARAMETRIC_REPRESENTATION_CONTEXT() REPRESENTATION_CONTEXT('2D SPACE',''
  ) );
#13995 = ORIENTED_EDGE('',*,*,#13996,.F.);
#13996 = EDGE_CURVE('',#13997,#13969,#13999,.T.);
#13997 = VERTEX_POINT('',#13998);
#13998 = CARTESIAN_POINT('',(3.18E+03,-23.,1.305E+03));
#13999 = SURFACE_CURVE('',#14000,(#14004,#14011),.PCURVE_S1.);
#14000 = LINE('',#14001,#14002);
#14001 = CARTESIAN_POINT('',(3.18E+03,-40.,1.305E+03));
#14002 = VECTOR('',#14003,1.);
#14003 = DIRECTION('',(-0.,1.,0.));
#14004 = PCURVE('',#13721,#14005);
#14005 = DEFINITIONAL_REPRESENTATION('',(#14006),#14010);
#14006 = LINE('',#14007,#14008);
#14007 = CARTESIAN_POINT('',(30.,0.));
#14008 = VECTOR('',#14009,1.);
#14009 = DIRECTION('',(0.,-1.));
#14010 = ( GEOMETRIC_REPRESENTATION_CONTEXT(2) 
PARAMETRIC_REPRESENTATION_CONTEXT() REPRESENTATION_CONTEXT('2D SPACE',''
  ) );
#14011 = PCURVE('',#13929,#14012);
#14012 = DEFINITIONAL_REPRESENTATION('',(#14013),#14017);
#14013 = LINE('',#14014,#14015);
#14014 = CARTESIAN_POINT('',(0.,0.));
#14015 = VECTOR('',#14016,1.);
#14016 = DIRECTION('',(0.,1.));
#14017 = ( GEOMETRIC_REPRESENTATION_CONTEXT(2) 
PARAMETRIC_REPRESENTATION_CONTEXT() REPRESENTATION_CONTEXT('2D SPACE',''
  ) );
#14018 = ORIENTED_EDGE('',*,*,#14019,.F.);
#14019 = EDGE_CURVE('',#14020,#13997,#14022,.T.);
#14020 = VERTEX_POINT('',#14021);
#14021 = CARTESIAN_POINT('',(3.18E+03,-27.,1.305E+03));
#14022 = SURFACE_CURVE('',#14023,(#14027,#14034),.PCURVE_S1.);
#14023 = LINE('',#14024,#14025);
#14024 = CARTESIAN_POINT('',(3.18E+03,-40.,1.305E+03));
#14025 = VECTOR('',#14026,1.);
#14026 = DIRECTION('',(-0.,1.,0.));
#14027 = PCURVE('',#13721,#14028);
#14028 = DEFINITIONAL_REPRESENTATION('',(#14029),#14033);
#14029 = LINE('',#14030,#14031);
#14030 = CARTESIAN_POINT('',(30.,0.));
#14031 = VECTOR('',#14032,1.);
#14032 = DIRECTION('',(0.,-1.));
#14033 = ( GEOMETRIC_REPRESENTATION_CONTEXT(2) 
PARAMETRIC_REPRESENTATION_CONTEXT() REPRESENTATION_CONTEXT('2D SPACE',''
  ) );
#14034 = PCURVE('',#14035,#14040);
#14035 = PLANE('',#14036);
#14036 = AXIS2_PLACEMENT_3D('',#14037,#14038,#14039);
#14037 = CARTESIAN_POINT('',(3.18E+03,-25.,1.305E+03));
#14038 = DIRECTION('',(0.,0.,1.));
#14039 = DIRECTION('',(1.,0.,-0.));
#14040 = DEFINITIONAL_REPRESENTATION('',(#14041),#14045);
#14041 = LINE('',#14042,#14043);
#14042 = CARTESIAN_POINT('',(0.,-15.));
#14043 = VECTOR('',#14044,1.);
#14044 = DIRECTION('',(0.,1.));
#14045 = ( GEOMETRIC_REPRESENTATION_CONTEXT(2) 
PARAMETRIC_REPRESENTATION_CONTEXT() REPRESENTATION_CONTEXT('2D SPACE',''
  ) );
#14046 = ORIENTED_EDGE('',*,*,#14047,.F.);
#14047 = EDGE_CURVE('',#13893,#14020,#14048,.T.);
#14048 = SURFACE_CURVE('',#14049,(#14053,#14060),.PCURVE_S1.);
#14049 = LINE('',#14050,#14051);
#14050 = CARTESIAN_POINT('',(3.18E+03,-40.,1.305E+03));
#14051 = VECTOR('',#14052,1.);
#14052 = DIRECTION('',(-0.,1.,0.));
#14053 = PCURVE('',#13721,#14054);
#14054 = DEFINITIONAL_REPRESENTATION('',(#14055),#14059);
#14055 = LINE('',#14056,#14057);
#14056 = CARTESIAN_POINT('',(30.,0.));
#14057 = VECTOR('',#14058,1.);
#14058 = DIRECTION('',(0.,-1.));
#14059 = ( GEOMETRIC_REPRESENTATION_CONTEXT(2) 
PARAMETRIC_REPRESENTATION_CONTEXT() REPRESENTATION_CONTEXT('2D SPACE',''
  ) );
#14060 = PCURVE('',#13929,#14061);
#14061 = DEFINITIONAL_REPRESENTATION('',(#14062),#14066);
#14062 = LINE('',#14063,#14064);
#14063 = CARTESIAN_POINT('',(0.,0.));
#14064 = VECTOR('',#14065,1.);
#14065 = DIRECTION('',(0.,1.));
#14066 = ( GEOMETRIC_REPRESENTATION_CONTEXT(2) 
PARAMETRIC_REPRESENTATION_CONTEXT() REPRESENTATION_CONTEXT('2D SPACE',''
  ) );
#14067 = ORIENTED_EDGE('',*,*,#13892,.F.);
#14068 = ORIENTED_EDGE('',*,*,#13706,.F.);
#14069 = ORIENTED_EDGE('',*,*,#14070,.F.);
#14070 = EDGE_CURVE('',#13733,#13707,#14071,.T.);
#14071 = SURFACE_CURVE('',#14072,(#14076,#14082),.PCURVE_S1.);
#14072 = LINE('',#14073,#14074);
#14073 = CARTESIAN_POINT('',(3.18E+03,-25.,1.2825E+03));
#14074 = VECTOR('',#14075,1.);
#14075 = DIRECTION('',(0.,2.22044604925E-16,1.));
#14076 = PCURVE('',#13721,#14077);
#14077 = DEFINITIONAL_REPRESENTATION('',(#14078),#14081);
#14078 = B_SPLINE_CURVE_WITH_KNOTS('',1,(#14079,#14080),.UNSPECIFIED.,
  .F.,.F.,(2,2),(-0.5,15.5),.PIECEWISE_BEZIER_KNOTS.);
#14079 = CARTESIAN_POINT('',(7.,-15.));
#14080 = CARTESIAN_POINT('',(23.,-15.));
#14081 = ( GEOMETRIC_REPRESENTATION_CONTEXT(2) 
PARAMETRIC_REPRESENTATION_CONTEXT() REPRESENTATION_CONTEXT('2D SPACE',''
  ) );
#14082 = PCURVE('',#13749,#14083);
#14083 = DEFINITIONAL_REPRESENTATION('',(#14084),#14087);
#14084 = B_SPLINE_CURVE_WITH_KNOTS('',1,(#14085,#14086),.UNSPECIFIED.,
  .F.,.F.,(2,2),(-0.5,15.5),.PIECEWISE_BEZIER_KNOTS.);
#14085 = CARTESIAN_POINT('',(0.,-8.));
#14086 = CARTESIAN_POINT('',(0.,8.));
#14087 = ( GEOMETRIC_REPRESENTATION_CONTEXT(2) 
PARAMETRIC_REPRESENTATION_CONTEXT() REPRESENTATION_CONTEXT('2D SPACE',''
  ) );
#14088 = ORIENTED_EDGE('',*,*,#13761,.T.);
#14089 = ADVANCED_FACE('',(#14090),#13749,.F.);
#14090 = FACE_BOUND('',#14091,.F.);
#14091 = EDGE_LOOP('',(#14092,#14093));
#14092 = ORIENTED_EDGE('',*,*,#14070,.T.);
#14093 = ORIENTED_EDGE('',*,*,#13732,.T.);
#14094 = ADVANCED_FACE('',(#14095),#13829,.T.);
#14095 = FACE_BOUND('',#14096,.T.);
#14096 = EDGE_LOOP('',(#14097,#14098,#14121,#14144));
#14097 = ORIENTED_EDGE('',*,*,#13811,.F.);
#14098 = ORIENTED_EDGE('',*,*,#14099,.T.);
#14099 = EDGE_CURVE('',#13812,#14100,#14102,.T.);
#14100 = VERTEX_POINT('',#14101);
#14101 = CARTESIAN_POINT('',(3.2E+03,0.,1.275E+03));
#14102 = SURFACE_CURVE('',#14103,(#14107,#14114),.PCURVE_S1.);
#14103 = LINE('',#14104,#14105);
#14104 = CARTESIAN_POINT('',(3.2E+03,-40.,1.275E+03));
#14105 = VECTOR('',#14106,1.);
#14106 = DIRECTION('',(-0.,1.,0.));
#14107 = PCURVE('',#13829,#14108);
#14108 = DEFINITIONAL_REPRESENTATION('',(#14109),#14113);
#14109 = LINE('',#14110,#14111);
#14110 = CARTESIAN_POINT('',(0.,0.));
#14111 = VECTOR('',#14112,1.);
#14112 = DIRECTION('',(0.,-1.));
#14113 = ( GEOMETRIC_REPRESENTATION_CONTEXT(2) 
PARAMETRIC_REPRESENTATION_CONTEXT() REPRESENTATION_CONTEXT('2D SPACE',''
  ) );
#14114 = PCURVE('',#13857,#14115);
#14115 = DEFINITIONAL_REPRESENTATION('',(#14116),#14120);
#14116 = LINE('',#14117,#14118);
#14117 = CARTESIAN_POINT('',(20.,0.));
#14118 = VECTOR('',#14119,1.);
#14119 = DIRECTION('',(0.,1.));
#14120 = ( GEOMETRIC_REPRESENTATION_CONTEXT(2) 
PARAMETRIC_REPRESENTATION_CONTEXT() REPRESENTATION_CONTEXT('2D SPACE',''
  ) );
#14121 = ORIENTED_EDGE('',*,*,#14122,.T.);
#14122 = EDGE_CURVE('',#14100,#14123,#14125,.T.);
#14123 = VERTEX_POINT('',#14124);
#14124 = CARTESIAN_POINT('',(3.2E+03,0.,1.305E+03));
#14125 = SURFACE_CURVE('',#14126,(#14130,#14137),.PCURVE_S1.);
#14126 = LINE('',#14127,#14128);
#14127 = CARTESIAN_POINT('',(3.2E+03,0.,1.275E+03));
#14128 = VECTOR('',#14129,1.);
#14129 = DIRECTION('',(0.,0.,1.));
#14130 = PCURVE('',#13829,#14131);
#14131 = DEFINITIONAL_REPRESENTATION('',(#14132),#14136);
#14132 = LINE('',#14133,#14134);
#14133 = CARTESIAN_POINT('',(0.,-40.));
#14134 = VECTOR('',#14135,1.);
#14135 = DIRECTION('',(1.,0.));
#14136 = ( GEOMETRIC_REPRESENTATION_CONTEXT(2) 
PARAMETRIC_REPRESENTATION_CONTEXT() REPRESENTATION_CONTEXT('2D SPACE',''
  ) );
#14137 = PCURVE('',#13984,#14138);
#14138 = DEFINITIONAL_REPRESENTATION('',(#14139),#14143);
#14139 = LINE('',#14140,#14141);
#14140 = CARTESIAN_POINT('',(0.,20.));
#14141 = VECTOR('',#14142,1.);
#14142 = DIRECTION('',(1.,0.));
#14143 = ( GEOMETRIC_REPRESENTATION_CONTEXT(2) 
PARAMETRIC_REPRESENTATION_CONTEXT() REPRESENTATION_CONTEXT('2D SPACE',''
  ) );
#14144 = ORIENTED_EDGE('',*,*,#14145,.F.);
#14145 = EDGE_CURVE('',#13814,#14123,#14146,.T.);
#14146 = SURFACE_CURVE('',#14147,(#14151,#14158),.PCURVE_S1.);
#14147 = LINE('',#14148,#14149);
#14148 = CARTESIAN_POINT('',(3.2E+03,-40.,1.305E+03));
#14149 = VECTOR('',#14150,1.);
#14150 = DIRECTION('',(-0.,1.,0.));
#14151 = PCURVE('',#13829,#14152);
#14152 = DEFINITIONAL_REPRESENTATION('',(#14153),#14157);
#14153 = LINE('',#14154,#14155);
#14154 = CARTESIAN_POINT('',(30.,0.));
#14155 = VECTOR('',#14156,1.);
#14156 = DIRECTION('',(0.,-1.));
#14157 = ( GEOMETRIC_REPRESENTATION_CONTEXT(2) 
PARAMETRIC_REPRESENTATION_CONTEXT() REPRESENTATION_CONTEXT('2D SPACE',''
  ) );
#14158 = PCURVE('',#13929,#14159);
#14159 = DEFINITIONAL_REPRESENTATION('',(#14160),#14164);
#14160 = LINE('',#14161,#14162);
#14161 = CARTESIAN_POINT('',(20.,0.));
#14162 = VECTOR('',#14163,1.);
#14163 = DIRECTION('',(0.,1.));
#14164 = ( GEOMETRIC_REPRESENTATION_CONTEXT(2) 
PARAMETRIC_REPRESENTATION_CONTEXT() REPRESENTATION_CONTEXT('2D SPACE',''
  ) );
#14165 = ADVANCED_FACE('',(#14166),#13929,.T.);
#14166 = FACE_BOUND('',#14167,.T.);
#14167 = EDGE_LOOP('',(#14168,#14169,#14170,#14171,#14192,#14193,#14222)
  );
#14168 = ORIENTED_EDGE('',*,*,#14047,.F.);
#14169 = ORIENTED_EDGE('',*,*,#13915,.T.);
#14170 = ORIENTED_EDGE('',*,*,#14145,.T.);
#14171 = ORIENTED_EDGE('',*,*,#14172,.F.);
#14172 = EDGE_CURVE('',#13969,#14123,#14173,.T.);
#14173 = SURFACE_CURVE('',#14174,(#14178,#14185),.PCURVE_S1.);
#14174 = LINE('',#14175,#14176);
#14175 = CARTESIAN_POINT('',(3.18E+03,0.,1.305E+03));
#14176 = VECTOR('',#14177,1.);
#14177 = DIRECTION('',(1.,0.,-0.));
#14178 = PCURVE('',#13929,#14179);
#14179 = DEFINITIONAL_REPRESENTATION('',(#14180),#14184);
#14180 = LINE('',#14181,#14182);
#14181 = CARTESIAN_POINT('',(0.,40.));
#14182 = VECTOR('',#14183,1.);
#14183 = DIRECTION('',(1.,0.));
#14184 = ( GEOMETRIC_REPRESENTATION_CONTEXT(2) 
PARAMETRIC_REPRESENTATION_CONTEXT() REPRESENTATION_CONTEXT('2D SPACE',''
  ) );
#14185 = PCURVE('',#13984,#14186);
#14186 = DEFINITIONAL_REPRESENTATION('',(#14187),#14191);
#14187 = LINE('',#14188,#14189);
#14188 = CARTESIAN_POINT('',(30.,0.));
#14189 = VECTOR('',#14190,1.);
#14190 = DIRECTION('',(0.,1.));
#14191 = ( GEOMETRIC_REPRESENTATION_CONTEXT(2) 
PARAMETRIC_REPRESENTATION_CONTEXT() REPRESENTATION_CONTEXT('2D SPACE',''
  ) );
#14192 = ORIENTED_EDGE('',*,*,#13996,.F.);
#14193 = ORIENTED_EDGE('',*,*,#14194,.F.);
#14194 = EDGE_CURVE('',#14195,#13997,#14197,.T.);
#14195 = VERTEX_POINT('',#14196);
#14196 = CARTESIAN_POINT('',(3.182E+03,-25.,1.305E+03));
#14197 = SURFACE_CURVE('',#14198,(#14203,#14210),.PCURVE_S1.);
#14198 = CIRCLE('',#14199,2.);
#14199 = AXIS2_PLACEMENT_3D('',#14200,#14201,#14202);
#14200 = CARTESIAN_POINT('',(3.18E+03,-25.,1.305E+03));
#14201 = DIRECTION('',(0.,0.,1.));
#14202 = DIRECTION('',(1.,0.,-0.));
#14203 = PCURVE('',#13929,#14204);
#14204 = DEFINITIONAL_REPRESENTATION('',(#14205),#14209);
#14205 = CIRCLE('',#14206,2.);
#14206 = AXIS2_PLACEMENT_2D('',#14207,#14208);
#14207 = CARTESIAN_POINT('',(0.,15.));
#14208 = DIRECTION('',(1.,0.));
#14209 = ( GEOMETRIC_REPRESENTATION_CONTEXT(2) 
PARAMETRIC_REPRESENTATION_CONTEXT() REPRESENTATION_CONTEXT('2D SPACE',''
  ) );
#14210 = PCURVE('',#14211,#14216);
#14211 = CYLINDRICAL_SURFACE('',#14212,2.);
#14212 = AXIS2_PLACEMENT_3D('',#14213,#14214,#14215);
#14213 = CARTESIAN_POINT('',(3.18E+03,-25.,1.305E+03));
#14214 = DIRECTION('',(0.,0.,1.));
#14215 = DIRECTION('',(1.,0.,-0.));
#14216 = DEFINITIONAL_REPRESENTATION('',(#14217),#14221);
#14217 = LINE('',#14218,#14219);
#14218 = CARTESIAN_POINT('',(0.,0.));
#14219 = VECTOR('',#14220,1.);
#14220 = DIRECTION('',(1.,0.));
#14221 = ( GEOMETRIC_REPRESENTATION_CONTEXT(2) 
PARAMETRIC_REPRESENTATION_CONTEXT() REPRESENTATION_CONTEXT('2D SPACE',''
  ) );
#14222 = ORIENTED_EDGE('',*,*,#14223,.F.);
#14223 = EDGE_CURVE('',#14020,#14195,#14224,.T.);
#14224 = SURFACE_CURVE('',#14225,(#14230,#14237),.PCURVE_S1.);
#14225 = CIRCLE('',#14226,2.);
#14226 = AXIS2_PLACEMENT_3D('',#14227,#14228,#14229);
#14227 = CARTESIAN_POINT('',(3.18E+03,-25.,1.305E+03));
#14228 = DIRECTION('',(0.,0.,1.));
#14229 = DIRECTION('',(1.,0.,-0.));
#14230 = PCURVE('',#13929,#14231);
#14231 = DEFINITIONAL_REPRESENTATION('',(#14232),#14236);
#14232 = CIRCLE('',#14233,2.);
#14233 = AXIS2_PLACEMENT_2D('',#14234,#14235);
#14234 = CARTESIAN_POINT('',(0.,15.));
#14235 = DIRECTION('',(1.,0.));
#14236 = ( GEOMETRIC_REPRESENTATION_CONTEXT(2) 
PARAMETRIC_REPRESENTATION_CONTEXT() REPRESENTATION_CONTEXT('2D SPACE',''
  ) );
#14237 = PCURVE('',#14211,#14238);
#14238 = DEFINITIONAL_REPRESENTATION('',(#14239),#14243);
#14239 = LINE('',#14240,#14241);
#14240 = CARTESIAN_POINT('',(0.,0.));
#14241 = VECTOR('',#14242,1.);
#14242 = DIRECTION('',(1.,0.));
#14243 = ( GEOMETRIC_REPRESENTATION_CONTEXT(2) 
PARAMETRIC_REPRESENTATION_CONTEXT() REPRESENTATION_CONTEXT('2D SPACE',''
  ) );
#14244 = ADVANCED_FACE('',(#14245),#13857,.F.);
#14245 = FACE_BOUND('',#14246,.F.);
#14246 = EDGE_LOOP('',(#14247,#14248,#14249,#14250));
#14247 = ORIENTED_EDGE('',*,*,#13945,.F.);
#14248 = ORIENTED_EDGE('',*,*,#13841,.T.);
#14249 = ORIENTED_EDGE('',*,*,#14099,.T.);
#14250 = ORIENTED_EDGE('',*,*,#14251,.F.);
#14251 = EDGE_CURVE('',#13946,#14100,#14252,.T.);
#14252 = SURFACE_CURVE('',#14253,(#14257,#14264),.PCURVE_S1.);
#14253 = LINE('',#14254,#14255);
#14254 = CARTESIAN_POINT('',(3.18E+03,0.,1.275E+03));
#14255 = VECTOR('',#14256,1.);
#14256 = DIRECTION('',(1.,0.,-0.));
#14257 = PCURVE('',#13857,#14258);
#14258 = DEFINITIONAL_REPRESENTATION('',(#14259),#14263);
#14259 = LINE('',#14260,#14261);
#14260 = CARTESIAN_POINT('',(0.,40.));
#14261 = VECTOR('',#14262,1.);
#14262 = DIRECTION('',(1.,0.));
#14263 = ( GEOMETRIC_REPRESENTATION_CONTEXT(2) 
PARAMETRIC_REPRESENTATION_CONTEXT() REPRESENTATION_CONTEXT('2D SPACE',''
  ) );
#14264 = PCURVE('',#13984,#14265);
#14265 = DEFINITIONAL_REPRESENTATION('',(#14266),#14270);
#14266 = LINE('',#14267,#14268);
#14267 = CARTESIAN_POINT('',(0.,0.));
#14268 = VECTOR('',#14269,1.);
#14269 = DIRECTION('',(0.,1.));
#14270 = ( GEOMETRIC_REPRESENTATION_CONTEXT(2) 
PARAMETRIC_REPRESENTATION_CONTEXT() REPRESENTATION_CONTEXT('2D SPACE',''
  ) );
#14271 = ADVANCED_FACE('',(#14272),#14035,.F.);
#14272 = FACE_BOUND('',#14273,.F.);
#14273 = EDGE_LOOP('',(#14274,#14275));
#14274 = ORIENTED_EDGE('',*,*,#14019,.T.);
#14275 = ORIENTED_EDGE('',*,*,#14276,.T.);
#14276 = EDGE_CURVE('',#13997,#14020,#14277,.T.);
#14277 = SURFACE_CURVE('',#14278,(#14283,#14290),.PCURVE_S1.);
#14278 = CIRCLE('',#14279,2.);
#14279 = AXIS2_PLACEMENT_3D('',#14280,#14281,#14282);
#14280 = CARTESIAN_POINT('',(3.18E+03,-25.,1.305E+03));
#14281 = DIRECTION('',(0.,0.,1.));
#14282 = DIRECTION('',(1.,0.,-0.));
#14283 = PCURVE('',#14035,#14284);
#14284 = DEFINITIONAL_REPRESENTATION('',(#14285),#14289);
#14285 = CIRCLE('',#14286,2.);
#14286 = AXIS2_PLACEMENT_2D('',#14287,#14288);
#14287 = CARTESIAN_POINT('',(0.,0.));
#14288 = DIRECTION('',(1.,0.));
#14289 = ( GEOMETRIC_REPRESENTATION_CONTEXT(2) 
PARAMETRIC_REPRESENTATION_CONTEXT() REPRESENTATION_CONTEXT('2D SPACE',''
  ) );
#14290 = PCURVE('',#14211,#14291);
#14291 = DEFINITIONAL_REPRESENTATION('',(#14292),#14296);
#14292 = LINE('',#14293,#14294);
#14293 = CARTESIAN_POINT('',(0.,0.));
#14294 = VECTOR('',#14295,1.);
#14295 = DIRECTION('',(1.,0.));
#14296 = ( GEOMETRIC_REPRESENTATION_CONTEXT(2) 
PARAMETRIC_REPRESENTATION_CONTEXT() REPRESENTATION_CONTEXT('2D SPACE',''
  ) );
#14297 = ADVANCED_FACE('',(#14298),#13984,.T.);
#14298 = FACE_BOUND('',#14299,.T.);
#14299 = EDGE_LOOP('',(#14300,#14301,#14302,#14303));
#14300 = ORIENTED_EDGE('',*,*,#14251,.F.);
#14301 = ORIENTED_EDGE('',*,*,#13968,.T.);
#14302 = ORIENTED_EDGE('',*,*,#14172,.T.);
#14303 = ORIENTED_EDGE('',*,*,#14122,.F.);
#14304 = ADVANCED_FACE('',(#14305),#14211,.T.);
#14305 = FACE_BOUND('',#14306,.T.);
#14306 = EDGE_LOOP('',(#14307,#14338,#14359,#14360,#14361,#14362,#14363,
    #14387,#14428));
#14307 = ORIENTED_EDGE('',*,*,#14308,.F.);
#14308 = EDGE_CURVE('',#14309,#14311,#14313,.T.);
#14309 = VERTEX_POINT('',#14310);
#14310 = CARTESIAN_POINT('',(3.182E+03,-25.,2.44E+03));
#14311 = VERTEX_POINT('',#14312);
#14312 = CARTESIAN_POINT('',(3.18E+03,-23.,2.44E+03));
#14313 = SURFACE_CURVE('',#14314,(#14319,#14326),.PCURVE_S1.);
#14314 = CIRCLE('',#14315,2.);
#14315 = AXIS2_PLACEMENT_3D('',#14316,#14317,#14318);
#14316 = CARTESIAN_POINT('',(3.18E+03,-25.,2.44E+03));
#14317 = DIRECTION('',(0.,0.,1.));
#14318 = DIRECTION('',(1.,0.,-0.));
#14319 = PCURVE('',#14211,#14320);
#14320 = DEFINITIONAL_REPRESENTATION('',(#14321),#14325);
#14321 = LINE('',#14322,#14323);
#14322 = CARTESIAN_POINT('',(0.,1.135E+03));
#14323 = VECTOR('',#14324,1.);
#14324 = DIRECTION('',(1.,0.));
#14325 = ( GEOMETRIC_REPRESENTATION_CONTEXT(2) 
PARAMETRIC_REPRESENTATION_CONTEXT() REPRESENTATION_CONTEXT('2D SPACE',''
  ) );
#14326 = PCURVE('',#14327,#14332);
#14327 = PLANE('',#14328);
#14328 = AXIS2_PLACEMENT_3D('',#14329,#14330,#14331);
#14329 = CARTESIAN_POINT('',(3.18E+03,-25.,2.44E+03));
#14330 = DIRECTION('',(0.,0.,1.));
#14331 = DIRECTION('',(1.,0.,-0.));
#14332 = DEFINITIONAL_REPRESENTATION('',(#14333),#14337);
#14333 = CIRCLE('',#14334,2.);
#14334 = AXIS2_PLACEMENT_2D('',#14335,#14336);
#14335 = CARTESIAN_POINT('',(0.,0.));
#14336 = DIRECTION('',(1.,0.));
#14337 = ( GEOMETRIC_REPRESENTATION_CONTEXT(2) 
PARAMETRIC_REPRESENTATION_CONTEXT() REPRESENTATION_CONTEXT('2D SPACE',''
  ) );
#14338 = ORIENTED_EDGE('',*,*,#14339,.F.);
#14339 = EDGE_CURVE('',#14195,#14309,#14340,.T.);
#14340 = SEAM_CURVE('',#14341,(#14345,#14352),.PCURVE_S1.);
#14341 = LINE('',#14342,#14343);
#14342 = CARTESIAN_POINT('',(3.182E+03,-25.,1.305E+03));
#14343 = VECTOR('',#14344,1.);
#14344 = DIRECTION('',(0.,0.,1.));
#14345 = PCURVE('',#14211,#14346);
#14346 = DEFINITIONAL_REPRESENTATION('',(#14347),#14351);
#14347 = LINE('',#14348,#14349);
#14348 = CARTESIAN_POINT('',(6.28318530718,-0.));
#14349 = VECTOR('',#14350,1.);
#14350 = DIRECTION('',(0.,1.));
#14351 = ( GEOMETRIC_REPRESENTATION_CONTEXT(2) 
PARAMETRIC_REPRESENTATION_CONTEXT() REPRESENTATION_CONTEXT('2D SPACE',''
  ) );
#14352 = PCURVE('',#14211,#14353);
#14353 = DEFINITIONAL_REPRESENTATION('',(#14354),#14358);
#14354 = LINE('',#14355,#14356);
#14355 = CARTESIAN_POINT('',(0.,-0.));
#14356 = VECTOR('',#14357,1.);
#14357 = DIRECTION('',(0.,1.));
#14358 = ( GEOMETRIC_REPRESENTATION_CONTEXT(2) 
PARAMETRIC_REPRESENTATION_CONTEXT() REPRESENTATION_CONTEXT('2D SPACE',''
  ) );
#14359 = ORIENTED_EDGE('',*,*,#14194,.T.);
#14360 = ORIENTED_EDGE('',*,*,#14276,.T.);
#14361 = ORIENTED_EDGE('',*,*,#14223,.T.);
#14362 = ORIENTED_EDGE('',*,*,#14339,.T.);
#14363 = ORIENTED_EDGE('',*,*,#14364,.F.);
#14364 = EDGE_CURVE('',#14365,#14309,#14367,.T.);
#14365 = VERTEX_POINT('',#14366);
#14366 = CARTESIAN_POINT('',(3.18E+03,-27.,2.44E+03));
#14367 = SURFACE_CURVE('',#14368,(#14373,#14380),.PCURVE_S1.);
#14368 = CIRCLE('',#14369,2.);
#14369 = AXIS2_PLACEMENT_3D('',#14370,#14371,#14372);
#14370 = CARTESIAN_POINT('',(3.18E+03,-25.,2.44E+03));
#14371 = DIRECTION('',(0.,0.,1.));
#14372 = DIRECTION('',(1.,0.,-0.));
#14373 = PCURVE('',#14211,#14374);
#14374 = DEFINITIONAL_REPRESENTATION('',(#14375),#14379);
#14375 = LINE('',#14376,#14377);
#14376 = CARTESIAN_POINT('',(0.,1.135E+03));
#14377 = VECTOR('',#14378,1.);
#14378 = DIRECTION('',(1.,0.));
#14379 = ( GEOMETRIC_REPRESENTATION_CONTEXT(2) 
PARAMETRIC_REPRESENTATION_CONTEXT() REPRESENTATION_CONTEXT('2D SPACE',''
  ) );
#14380 = PCURVE('',#14327,#14381);
#14381 = DEFINITIONAL_REPRESENTATION('',(#14382),#14386);
#14382 = CIRCLE('',#14383,2.);
#14383 = AXIS2_PLACEMENT_2D('',#14384,#14385);
#14384 = CARTESIAN_POINT('',(0.,0.));
#14385 = DIRECTION('',(1.,0.));
#14386 = ( GEOMETRIC_REPRESENTATION_CONTEXT(2) 
PARAMETRIC_REPRESENTATION_CONTEXT() REPRESENTATION_CONTEXT('2D SPACE',''
  ) );
#14387 = ORIENTED_EDGE('',*,*,#14388,.F.);
#14388 = EDGE_CURVE('',#14389,#14365,#14391,.T.);
#14389 = VERTEX_POINT('',#14390);
#14390 = CARTESIAN_POINT('',(3.178E+03,-25.,2.438E+03));
#14391 = SURFACE_CURVE('',#14392,(#14397,#14410),.PCURVE_S1.);
#14392 = ELLIPSE('',#14393,2.828427124746,2.);
#14393 = AXIS2_PLACEMENT_3D('',#14394,#14395,#14396);
#14394 = CARTESIAN_POINT('',(3.18E+03,-25.,2.44E+03));
#14395 = DIRECTION('',(-0.707106781187,0.,0.707106781187));
#14396 = DIRECTION('',(0.707106781187,0.,0.707106781187));
#14397 = PCURVE('',#14211,#14398);
#14398 = DEFINITIONAL_REPRESENTATION('',(#14399),#14409);
#14399 = B_SPLINE_CURVE_WITH_KNOTS('',8,(#14400,#14401,#14402,#14403,
    #14404,#14405,#14406,#14407,#14408),.UNSPECIFIED.,.F.,.F.,(9,9),(
    3.14159265359,4.712389130385),.PIECEWISE_BEZIER_KNOTS.);
#14400 = CARTESIAN_POINT('',(3.14159265359,1.133E+03));
#14401 = CARTESIAN_POINT('',(3.337942213189,1.133E+03));
#14402 = CARTESIAN_POINT('',(3.534291772779,1.133088121568E+03));
#14403 = CARTESIAN_POINT('',(3.730641332406,1.133264363955E+03));
#14404 = CARTESIAN_POINT('',(3.926990891938,1.13352148259E+03));
#14405 = CARTESIAN_POINT('',(4.123340451602,1.133844973632E+03));
#14406 = CARTESIAN_POINT('',(4.319690011179,1.134214601954E+03));
#14407 = CARTESIAN_POINT('',(4.516039570785,1.134607301181E+03));
#14408 = CARTESIAN_POINT('',(4.712389130385,1.1350000003E+03));
#14409 = ( GEOMETRIC_REPRESENTATION_CONTEXT(2) 
PARAMETRIC_REPRESENTATION_CONTEXT() REPRESENTATION_CONTEXT('2D SPACE',''
  ) );
#14410 = PCURVE('',#14411,#14416);
#14411 = CYLINDRICAL_SURFACE('',#14412,2.);
#14412 = AXIS2_PLACEMENT_3D('',#14413,#14414,#14415);
#14413 = CARTESIAN_POINT('',(3.18E+03,-25.,2.44E+03));
#14414 = DIRECTION('',(-1.,0.,0.));
#14415 = DIRECTION('',(0.,0.,-1.));
#14416 = DEFINITIONAL_REPRESENTATION('',(#14417),#14427);
#14417 = B_SPLINE_CURVE_WITH_KNOTS('',8,(#14418,#14419,#14420,#14421,
    #14422,#14423,#14424,#14425,#14426),.UNSPECIFIED.,.F.,.F.,(9,9),(
    3.14159265359,4.712389130385),.PIECEWISE_BEZIER_KNOTS.);
#14418 = CARTESIAN_POINT('',(0.,2.));
#14419 = CARTESIAN_POINT('',(0.196349559599,2.));
#14420 = CARTESIAN_POINT('',(0.392699119199,1.911878431195));
#14421 = CARTESIAN_POINT('',(0.589048678796,1.735636042196));
#14422 = CARTESIAN_POINT('',(0.785398238398,1.478517402933));
#14423 = CARTESIAN_POINT('',(0.981747797995,1.155026367976));
#14424 = CARTESIAN_POINT('',(1.178097357596,0.785398044853));
#14425 = CARTESIAN_POINT('',(1.374446917196,0.392698819199));
#14426 = CARTESIAN_POINT('',(1.570796476795,-3.000000106113E-07));
#14427 = ( GEOMETRIC_REPRESENTATION_CONTEXT(2) 
PARAMETRIC_REPRESENTATION_CONTEXT() REPRESENTATION_CONTEXT('2D SPACE',''
  ) );
#14428 = ORIENTED_EDGE('',*,*,#14429,.F.);
#14429 = EDGE_CURVE('',#14311,#14389,#14430,.T.);
#14430 = SURFACE_CURVE('',#14431,(#14436,#14449),.PCURVE_S1.);
#14431 = ELLIPSE('',#14432,2.828427124746,2.);
#14432 = AXIS2_PLACEMENT_3D('',#14433,#14434,#14435);
#14433 = CARTESIAN_POINT('',(3.18E+03,-25.,2.44E+03));
#14434 = DIRECTION('',(-0.707106781187,0.,0.707106781187));
#14435 = DIRECTION('',(0.707106781187,0.,0.707106781187));
#14436 = PCURVE('',#14211,#14437);
#14437 = DEFINITIONAL_REPRESENTATION('',(#14438),#14448);
#14438 = B_SPLINE_CURVE_WITH_KNOTS('',8,(#14439,#14440,#14441,#14442,
    #14443,#14444,#14445,#14446,#14447),.UNSPECIFIED.,.F.,.F.,(9,9),(
    1.570796176795,3.14159265359),.PIECEWISE_BEZIER_KNOTS.);
#14439 = CARTESIAN_POINT('',(1.570796176795,1.1350000003E+03));
#14440 = CARTESIAN_POINT('',(1.767145736394,1.134607301181E+03));
#14441 = CARTESIAN_POINT('',(1.963495295991,1.134214601955E+03));
#14442 = CARTESIAN_POINT('',(2.159844855601,1.133844973629E+03));
#14443 = CARTESIAN_POINT('',(2.356194415184,1.133521482589E+03));
#14444 = CARTESIAN_POINT('',(2.552543974796,1.133264363957E+03));
#14445 = CARTESIAN_POINT('',(2.748893534387,1.133088121568E+03));
#14446 = CARTESIAN_POINT('',(2.94524309399,1.133E+03));
#14447 = CARTESIAN_POINT('',(3.14159265359,1.133E+03));
#14448 = ( GEOMETRIC_REPRESENTATION_CONTEXT(2) 
PARAMETRIC_REPRESENTATION_CONTEXT() REPRESENTATION_CONTEXT('2D SPACE',''
  ) );
#14449 = PCURVE('',#14411,#14450);
#14450 = DEFINITIONAL_REPRESENTATION('',(#14451),#14461);
#14451 = B_SPLINE_CURVE_WITH_KNOTS('',8,(#14452,#14453,#14454,#14455,
    #14456,#14457,#14458,#14459,#14460),.UNSPECIFIED.,.F.,.F.,(9,9),(
    1.570796176795,3.14159265359),.PIECEWISE_BEZIER_KNOTS.);
#14452 = CARTESIAN_POINT('',(4.712388830385,-3.000000106113E-07));
#14453 = CARTESIAN_POINT('',(4.908738389984,0.392698819199));
#14454 = CARTESIAN_POINT('',(5.105087949584,0.785398044853));
#14455 = CARTESIAN_POINT('',(5.301437509181,1.155026367973));
#14456 = CARTESIAN_POINT('',(5.497787068786,1.478517402932));
#14457 = CARTESIAN_POINT('',(5.694136628381,1.735636042195));
#14458 = CARTESIAN_POINT('',(5.890486187981,1.911878431194));
#14459 = CARTESIAN_POINT('',(6.08683574758,2.));
#14460 = CARTESIAN_POINT('',(6.28318530718,2.));
#14461 = ( GEOMETRIC_REPRESENTATION_CONTEXT(2) 
PARAMETRIC_REPRESENTATION_CONTEXT() REPRESENTATION_CONTEXT('2D SPACE',''
  ) );
#14462 = ADVANCED_FACE('',(#14463),#14327,.T.);
#14463 = FACE_BOUND('',#14464,.T.);
#14464 = EDGE_LOOP('',(#14465,#14466,#14467));
#14465 = ORIENTED_EDGE('',*,*,#14364,.T.);
#14466 = ORIENTED_EDGE('',*,*,#14308,.T.);
#14467 = ORIENTED_EDGE('',*,*,#14468,.T.);
#14468 = EDGE_CURVE('',#14311,#14365,#14469,.T.);
#14469 = SURFACE_CURVE('',#14470,(#14474,#14480),.PCURVE_S1.);
#14470 = LINE('',#14471,#14472);
#14471 = CARTESIAN_POINT('',(3.18E+03,-25.,2.44E+03));
#14472 = VECTOR('',#14473,1.);
#14473 = DIRECTION('',(0.,-1.,0.));
#14474 = PCURVE('',#14327,#14475);
#14475 = DEFINITIONAL_REPRESENTATION('',(#14476),#14479);
#14476 = B_SPLINE_CURVE_WITH_KNOTS('',1,(#14477,#14478),.UNSPECIFIED.,
  .F.,.F.,(2,2),(-2.,2.),.PIECEWISE_BEZIER_KNOTS.);
#14477 = CARTESIAN_POINT('',(0.,2.));
#14478 = CARTESIAN_POINT('',(0.,-2.));
#14479 = ( GEOMETRIC_REPRESENTATION_CONTEXT(2) 
PARAMETRIC_REPRESENTATION_CONTEXT() REPRESENTATION_CONTEXT('2D SPACE',''
  ) );
#14480 = PCURVE('',#14481,#14486);
#14481 = PLANE('',#14482);
#14482 = AXIS2_PLACEMENT_3D('',#14483,#14484,#14485);
#14483 = CARTESIAN_POINT('',(3.18E+03,-25.,2.44E+03));
#14484 = DIRECTION('',(-1.,0.,0.));
#14485 = DIRECTION('',(0.,0.,-1.));
#14486 = DEFINITIONAL_REPRESENTATION('',(#14487),#14490);
#14487 = B_SPLINE_CURVE_WITH_KNOTS('',1,(#14488,#14489),.UNSPECIFIED.,
  .F.,.F.,(2,2),(-2.,2.),.PIECEWISE_BEZIER_KNOTS.);
#14488 = CARTESIAN_POINT('',(0.,-2.));
#14489 = CARTESIAN_POINT('',(0.,2.));
#14490 = ( GEOMETRIC_REPRESENTATION_CONTEXT(2) 
PARAMETRIC_REPRESENTATION_CONTEXT() REPRESENTATION_CONTEXT('2D SPACE',''
  ) );
#14491 = ADVANCED_FACE('',(#14492),#14411,.T.);
#14492 = FACE_BOUND('',#14493,.T.);
#14493 = EDGE_LOOP('',(#14494,#14495,#14518,#14559,#14588,#14622,#14623,
    #14624));
#14494 = ORIENTED_EDGE('',*,*,#14429,.T.);
#14495 = ORIENTED_EDGE('',*,*,#14496,.T.);
#14496 = EDGE_CURVE('',#14389,#14497,#14499,.T.);
#14497 = VERTEX_POINT('',#14498);
#14498 = CARTESIAN_POINT('',(1.76E+03,-25.,2.438E+03));
#14499 = SEAM_CURVE('',#14500,(#14504,#14511),.PCURVE_S1.);
#14500 = LINE('',#14501,#14502);
#14501 = CARTESIAN_POINT('',(3.18E+03,-25.,2.438E+03));
#14502 = VECTOR('',#14503,1.);
#14503 = DIRECTION('',(-1.,0.,0.));
#14504 = PCURVE('',#14411,#14505);
#14505 = DEFINITIONAL_REPRESENTATION('',(#14506),#14510);
#14506 = LINE('',#14507,#14508);
#14507 = CARTESIAN_POINT('',(0.,-0.));
#14508 = VECTOR('',#14509,1.);
#14509 = DIRECTION('',(0.,1.));
#14510 = ( GEOMETRIC_REPRESENTATION_CONTEXT(2) 
PARAMETRIC_REPRESENTATION_CONTEXT() REPRESENTATION_CONTEXT('2D SPACE',''
  ) );
#14511 = PCURVE('',#14411,#14512);
#14512 = DEFINITIONAL_REPRESENTATION('',(#14513),#14517);
#14513 = LINE('',#14514,#14515);
#14514 = CARTESIAN_POINT('',(6.28318530718,-0.));
#14515 = VECTOR('',#14516,1.);
#14516 = DIRECTION('',(0.,1.));
#14517 = ( GEOMETRIC_REPRESENTATION_CONTEXT(2) 
PARAMETRIC_REPRESENTATION_CONTEXT() REPRESENTATION_CONTEXT('2D SPACE',''
  ) );
#14518 = ORIENTED_EDGE('',*,*,#14519,.F.);
#14519 = EDGE_CURVE('',#14520,#14497,#14522,.T.);
#14520 = VERTEX_POINT('',#14521);
#14521 = CARTESIAN_POINT('',(1.758E+03,-23.,2.44E+03));
#14522 = SURFACE_CURVE('',#14523,(#14528,#14541),.PCURVE_S1.);
#14523 = ELLIPSE('',#14524,2.828427124746,2.);
#14524 = AXIS2_PLACEMENT_3D('',#14525,#14526,#14527);
#14525 = CARTESIAN_POINT('',(1.758E+03,-25.,2.44E+03));
#14526 = DIRECTION('',(-0.707106781187,0.,-0.707106781187));
#14527 = DIRECTION('',(-0.707106781187,0.,0.707106781187));
#14528 = PCURVE('',#14411,#14529);
#14529 = DEFINITIONAL_REPRESENTATION('',(#14530),#14540);
#14530 = B_SPLINE_CURVE_WITH_KNOTS('',8,(#14531,#14532,#14533,#14534,
    #14535,#14536,#14537,#14538,#14539),.UNSPECIFIED.,.F.,.F.,(9,9),(
    1.570796176795,3.14159265359),.PIECEWISE_BEZIER_KNOTS.);
#14531 = CARTESIAN_POINT('',(4.712388830385,1.4220000003E+03));
#14532 = CARTESIAN_POINT('',(4.908738389984,1.421607301181E+03));
#14533 = CARTESIAN_POINT('',(5.105087949584,1.421214601954E+03));
#14534 = CARTESIAN_POINT('',(5.301437509181,1.420844973627E+03));
#14535 = CARTESIAN_POINT('',(5.497787068786,1.420521482592E+03));
#14536 = CARTESIAN_POINT('',(5.694136628381,1.420264363957E+03));
#14537 = CARTESIAN_POINT('',(5.890486187981,1.420088121568E+03));
#14538 = CARTESIAN_POINT('',(6.08683574758,1.42E+03));
#14539 = CARTESIAN_POINT('',(6.28318530718,1.42E+03));
#14540 = ( GEOMETRIC_REPRESENTATION_CONTEXT(2) 
PARAMETRIC_REPRESENTATION_CONTEXT() REPRESENTATION_CONTEXT('2D SPACE',''
  ) );
#14541 = PCURVE('',#14542,#14547);
#14542 = CYLINDRICAL_SURFACE('',#14543,2.);
#14543 = AXIS2_PLACEMENT_3D('',#14544,#14545,#14546);
#14544 = CARTESIAN_POINT('',(1.758E+03,-25.,2.44E+03));
#14545 = DIRECTION('',(0.,0.,-1.));
#14546 = DIRECTION('',(-1.,0.,-0.));
#14547 = DEFINITIONAL_REPRESENTATION('',(#14548),#14558);
#14548 = B_SPLINE_CURVE_WITH_KNOTS('',8,(#14549,#14550,#14551,#14552,
    #14553,#14554,#14555,#14556,#14557),.UNSPECIFIED.,.F.,.F.,(9,9),(
    1.570796176795,3.14159265359),.PIECEWISE_BEZIER_KNOTS.);
#14549 = CARTESIAN_POINT('',(1.570796176795,-3.000000106113E-07));
#14550 = CARTESIAN_POINT('',(1.767145736394,0.392698819199));
#14551 = CARTESIAN_POINT('',(1.963495295994,0.785398044853));
#14552 = CARTESIAN_POINT('',(2.159844855583,1.155026367973));
#14553 = CARTESIAN_POINT('',(2.356194415202,1.478517402932));
#14554 = CARTESIAN_POINT('',(2.55254397478,1.735636042195));
#14555 = CARTESIAN_POINT('',(2.748893534393,1.911878431194));
#14556 = CARTESIAN_POINT('',(2.94524309399,2.));
#14557 = CARTESIAN_POINT('',(3.14159265359,2.));
#14558 = ( GEOMETRIC_REPRESENTATION_CONTEXT(2) 
PARAMETRIC_REPRESENTATION_CONTEXT() REPRESENTATION_CONTEXT('2D SPACE',''
  ) );
#14559 = ORIENTED_EDGE('',*,*,#14560,.F.);
#14560 = EDGE_CURVE('',#14561,#14520,#14563,.T.);
#14561 = VERTEX_POINT('',#14562);
#14562 = CARTESIAN_POINT('',(1.758E+03,-27.,2.44E+03));
#14563 = SURFACE_CURVE('',#14564,(#14569,#14576),.PCURVE_S1.);
#14564 = CIRCLE('',#14565,2.);
#14565 = AXIS2_PLACEMENT_3D('',#14566,#14567,#14568);
#14566 = CARTESIAN_POINT('',(1.758E+03,-25.,2.44E+03));
#14567 = DIRECTION('',(-1.,0.,0.));
#14568 = DIRECTION('',(0.,0.,-1.));
#14569 = PCURVE('',#14411,#14570);
#14570 = DEFINITIONAL_REPRESENTATION('',(#14571),#14575);
#14571 = LINE('',#14572,#14573);
#14572 = CARTESIAN_POINT('',(0.,1.422E+03));
#14573 = VECTOR('',#14574,1.);
#14574 = DIRECTION('',(1.,0.));
#14575 = ( GEOMETRIC_REPRESENTATION_CONTEXT(2) 
PARAMETRIC_REPRESENTATION_CONTEXT() REPRESENTATION_CONTEXT('2D SPACE',''
  ) );
#14576 = PCURVE('',#14577,#14582);
#14577 = PLANE('',#14578);
#14578 = AXIS2_PLACEMENT_3D('',#14579,#14580,#14581);
#14579 = CARTESIAN_POINT('',(1.758E+03,-25.,2.44E+03));
#14580 = DIRECTION('',(-1.,0.,0.));
#14581 = DIRECTION('',(0.,0.,-1.));
#14582 = DEFINITIONAL_REPRESENTATION('',(#14583),#14587);
#14583 = CIRCLE('',#14584,2.);
#14584 = AXIS2_PLACEMENT_2D('',#14585,#14586);
#14585 = CARTESIAN_POINT('',(0.,0.));
#14586 = DIRECTION('',(1.,0.));
#14587 = ( GEOMETRIC_REPRESENTATION_CONTEXT(2) 
PARAMETRIC_REPRESENTATION_CONTEXT() REPRESENTATION_CONTEXT('2D SPACE',''
  ) );
#14588 = ORIENTED_EDGE('',*,*,#14589,.F.);
#14589 = EDGE_CURVE('',#14497,#14561,#14590,.T.);
#14590 = SURFACE_CURVE('',#14591,(#14596,#14609),.PCURVE_S1.);
#14591 = ELLIPSE('',#14592,2.828427124746,2.);
#14592 = AXIS2_PLACEMENT_3D('',#14593,#14594,#14595);
#14593 = CARTESIAN_POINT('',(1.758E+03,-25.,2.44E+03));
#14594 = DIRECTION('',(-0.707106781187,0.,-0.707106781187));
#14595 = DIRECTION('',(-0.707106781187,0.,0.707106781187));
#14596 = PCURVE('',#14411,#14597);
#14597 = DEFINITIONAL_REPRESENTATION('',(#14598),#14608);
#14598 = B_SPLINE_CURVE_WITH_KNOTS('',8,(#14599,#14600,#14601,#14602,
    #14603,#14604,#14605,#14606,#14607),.UNSPECIFIED.,.F.,.F.,(9,9),(
    3.14159265359,4.712389130385),.PIECEWISE_BEZIER_KNOTS.);
#14599 = CARTESIAN_POINT('',(0.,1.42E+03));
#14600 = CARTESIAN_POINT('',(0.196349559599,1.42E+03));
#14601 = CARTESIAN_POINT('',(0.392699119199,1.420088121569E+03));
#14602 = CARTESIAN_POINT('',(0.589048678796,1.420264363957E+03));
#14603 = CARTESIAN_POINT('',(0.785398238398,1.420521482601E+03));
#14604 = CARTESIAN_POINT('',(0.981747797995,1.420844973627E+03));
#14605 = CARTESIAN_POINT('',(1.178097357596,1.421214601956E+03));
#14606 = CARTESIAN_POINT('',(1.374446917196,1.421607301181E+03));
#14607 = CARTESIAN_POINT('',(1.570796476795,1.4220000003E+03));
#14608 = ( GEOMETRIC_REPRESENTATION_CONTEXT(2) 
PARAMETRIC_REPRESENTATION_CONTEXT() REPRESENTATION_CONTEXT('2D SPACE',''
  ) );
#14609 = PCURVE('',#14542,#14610);
#14610 = DEFINITIONAL_REPRESENTATION('',(#14611),#14621);
#14611 = B_SPLINE_CURVE_WITH_KNOTS('',8,(#14612,#14613,#14614,#14615,
    #14616,#14617,#14618,#14619,#14620),.UNSPECIFIED.,.F.,.F.,(9,9),(
    3.14159265359,4.712389130385),.PIECEWISE_BEZIER_KNOTS.);
#14612 = CARTESIAN_POINT('',(3.14159265359,2.));
#14613 = CARTESIAN_POINT('',(3.337942213189,2.));
#14614 = CARTESIAN_POINT('',(3.534291772787,1.911878431195));
#14615 = CARTESIAN_POINT('',(3.730641332382,1.735636042196));
#14616 = CARTESIAN_POINT('',(3.926990891974,1.478517402933));
#14617 = CARTESIAN_POINT('',(4.123340451582,1.155026367976));
#14618 = CARTESIAN_POINT('',(4.319690011184,0.785398044853));
#14619 = CARTESIAN_POINT('',(4.516039570785,0.392698819199));
#14620 = CARTESIAN_POINT('',(4.712389130385,-3.000000106113E-07));
#14621 = ( GEOMETRIC_REPRESENTATION_CONTEXT(2) 
PARAMETRIC_REPRESENTATION_CONTEXT() REPRESENTATION_CONTEXT('2D SPACE',''
  ) );
#14622 = ORIENTED_EDGE('',*,*,#14496,.F.);
#14623 = ORIENTED_EDGE('',*,*,#14388,.T.);
#14624 = ORIENTED_EDGE('',*,*,#14625,.T.);
#14625 = EDGE_CURVE('',#14365,#14311,#14626,.T.);
#14626 = SURFACE_CURVE('',#14627,(#14632,#14639),.PCURVE_S1.);
#14627 = CIRCLE('',#14628,2.);
#14628 = AXIS2_PLACEMENT_3D('',#14629,#14630,#14631);
#14629 = CARTESIAN_POINT('',(3.18E+03,-25.,2.44E+03));
#14630 = DIRECTION('',(-1.,0.,0.));
#14631 = DIRECTION('',(0.,0.,-1.));
#14632 = PCURVE('',#14411,#14633);
#14633 = DEFINITIONAL_REPRESENTATION('',(#14634),#14638);
#14634 = LINE('',#14635,#14636);
#14635 = CARTESIAN_POINT('',(0.,0.));
#14636 = VECTOR('',#14637,1.);
#14637 = DIRECTION('',(1.,0.));
#14638 = ( GEOMETRIC_REPRESENTATION_CONTEXT(2) 
PARAMETRIC_REPRESENTATION_CONTEXT() REPRESENTATION_CONTEXT('2D SPACE',''
  ) );
#14639 = PCURVE('',#14481,#14640);
#14640 = DEFINITIONAL_REPRESENTATION('',(#14641),#14645);
#14641 = CIRCLE('',#14642,2.);
#14642 = AXIS2_PLACEMENT_2D('',#14643,#14644);
#14643 = CARTESIAN_POINT('',(0.,0.));
#14644 = DIRECTION('',(1.,0.));
#14645 = ( GEOMETRIC_REPRESENTATION_CONTEXT(2) 
PARAMETRIC_REPRESENTATION_CONTEXT() REPRESENTATION_CONTEXT('2D SPACE',''
  ) );
#14646 = ADVANCED_FACE('',(#14647),#14481,.F.);
#14647 = FACE_BOUND('',#14648,.F.);
#14648 = EDGE_LOOP('',(#14649,#14650));
#14649 = ORIENTED_EDGE('',*,*,#14468,.T.);
#14650 = ORIENTED_EDGE('',*,*,#14625,.T.);
#14651 = ADVANCED_FACE('',(#14652),#14542,.T.);
#14652 = FACE_BOUND('',#14653,.T.);
#14653 = EDGE_LOOP('',(#14654,#14685,#14708,#14735,#14736,#14737,#14759,
    #14760));
#14654 = ORIENTED_EDGE('',*,*,#14655,.F.);
#14655 = EDGE_CURVE('',#14656,#14658,#14660,.T.);
#14656 = VERTEX_POINT('',#14657);
#14657 = CARTESIAN_POINT('',(1.756E+03,-25.,2.317E+03));
#14658 = VERTEX_POINT('',#14659);
#14659 = CARTESIAN_POINT('',(1.76E+03,-25.,2.317E+03));
#14660 = SURFACE_CURVE('',#14661,(#14666,#14673),.PCURVE_S1.);
#14661 = CIRCLE('',#14662,2.);
#14662 = AXIS2_PLACEMENT_3D('',#14663,#14664,#14665);
#14663 = CARTESIAN_POINT('',(1.758E+03,-25.,2.317E+03));
#14664 = DIRECTION('',(0.,0.,-1.));
#14665 = DIRECTION('',(-1.,0.,-0.));
#14666 = PCURVE('',#14542,#14667);
#14667 = DEFINITIONAL_REPRESENTATION('',(#14668),#14672);
#14668 = LINE('',#14669,#14670);
#14669 = CARTESIAN_POINT('',(0.,123.));
#14670 = VECTOR('',#14671,1.);
#14671 = DIRECTION('',(1.,0.));
#14672 = ( GEOMETRIC_REPRESENTATION_CONTEXT(2) 
PARAMETRIC_REPRESENTATION_CONTEXT() REPRESENTATION_CONTEXT('2D SPACE',''
  ) );
#14673 = PCURVE('',#14674,#14679);
#14674 = PLANE('',#14675);
#14675 = AXIS2_PLACEMENT_3D('',#14676,#14677,#14678);
#14676 = CARTESIAN_POINT('',(1.758E+03,-25.,2.317E+03));
#14677 = DIRECTION('',(0.,0.,-1.));
#14678 = DIRECTION('',(-1.,0.,-0.));
#14679 = DEFINITIONAL_REPRESENTATION('',(#14680),#14684);
#14680 = CIRCLE('',#14681,2.);
#14681 = AXIS2_PLACEMENT_2D('',#14682,#14683);
#14682 = CARTESIAN_POINT('',(0.,0.));
#14683 = DIRECTION('',(1.,0.));
#14684 = ( GEOMETRIC_REPRESENTATION_CONTEXT(2) 
PARAMETRIC_REPRESENTATION_CONTEXT() REPRESENTATION_CONTEXT('2D SPACE',''
  ) );
#14685 = ORIENTED_EDGE('',*,*,#14686,.F.);
#14686 = EDGE_CURVE('',#14687,#14656,#14689,.T.);
#14687 = VERTEX_POINT('',#14688);
#14688 = CARTESIAN_POINT('',(1.756E+03,-25.,2.44E+03));
#14689 = SEAM_CURVE('',#14690,(#14694,#14701),.PCURVE_S1.);
#14690 = LINE('',#14691,#14692);
#14691 = CARTESIAN_POINT('',(1.756E+03,-25.,2.44E+03));
#14692 = VECTOR('',#14693,1.);
#14693 = DIRECTION('',(0.,0.,-1.));
#14694 = PCURVE('',#14542,#14695);
#14695 = DEFINITIONAL_REPRESENTATION('',(#14696),#14700);
#14696 = LINE('',#14697,#14698);
#14697 = CARTESIAN_POINT('',(6.28318530718,-0.));
#14698 = VECTOR('',#14699,1.);
#14699 = DIRECTION('',(0.,1.));
#14700 = ( GEOMETRIC_REPRESENTATION_CONTEXT(2) 
PARAMETRIC_REPRESENTATION_CONTEXT() REPRESENTATION_CONTEXT('2D SPACE',''
  ) );
#14701 = PCURVE('',#14542,#14702);
#14702 = DEFINITIONAL_REPRESENTATION('',(#14703),#14707);
#14703 = LINE('',#14704,#14705);
#14704 = CARTESIAN_POINT('',(0.,-0.));
#14705 = VECTOR('',#14706,1.);
#14706 = DIRECTION('',(0.,1.));
#14707 = ( GEOMETRIC_REPRESENTATION_CONTEXT(2) 
PARAMETRIC_REPRESENTATION_CONTEXT() REPRESENTATION_CONTEXT('2D SPACE',''
  ) );
#14708 = ORIENTED_EDGE('',*,*,#14709,.T.);
#14709 = EDGE_CURVE('',#14687,#14520,#14710,.T.);
#14710 = SURFACE_CURVE('',#14711,(#14716,#14723),.PCURVE_S1.);
#14711 = CIRCLE('',#14712,2.);
#14712 = AXIS2_PLACEMENT_3D('',#14713,#14714,#14715);
#14713 = CARTESIAN_POINT('',(1.758E+03,-25.,2.44E+03));
#14714 = DIRECTION('',(0.,0.,-1.));
#14715 = DIRECTION('',(-1.,0.,-0.));
#14716 = PCURVE('',#14542,#14717);
#14717 = DEFINITIONAL_REPRESENTATION('',(#14718),#14722);
#14718 = LINE('',#14719,#14720);
#14719 = CARTESIAN_POINT('',(0.,0.));
#14720 = VECTOR('',#14721,1.);
#14721 = DIRECTION('',(1.,0.));
#14722 = ( GEOMETRIC_REPRESENTATION_CONTEXT(2) 
PARAMETRIC_REPRESENTATION_CONTEXT() REPRESENTATION_CONTEXT('2D SPACE',''
  ) );
#14723 = PCURVE('',#14724,#14729);
#14724 = PLANE('',#14725);
#14725 = AXIS2_PLACEMENT_3D('',#14726,#14727,#14728);
#14726 = CARTESIAN_POINT('',(1.758E+03,-25.,2.44E+03));
#14727 = DIRECTION('',(0.,0.,-1.));
#14728 = DIRECTION('',(-1.,0.,-0.));
#14729 = DEFINITIONAL_REPRESENTATION('',(#14730),#14734);
#14730 = CIRCLE('',#14731,2.);
#14731 = AXIS2_PLACEMENT_2D('',#14732,#14733);
#14732 = CARTESIAN_POINT('',(0.,0.));
#14733 = DIRECTION('',(1.,0.));
#14734 = ( GEOMETRIC_REPRESENTATION_CONTEXT(2) 
PARAMETRIC_REPRESENTATION_CONTEXT() REPRESENTATION_CONTEXT('2D SPACE',''
  ) );
#14735 = ORIENTED_EDGE('',*,*,#14519,.T.);
#14736 = ORIENTED_EDGE('',*,*,#14589,.T.);
#14737 = ORIENTED_EDGE('',*,*,#14738,.T.);
#14738 = EDGE_CURVE('',#14561,#14687,#14739,.T.);
#14739 = SURFACE_CURVE('',#14740,(#14745,#14752),.PCURVE_S1.);
#14740 = CIRCLE('',#14741,2.);
#14741 = AXIS2_PLACEMENT_3D('',#14742,#14743,#14744);
#14742 = CARTESIAN_POINT('',(1.758E+03,-25.,2.44E+03));
#14743 = DIRECTION('',(0.,0.,-1.));
#14744 = DIRECTION('',(-1.,0.,-0.));
#14745 = PCURVE('',#14542,#14746);
#14746 = DEFINITIONAL_REPRESENTATION('',(#14747),#14751);
#14747 = LINE('',#14748,#14749);
#14748 = CARTESIAN_POINT('',(0.,0.));
#14749 = VECTOR('',#14750,1.);
#14750 = DIRECTION('',(1.,0.));
#14751 = ( GEOMETRIC_REPRESENTATION_CONTEXT(2) 
PARAMETRIC_REPRESENTATION_CONTEXT() REPRESENTATION_CONTEXT('2D SPACE',''
  ) );
#14752 = PCURVE('',#14724,#14753);
#14753 = DEFINITIONAL_REPRESENTATION('',(#14754),#14758);
#14754 = CIRCLE('',#14755,2.);
#14755 = AXIS2_PLACEMENT_2D('',#14756,#14757);
#14756 = CARTESIAN_POINT('',(0.,0.));
#14757 = DIRECTION('',(1.,0.));
#14758 = ( GEOMETRIC_REPRESENTATION_CONTEXT(2) 
PARAMETRIC_REPRESENTATION_CONTEXT() REPRESENTATION_CONTEXT('2D SPACE',''
  ) );
#14759 = ORIENTED_EDGE('',*,*,#14686,.T.);
#14760 = ORIENTED_EDGE('',*,*,#14761,.F.);
#14761 = EDGE_CURVE('',#14658,#14656,#14762,.T.);
#14762 = SURFACE_CURVE('',#14763,(#14768,#14788),.PCURVE_S1.);
#14763 = ELLIPSE('',#14764,2.828427124746,2.);
#14764 = AXIS2_PLACEMENT_3D('',#14765,#14766,#14767);
#14765 = CARTESIAN_POINT('',(1.758E+03,-25.,2.317E+03));
#14766 = DIRECTION('',(0.,-0.707106781187,-0.707106781187));
#14767 = DIRECTION('',(0.,0.707106781187,-0.707106781187));
#14768 = PCURVE('',#14542,#14769);
#14769 = DEFINITIONAL_REPRESENTATION('',(#14770),#14787);
#14770 = B_SPLINE_CURVE_WITH_KNOTS('',8,(#14771,#14772,#14773,#14774,
    #14775,#14776,#14777,#14778,#14779,#14780,#14781,#14782,#14783,
    #14784,#14785,#14786),.UNSPECIFIED.,.F.,.F.,(9,7,9),(1.570796176795,
    3.14159257859,4.712388980385),.UNSPECIFIED.);
#14771 = CARTESIAN_POINT('',(3.14159250359,123.0000003));
#14772 = CARTESIAN_POINT('',(3.337942053814,122.60730119955));
#14773 = CARTESIAN_POINT('',(3.534291604039,122.21460199279));
#14774 = CARTESIAN_POINT('',(3.730641154261,121.84497368399));
#14775 = CARTESIAN_POINT('',(3.926990704492,121.52148265962));
#14776 = CARTESIAN_POINT('',(4.123340254712,121.26436401822));
#14777 = CARTESIAN_POINT('',(4.319689804937,121.08812161941));
#14778 = CARTESIAN_POINT('',(4.51603935516,121.00000002945));
#14779 = CARTESIAN_POINT('',(4.908738455609,120.99999997054));
#14780 = CARTESIAN_POINT('',(5.105088005835,121.08812150138));
#14781 = CARTESIAN_POINT('',(5.301437556056,121.26436384534));
#14782 = CARTESIAN_POINT('',(5.497787106287,121.52148243715));
#14783 = CARTESIAN_POINT('',(5.694136656505,121.84497342415));
#14784 = CARTESIAN_POINT('',(5.890486206732,122.21460170584));
#14785 = CARTESIAN_POINT('',(6.086835756955,122.60730089955));
#14786 = CARTESIAN_POINT('',(6.28318530718,123.));
#14787 = ( GEOMETRIC_REPRESENTATION_CONTEXT(2) 
PARAMETRIC_REPRESENTATION_CONTEXT() REPRESENTATION_CONTEXT('2D SPACE',''
  ) );
#14788 = PCURVE('',#14789,#14794);
#14789 = CYLINDRICAL_SURFACE('',#14790,2.);
#14790 = AXIS2_PLACEMENT_3D('',#14791,#14792,#14793);
#14791 = CARTESIAN_POINT('',(1.758E+03,-25.,2.317E+03));
#14792 = DIRECTION('',(0.,-1.,0.));
#14793 = DIRECTION('',(0.,-0.,-1.));
#14794 = DEFINITIONAL_REPRESENTATION('',(#14795),#14812);
#14795 = B_SPLINE_CURVE_WITH_KNOTS('',8,(#14796,#14797,#14798,#14799,
    #14800,#14801,#14802,#14803,#14804,#14805,#14806,#14807,#14808,
    #14809,#14810,#14811),.UNSPECIFIED.,.F.,.F.,(9,7,9),(1.570796176795,
    3.14159257859,4.712388980385),.UNSPECIFIED.);
#14796 = CARTESIAN_POINT('',(1.570796176795,-3.000000106113E-07));
#14797 = CARTESIAN_POINT('',(1.767145727019,0.392698800449));
#14798 = CARTESIAN_POINT('',(1.963495277244,0.785398007356));
#14799 = CARTESIAN_POINT('',(2.159844827463,1.155026315014));
#14800 = CARTESIAN_POINT('',(2.356194377697,1.478517341167));
#14801 = CARTESIAN_POINT('',(2.552543927908,1.735635980803));
#14802 = CARTESIAN_POINT('',(2.748893478142,1.911878380709));
#14803 = CARTESIAN_POINT('',(2.945243028365,1.999999970548));
#14804 = CARTESIAN_POINT('',(3.337942128814,2.000000029452));
#14805 = CARTESIAN_POINT('',(3.534291679039,1.911878498517));
#14806 = CARTESIAN_POINT('',(3.73064122926,1.735636154058));
#14807 = CARTESIAN_POINT('',(3.926990779488,1.478517562935));
#14808 = CARTESIAN_POINT('',(4.123340329705,1.155026575363));
#14809 = CARTESIAN_POINT('',(4.319689879937,0.785398294136));
#14810 = CARTESIAN_POINT('',(4.51603943016,0.392699100449));
#14811 = CARTESIAN_POINT('',(4.712388980385,0.));
#14812 = ( GEOMETRIC_REPRESENTATION_CONTEXT(2) 
PARAMETRIC_REPRESENTATION_CONTEXT() REPRESENTATION_CONTEXT('2D SPACE',''
  ) );
#14813 = ADVANCED_FACE('',(#14814),#14577,.T.);
#14814 = FACE_BOUND('',#14815,.T.);
#14815 = EDGE_LOOP('',(#14816,#14835));
#14816 = ORIENTED_EDGE('',*,*,#14817,.T.);
#14817 = EDGE_CURVE('',#14520,#14561,#14818,.T.);
#14818 = SURFACE_CURVE('',#14819,(#14823,#14829),.PCURVE_S1.);
#14819 = LINE('',#14820,#14821);
#14820 = CARTESIAN_POINT('',(1.758E+03,-25.,2.44E+03));
#14821 = VECTOR('',#14822,1.);
#14822 = DIRECTION('',(-0.,-1.,-0.));
#14823 = PCURVE('',#14577,#14824);
#14824 = DEFINITIONAL_REPRESENTATION('',(#14825),#14828);
#14825 = B_SPLINE_CURVE_WITH_KNOTS('',1,(#14826,#14827),.UNSPECIFIED.,
  .F.,.F.,(2,2),(-2.,2.),.PIECEWISE_BEZIER_KNOTS.);
#14826 = CARTESIAN_POINT('',(0.,-2.));
#14827 = CARTESIAN_POINT('',(0.,2.));
#14828 = ( GEOMETRIC_REPRESENTATION_CONTEXT(2) 
PARAMETRIC_REPRESENTATION_CONTEXT() REPRESENTATION_CONTEXT('2D SPACE',''
  ) );
#14829 = PCURVE('',#14724,#14830);
#14830 = DEFINITIONAL_REPRESENTATION('',(#14831),#14834);
#14831 = B_SPLINE_CURVE_WITH_KNOTS('',1,(#14832,#14833),.UNSPECIFIED.,
  .F.,.F.,(2,2),(-2.,2.),.PIECEWISE_BEZIER_KNOTS.);
#14832 = CARTESIAN_POINT('',(0.,2.));
#14833 = CARTESIAN_POINT('',(0.,-2.));
#14834 = ( GEOMETRIC_REPRESENTATION_CONTEXT(2) 
PARAMETRIC_REPRESENTATION_CONTEXT() REPRESENTATION_CONTEXT('2D SPACE',''
  ) );
#14835 = ORIENTED_EDGE('',*,*,#14560,.T.);
#14836 = ADVANCED_FACE('',(#14837),#14674,.T.);
#14837 = FACE_BOUND('',#14838,.T.);
#14838 = EDGE_LOOP('',(#14839,#14863));
#14839 = ORIENTED_EDGE('',*,*,#14840,.T.);
#14840 = EDGE_CURVE('',#14658,#14656,#14841,.T.);
#14841 = SURFACE_CURVE('',#14842,(#14846,#14852),.PCURVE_S1.);
#14842 = LINE('',#14843,#14844);
#14843 = CARTESIAN_POINT('',(1.758E+03,-25.,2.317E+03));
#14844 = VECTOR('',#14845,1.);
#14845 = DIRECTION('',(-1.,-0.,-0.));
#14846 = PCURVE('',#14674,#14847);
#14847 = DEFINITIONAL_REPRESENTATION('',(#14848),#14851);
#14848 = B_SPLINE_CURVE_WITH_KNOTS('',1,(#14849,#14850),.UNSPECIFIED.,
  .F.,.F.,(2,2),(-2.,2.),.PIECEWISE_BEZIER_KNOTS.);
#14849 = CARTESIAN_POINT('',(-2.,0.));
#14850 = CARTESIAN_POINT('',(2.,0.));
#14851 = ( GEOMETRIC_REPRESENTATION_CONTEXT(2) 
PARAMETRIC_REPRESENTATION_CONTEXT() REPRESENTATION_CONTEXT('2D SPACE',''
  ) );
#14852 = PCURVE('',#14853,#14858);
#14853 = PLANE('',#14854);
#14854 = AXIS2_PLACEMENT_3D('',#14855,#14856,#14857);
#14855 = CARTESIAN_POINT('',(1.758E+03,-25.,2.317E+03));
#14856 = DIRECTION('',(0.,-1.,0.));
#14857 = DIRECTION('',(0.,-0.,-1.));
#14858 = DEFINITIONAL_REPRESENTATION('',(#14859),#14862);
#14859 = B_SPLINE_CURVE_WITH_KNOTS('',1,(#14860,#14861),.UNSPECIFIED.,
  .F.,.F.,(2,2),(-2.,2.),.PIECEWISE_BEZIER_KNOTS.);
#14860 = CARTESIAN_POINT('',(0.,2.));
#14861 = CARTESIAN_POINT('',(0.,-2.));
#14862 = ( GEOMETRIC_REPRESENTATION_CONTEXT(2) 
PARAMETRIC_REPRESENTATION_CONTEXT() REPRESENTATION_CONTEXT('2D SPACE',''
  ) );
#14863 = ORIENTED_EDGE('',*,*,#14655,.T.);
#14864 = ADVANCED_FACE('',(#14865),#14789,.T.);
#14865 = FACE_BOUND('',#14866,.T.);
#14866 = EDGE_LOOP('',(#14867,#14892,#14919,#14920,#14942,#14943));
#14867 = ORIENTED_EDGE('',*,*,#14868,.T.);
#14868 = EDGE_CURVE('',#14869,#14871,#14873,.T.);
#14869 = VERTEX_POINT('',#14870);
#14870 = CARTESIAN_POINT('',(1.758E+03,-25.,2.315E+03));
#14871 = VERTEX_POINT('',#14872);
#14872 = CARTESIAN_POINT('',(1.758E+03,-40.,2.315E+03));
#14873 = SEAM_CURVE('',#14874,(#14878,#14885),.PCURVE_S1.);
#14874 = LINE('',#14875,#14876);
#14875 = CARTESIAN_POINT('',(1.758E+03,-25.,2.315E+03));
#14876 = VECTOR('',#14877,1.);
#14877 = DIRECTION('',(0.,-1.,0.));
#14878 = PCURVE('',#14789,#14879);
#14879 = DEFINITIONAL_REPRESENTATION('',(#14880),#14884);
#14880 = LINE('',#14881,#14882);
#14881 = CARTESIAN_POINT('',(6.28318530718,-0.));
#14882 = VECTOR('',#14883,1.);
#14883 = DIRECTION('',(0.,1.));
#14884 = ( GEOMETRIC_REPRESENTATION_CONTEXT(2) 
PARAMETRIC_REPRESENTATION_CONTEXT() REPRESENTATION_CONTEXT('2D SPACE',''
  ) );
#14885 = PCURVE('',#14789,#14886);
#14886 = DEFINITIONAL_REPRESENTATION('',(#14887),#14891);
#14887 = LINE('',#14888,#14889);
#14888 = CARTESIAN_POINT('',(0.,-0.));
#14889 = VECTOR('',#14890,1.);
#14890 = DIRECTION('',(0.,1.));
#14891 = ( GEOMETRIC_REPRESENTATION_CONTEXT(2) 
PARAMETRIC_REPRESENTATION_CONTEXT() REPRESENTATION_CONTEXT('2D SPACE',''
  ) );
#14892 = ORIENTED_EDGE('',*,*,#14893,.F.);
#14893 = EDGE_CURVE('',#14871,#14871,#14894,.T.);
#14894 = SURFACE_CURVE('',#14895,(#14900,#14907),.PCURVE_S1.);
#14895 = CIRCLE('',#14896,2.);
#14896 = AXIS2_PLACEMENT_3D('',#14897,#14898,#14899);
#14897 = CARTESIAN_POINT('',(1.758E+03,-40.,2.317E+03));
#14898 = DIRECTION('',(0.,-1.,0.));
#14899 = DIRECTION('',(0.,-0.,-1.));
#14900 = PCURVE('',#14789,#14901);
#14901 = DEFINITIONAL_REPRESENTATION('',(#14902),#14906);
#14902 = LINE('',#14903,#14904);
#14903 = CARTESIAN_POINT('',(0.,15.));
#14904 = VECTOR('',#14905,1.);
#14905 = DIRECTION('',(1.,0.));
#14906 = ( GEOMETRIC_REPRESENTATION_CONTEXT(2) 
PARAMETRIC_REPRESENTATION_CONTEXT() REPRESENTATION_CONTEXT('2D SPACE',''
  ) );
#14907 = PCURVE('',#14908,#14913);
#14908 = PLANE('',#14909);
#14909 = AXIS2_PLACEMENT_3D('',#14910,#14911,#14912);
#14910 = CARTESIAN_POINT('',(1.758E+03,-40.,2.317E+03));
#14911 = DIRECTION('',(0.,-1.,0.));
#14912 = DIRECTION('',(0.,-0.,-1.));
#14913 = DEFINITIONAL_REPRESENTATION('',(#14914),#14918);
#14914 = CIRCLE('',#14915,2.);
#14915 = AXIS2_PLACEMENT_2D('',#14916,#14917);
#14916 = CARTESIAN_POINT('',(0.,0.));
#14917 = DIRECTION('',(1.,0.));
#14918 = ( GEOMETRIC_REPRESENTATION_CONTEXT(2) 
PARAMETRIC_REPRESENTATION_CONTEXT() REPRESENTATION_CONTEXT('2D SPACE',''
  ) );
#14919 = ORIENTED_EDGE('',*,*,#14868,.F.);
#14920 = ORIENTED_EDGE('',*,*,#14921,.T.);
#14921 = EDGE_CURVE('',#14869,#14658,#14922,.T.);
#14922 = SURFACE_CURVE('',#14923,(#14928,#14935),.PCURVE_S1.);
#14923 = CIRCLE('',#14924,2.);
#14924 = AXIS2_PLACEMENT_3D('',#14925,#14926,#14927);
#14925 = CARTESIAN_POINT('',(1.758E+03,-25.,2.317E+03));
#14926 = DIRECTION('',(0.,-1.,0.));
#14927 = DIRECTION('',(0.,-0.,-1.));
#14928 = PCURVE('',#14789,#14929);
#14929 = DEFINITIONAL_REPRESENTATION('',(#14930),#14934);
#14930 = LINE('',#14931,#14932);
#14931 = CARTESIAN_POINT('',(0.,0.));
#14932 = VECTOR('',#14933,1.);
#14933 = DIRECTION('',(1.,0.));
#14934 = ( GEOMETRIC_REPRESENTATION_CONTEXT(2) 
PARAMETRIC_REPRESENTATION_CONTEXT() REPRESENTATION_CONTEXT('2D SPACE',''
  ) );
#14935 = PCURVE('',#14853,#14936);
#14936 = DEFINITIONAL_REPRESENTATION('',(#14937),#14941);
#14937 = CIRCLE('',#14938,2.);
#14938 = AXIS2_PLACEMENT_2D('',#14939,#14940);
#14939 = CARTESIAN_POINT('',(0.,0.));
#14940 = DIRECTION('',(1.,0.));
#14941 = ( GEOMETRIC_REPRESENTATION_CONTEXT(2) 
PARAMETRIC_REPRESENTATION_CONTEXT() REPRESENTATION_CONTEXT('2D SPACE',''
  ) );
#14942 = ORIENTED_EDGE('',*,*,#14761,.T.);
#14943 = ORIENTED_EDGE('',*,*,#14944,.T.);
#14944 = EDGE_CURVE('',#14656,#14869,#14945,.T.);
#14945 = SURFACE_CURVE('',#14946,(#14951,#14958),.PCURVE_S1.);
#14946 = CIRCLE('',#14947,2.);
#14947 = AXIS2_PLACEMENT_3D('',#14948,#14949,#14950);
#14948 = CARTESIAN_POINT('',(1.758E+03,-25.,2.317E+03));
#14949 = DIRECTION('',(0.,-1.,0.));
#14950 = DIRECTION('',(0.,-0.,-1.));
#14951 = PCURVE('',#14789,#14952);
#14952 = DEFINITIONAL_REPRESENTATION('',(#14953),#14957);
#14953 = LINE('',#14954,#14955);
#14954 = CARTESIAN_POINT('',(0.,0.));
#14955 = VECTOR('',#14956,1.);
#14956 = DIRECTION('',(1.,0.));
#14957 = ( GEOMETRIC_REPRESENTATION_CONTEXT(2) 
PARAMETRIC_REPRESENTATION_CONTEXT() REPRESENTATION_CONTEXT('2D SPACE',''
  ) );
#14958 = PCURVE('',#14853,#14959);
#14959 = DEFINITIONAL_REPRESENTATION('',(#14960),#14964);
#14960 = CIRCLE('',#14961,2.);
#14961 = AXIS2_PLACEMENT_2D('',#14962,#14963);
#14962 = CARTESIAN_POINT('',(0.,0.));
#14963 = DIRECTION('',(1.,0.));
#14964 = ( GEOMETRIC_REPRESENTATION_CONTEXT(2) 
PARAMETRIC_REPRESENTATION_CONTEXT() REPRESENTATION_CONTEXT('2D SPACE',''
  ) );
#14965 = ADVANCED_FACE('',(#14966),#14724,.F.);
#14966 = FACE_BOUND('',#14967,.F.);
#14967 = EDGE_LOOP('',(#14968,#14969,#14970));
#14968 = ORIENTED_EDGE('',*,*,#14738,.T.);
#14969 = ORIENTED_EDGE('',*,*,#14709,.T.);
#14970 = ORIENTED_EDGE('',*,*,#14817,.T.);
#14971 = ADVANCED_FACE('',(#14972),#14853,.F.);
#14972 = FACE_BOUND('',#14973,.F.);
#14973 = EDGE_LOOP('',(#14974,#14975,#14976));
#14974 = ORIENTED_EDGE('',*,*,#14840,.T.);
#14975 = ORIENTED_EDGE('',*,*,#14944,.T.);
#14976 = ORIENTED_EDGE('',*,*,#14921,.T.);
#14977 = ADVANCED_FACE('',(#14978),#14908,.T.);
#14978 = FACE_BOUND('',#14979,.T.);
#14979 = EDGE_LOOP('',(#14980));
#14980 = ORIENTED_EDGE('',*,*,#14893,.T.);
#14981 = ( GEOMETRIC_REPRESENTATION_CONTEXT(3) 
GLOBAL_UNCERTAINTY_ASSIGNED_CONTEXT((#14985)) 
GLOBAL_UNIT_ASSIGNED_CONTEXT((#14982,#14983,#14984)) 
REPRESENTATION_CONTEXT('Context #1',
  '3D Context with UNIT and UNCERTAINTY') );
#14982 = ( LENGTH_UNIT() NAMED_UNIT(*) SI_UNIT(.MILLI.,.METRE.) );
#14983 = ( NAMED_UNIT(*) PLANE_ANGLE_UNIT() SI_UNIT($,.RADIAN.) );
#14984 = ( NAMED_UNIT(*) SI_UNIT($,.STERADIAN.) SOLID_ANGLE_UNIT() );
#14985 = UNCERTAINTY_MEASURE_WITH_UNIT(LENGTH_MEASURE(1.E-07),#14982,
  'distance_accuracy_value','confusion accuracy');
#14986 = CONTEXT_DEPENDENT_SHAPE_REPRESENTATION(#14987,#14989);
#14987 = ( REPRESENTATION_RELATIONSHIP('','',#13514,#10) 
REPRESENTATION_RELATIONSHIP_WITH_TRANSFORMATION(#14988) 
SHAPE_REPRESENTATION_RELATIONSHIP() );
#14988 = ITEM_DEFINED_TRANSFORMATION('','',#11,#63);
#14989 = PRODUCT_DEFINITION_SHAPE('Placement','Placement of an item',
  #14990);
#14990 = NEXT_ASSEMBLY_USAGE_OCCURRENCE('13','=>[0:1:1:14]','',#5,#13509
  ,$);
#14991 = PRODUCT_RELATED_PRODUCT_CATEGORY('part',$,(#13511));
ENDSEC;
END-ISO-10303-21;
